q1_rad,q2_rad,x_m,y_m
-0.788287681898749,-0.6683077361985768,0.22861111599931982,-0.3617670313958722
2.8319215077704234,-0.16690867470977944,-0.41901551638301937,0.16023505213927536
1.4576609265440963,2.2276869716667624,-0.09449752787813206,0.22047911445670185
0.6198895383354297,-1.0052820907216633,0.38318043033736826,0.11789513767635434
-2.1612986243157413,2.3225774684153997,-0.01898008969485107,-0.22511124679072883
-2.1614501754128375,-2.5878276918204115,-0.1615391858464709,-0.09927506536079916
-2.776642555026645,1.7391758737195397,-0.20398196539617663,-0.23623866058170467
2.3007525789727232,2.1837061815545615,-0.2339453745741456,0.07744064685300808
0.6353243561202211,-1.9991986486963476,0.2722810617285844,0.031231396931607536
1.3073585636350948,-0.43764564439309916,0.17487726554877264,0.40427171443407856
-3.012256461474685,-2.10172690108158,-0.2388613627309862,0.09937306903547202
2.952530678803174,1.298132027699105,-0.36147842875048347,-0.07791141782593815
2.088798716157191,0.22209657692659324,-0.2496978236082508,0.3714032796731592
-1.8074266732364683,0.8502616637560916,0.016047548586842694,-0.4142743834996512
-1.9991526911557285,-1.9070286297582464,-0.23286294337621458,-0.16905887980404666
-1.9892281320082241,-1.8111541642859552,-0.24050847674972584,-0.18229414499779995
-1.2299822628030639,-2.8808572676587008,0.015388241560481491,-0.15907590110908093
0.15554924748987276,-1.1179826485284399,0.3821067069198024,-0.07661089019933584
-0.427602058948239,0.37538677827416667,0.42278439388872735,-0.13223572145754392
-1.3117459988749123,2.248971392554605,0.16565276591804884,-0.16910232069294745
0.7027924646851598,1.048836085237375,0.201934832403909,0.3414594441832286
-2.265126877899127,-0.40591687160446366,-0.32565927142500567,-0.29855101088447256
-1.3059936903421663,2.84703764514878,0.08297783409579004,-0.13960963740372476
-0.8396733026956396,1.377558222927708,0.3291309490373866,-0.14647939847149039
-0.27602042971168705,2.7028076822859006,0.17536115920193351,0.016561904783512715
1.7918134105853962,0.1733403483185345,-0.12339887707118197,0.43118904191547025
-1.8870052793034098,-1.5148491182435522,-0.2382381120245109,-0.24652631576081468
0.0894376142963571,-2.8096727939959876,0.161920750322998,-0.03455440807591868
0.5806578612433215,1.420533017019208,0.18824617300753504,0.30089240864850436
-2.8497361028750756,-2.3794234388045865,-0.21320215445162305,0.04409366643357057
0.6757242333299223,-1.2392004162519543,0.36088677678302217,0.10751954058383421
-2.0701579851181284,0.20402073132688603,-0.18731947796719467,-0.40687197096002015
-2.732861440336058,0.4047413578763548,-0.378334621719275,-0.22823518324958803
2.8204310122755585,0.6319828654587232,-0.42747321834904206,0.04882461384066654
2.9256523487662305,-2.0969796046962657,-0.19165441684291007,0.17483504512082354
1.9377176864584964,-0.7556321710279033,-0.05077366907819622,0.4188406266737907
-1.2276478947550764,0.7363530459075927,0.23319449946765392,-0.35327520712092186
-2.5279006619437125,2.951958987302791,-0.10854423421663412,-0.1110475002151308
1.1575702452784116,1.4302486198512572,-0.00711210523500215,0.3536341438928897
-0.3760329720066755,2.6552977173316465,0.18143790578666696,0.003733841851207134
-2.374803809498947,1.647526952164954,-0.10399456620417206,-0.30787359142640536
-0.030304367524073506,0.5762747113637778,0.428055834010079,0.06879722325834338
-2.925523202983018,-1.9350742419971911,-0.2708743300238436,0.08403794197968623
2.5718359362702436,1.0473168388886895,-0.38582751499873896,0.09288611733892783
-1.5156300754083631,0.7752166760454826,0.12726994409478987,-0.40073258893158353
1.021157629142202,0.643832786255977,0.14260552364407172,0.40514904675092756
-1.1830542002196682,-0.0641772841818784,0.1611220004646024,-0.41994573697193305
0.12609109580858968,0.1800547531390806,0.4406436487487078,0.08293506385617949
0.29348934086394873,-1.0402282811053114,0.3972582536267184,-0.015099123693817482
-1.9801178546651192,0.1213452266521946,-0.16199796519984527,-0.41904040622561756
2.95048723364767,-1.9003122896842224,-0.21992556656365092,0.18710983083517516
1.7287105132653915,1.9174672896221043,-0.17848387290017495,0.2237505833109906
2.7614532921570927,-1.9743216214143047,-0.17270188868164896,0.2175646896925038
2.480773407079649,-2.6077337093507365,-0.08805419765808417,0.16513622836891126
0.6151237084390031,-0.40057803046702345,0.3915716030756516,0.2050533995516775
2.6507139949748755,0.9946749779217088,-0.3959391280666893,0.06900724380846839
-2.5855778649016132,-0.39133673046206674,-0.4027802575816898,-0.18293186240714096
-1.9101960119788217,-1.4026951580120905,-0.24768096224670005,-0.25731710725658646
-2.857421216423534,0.3655003279216591,-0.4074106437952666,-0.17484742506613793
-1.0974818993581756,-0.9613126781708559,0.06642283864257613,-0.39950967531445436
-0.699461217778456,2.719787910556427,0.16437535995234925,-0.058043961465823246
-1.4366564040306435,2.655557731308029,0.09182299812887235,-0.15649683151516747
2.065518687422217,0.014902584399945074,-0.21561367850968516,0.39496929995697105
-0.9000453930211942,-1.081436759914912,0.12658659007273154,-0.37253362224048986
-1.3764290700423412,1.4899468992283822,0.2069782885708007,-0.2773598959653818
0.2682674023740246,-2.9109184265136743,0.15755605432261868,0.007743893593473411
-2.256139633802694,-0.15853101051206764,-0.3019651744776082,-0.33194646607817146
1.898759629347814,-1.0284104442496664,4.927566460460886e-05,0.39869321569423066
-2.6731771445802766,2.6423048944181344,-0.11775690539297967,-0.14007201261588942
3.059200846306049,-3.066175408988398,-0.14898596273946885,0.023643410287083392
1.710564334401254,0.33184565111404707,-0.10994267380317249,0.43069995132709277
-1.8930252030681032,1.5121338765310481,0.044245596580262905,-0.34032178907107147
-3.1068961684142495,-0.0941347606609253,-0.4495545510576927,-0.0014963647167606023
1.9821026122492986,-2.6049895892827655,0.0018875420776512386,0.18747244522620832
1.2997230235455435,2.968562464032959,0.015882433816646502,0.15359578559346085
1.4388944734739377,0.11316287779826473,0.042266595522011285,0.44736773122341517
1.7044418565706465,0.7174533325872305,-0.15277518979043442,0.3961983953045514
-2.676356385738927,-1.6549295433470286,-0.323906369073145,0.00464804789019202
-0.8892860548729935,-0.10368458919725843,0.2709205819510522,-0.35863449260712077
-2.4135658812247813,-0.44516687113368114,-0.36798582480225567,-0.24148483743239083
2.281446110448101,-2.6710081995540853,-0.05693660238600051,0.17041394685881125
0.7747049788856772,-2.4745674799753568,0.19508200915647744,0.061099205124433814
-1.062499045660882,2.1204023768455587,0.2196121573931614,-0.13137305678963077
-2.742243760924076,-1.6347594535168346,-0.32576432557628154,0.024996946641089146
-1.1876330989933492,-1.916633706596469,-0.03773866473372339,-0.28384358285826417
-1.098405582491488,0.03085955833180387,0.20884626177408278,-0.3985478494339598
1.4426581661713795,1.6885880271236031,-0.1116556343715134,0.29909240123364045
0.8642990829118515,-2.752371198223369,0.1479551045149004,0.08567880404592107
2.432929414908286,0.48259839214611944,-0.3739531603624369,0.22886746826940169
-0.1745787739813256,-2.3925713506715307,0.16951563550126794,-0.13361303103279418
-2.390159844687034,-2.912501114757939,-0.13572538790054056,-0.080187529619314
1.3398565139121592,-2.8101926283215657,0.08371144397734046,0.14279179534821204
1.638560785801804,2.0996150148820476,-0.1444027965181406,0.21503859039373854
0.3850159874337993,-2.4003496778064726,0.2135316904462323,-0.02274927099487735
1.7025370038183842,-2.857898264115369,0.02113022399180598,0.16015929921908312
-0.03898341776307168,-0.39018651667784754,0.4361687928265461,-0.07410948704644982
0.14283457956356527,2.1613747286718237,0.19653358989911018,0.1541389268456129
-0.45527320882275646,-1.4928321979513621,0.21417925381591643,-0.2713612214874454
-2.9818795699099585,-0.49189413129871085,-0.4379818872202267,0.0012053583819460964
-2.4636908247348237,-2.890751983559833,-0.1438408643833205,-0.0680179185931646
-2.9441172558662854,-0.31994913180750073,-0.4430459238681388,-0.0405331591370461
0.8570918917989099,0.4876573679041827,0.23001061548209653,0.3729665954878778
-1.1664357720669933,0.4455221583108693,0.2307097381352688,-0.3748169373139753
0.0538512407984344,-1.052894145605511,0.3807312256082579,-0.10999545675122212
2.5608156806714195,-1.159039208919538,-0.22557854151333015,0.31246462154430066
-1.5752433822075356,-2.4716566976890464,-0.09395067967156602,-0.18200478197210374
-0.5630807012549135,-0.836930834607013,0.27917776635791763,-0.3079558974984965
1.6056751589266982,-2.5164492119844835,0.08150863897890379,0.1813207523243495
-1.7040113818631875,1.6750717227684238,0.11009077362355983,-0.3016823396179745
-2.6579136152055116,2.929687816726881,-0.1210925844646733,-0.0992456584494619
-1.321030581908068,2.95356491940868,0.06489827419409393,-0.14097688308834613
-2.128609430310853,2.293809367671373,-0.010841796673526582,-0.22985698755509326
2.699869975728417,0.6332957518097455,-0.4184608590678167,0.09968871449064315
1.9359774417217421,1.2620763976391292,-0.2568965153098563,0.271753050283459
0.8382005228288558,-1.3495917446658552,0.33145018888868566,0.14962360597285132
2.3339557224637257,0.8216547826423111,-0.35734767674676476,0.21469413754201674
1.9080279317732254,-0.2786620993261568,-0.10804317387600944,0.43284507722918353
-1.9693384008374226,-0.11298838649758025,-0.18984938340590113,-0.40728777988040765
2.4665209315133616,1.6196578966844841,-0.3221103740172052,0.06594782234537802
0.24719459635592145,-1.3702473838769118,0.3558206935345201,-0.061808504126628624
1.9317034657638503,-1.143290838289685,-0.00019111945504902972,0.38705833007057133
2.488715035980955,2.6681030628338727,-0.17381032399281898,0.04681397768083284
-1.1435178920145268,-2.7883249902756315,0.01876850418866248,-0.1664496710396161
-2.450116018370658,-0.09026236513662633,-0.3547889791089983,-0.2761492366439456
-1.7094337893166744,2.5937039239146493,0.05361999424289696,-0.18110367817046275
-0.4579952715113351,0.6934312291791898,0.4149441184125643,-0.09765522146166677
1.998145704710364,0.2915842468388612,-0.22312539336976833,0.38589652462591906
2.2665371005665795,-1.5724036961022831,-0.07699501007074955,0.3262316741961657
-3.097911129182621,-0.9847291443851649,-0.3880550873010423,0.10812603929167446
0.06752729364717425,2.211985433599896,0.20168729936432123,0.13412248728104312
-0.5189219715502928,0.37207849544620064,0.4088919763165685,-0.17073074170816785
-1.7460481222302726,0.09262793520819379,-0.06468630714993825,-0.44489308895340196
-2.3884563387191133,-2.5159148605819315,-0.19024347148898152,-0.05793487117814175
-1.0202939691456003,-3.0408847764497877,0.06601221896063315,-0.1363759318580462
2.782883744030401,2.9134199647152608,-0.15600451945024899,0.022254616480882894
-1.1108487398796214,-0.7729187062831642,0.08698732506376386,-0.4115361798272883
0.11806495845068721,0.6485067952926196,0.40595547290420947,0.13938775423464062
1.2756057396090776,-2.6407280769786987,0.11791070827627143,0.14018548009002338
-0.8568404786646582,1.1505409895897305,0.3400254603695815,-0.1833087804260875
2.964294250342924,2.7178967885163257,-0.17158106012977434,-0.031908127563617536
2.905642048925218,0.4754188058974136,-0.43740740521824817,0.03455230157622659
-1.559597831851921,-2.3491867130303965,-0.10461992072510852,-0.19586371044356884
-0.017288147349754812,0.513471500701622,0.4318660636432171,0.06622470899795485
-1.2511184781000384,1.673508895987382,0.23109496625405612,-0.22330971953682796
-1.351887044427519,-0.5880022423931042,0.0110340757046316,-0.43273871295929395
-2.9098251279450857,2.386590956978014,-0.16204742816744755,-0.14386207553821428
0.6884130134534048,0.9342025479630598,0.2239071588026712,0.34039237981613785
0.016832799389175257,2.50855493730206,0.17754584946975643,0.09174093845039101
-2.818142120103907,0.7760067569879108,-0.3525552622708852,-0.22899617370520103
-1.390805283600774,-2.3166859968796767,-0.07290983966690953,-0.21472740342133456
2.565210216128335,-1.1957422446183639,-0.22153625018781764,0.31046859192392817
-1.6363809019909095,-1.8736775996668908,-0.15959342371001725,-0.2453273294838091
-2.2311913221805546,2.5687326436402778,-0.042492891315932646,-0.18724977408997712
-0.0662702616553168,1.6361418767692868,0.29948018565318535,0.1301334062894684
3.0514317976928202,1.1083436397457946,-0.377518511396335,-0.1006617060985206
-1.6207145281033681,-1.2505654961244728,-0.15952236097027328,-0.33968121259471507
1.081559542303931,-1.9852052459806753,0.23379821219105112,0.14696935146703416
1.6438045231033733,1.6113297080621498,-0.1709171682137981,0.28220615891841777
-1.648471928742505,-0.1623704147599061,-0.05894135346112167,-0.4447944854064098
1.4339256084562102,-1.7229150570023013,0.1847129848560585,0.2544467863970179
-0.8307430778597014,0.732757499702275,0.3515786579429422,-0.23620412436906152
0.8313020508397702,-2.8881675864515177,0.13210120997755231,0.08901644495254152
0.8389919167247935,-1.092204505212119,0.345680837057029,0.18561365596770263
0.22477896934751396,-0.19756222959855085,0.44239746609070485,0.07094927615221319
-2.5742852969953116,-2.211943022638806,-0.24193944854586266,-0.0116176796747621
2.1067677137469483,3.0451738926575613,-0.08937273672802155,0.12219057212823661
-1.1260720625232694,-1.8277951646303559,-0.018301995606856608,-0.29881251223195093
-1.9696622895284062,-2.322559782157077,-0.177698999870982,-0.13949747464387863
-2.8853948832747327,-1.8627453244849956,-0.2848465990769879,0.07388286920495744
0.5710972051666698,1.6905609586022692,0.15681226932220427,0.2777712091523138
1.115669789406148,-0.4680617471311872,0.2515021571806416,0.35995369539494193
-3.0373682505922788,0.41102047150849197,-0.42889787857102446,-0.10512293559474772
0.07598292622490854,-3.009588227096862,0.1523671323387202,-0.00820070696781804
-1.7184777267278588,-2.9252543614549764,-0.05443399536626593,-0.14708786594885662
0.9121475437029165,-0.3403881093514247,0.30975718632683247,0.3184128615102429
-2.0460160688002587,1.9896035715258193,0.012501230220845594,-0.2752150482753047
1.1996971906315181,2.4205272624497125,-0.0243518944225639,0.2104940218550277
-0.7116628079472473,-2.5967992220368927,0.07926664873063624,-0.17101375932081062
2.7440554484353568,0.24104247945897672,-0.4247721278588852,0.139523143681683
-2.2775230779022237,2.5963986933203422,-0.05236611614325157,-0.18112256867536286
-0.998609567897454,-0.7038879435709995,0.1427434198254636,-0.4009166645011707
-2.4286174921769934,2.07072318977915,-0.08643028385454582,-0.2487715502486331
2.668428702420801,-2.3015580822334956,-0.1270211137840901,0.19051587666718117
2.3708930809840254,2.735664260307667,-0.1576209806803418,0.07049374966235436
-1.5208976082199406,1.5797392945950284,0.16470380336057058,-0.2908054345863225
1.0052094074250961,2.772985772311685,0.04015541665364429,0.1641122276304191
1.9931658674154606,1.1097188068518138,-0.2728645132469676,0.27944079896246177
0.34683692838613034,-0.8582584074797039,0.41294324050160247,0.028564836969984395
0.18630007827583706,2.75317350509006,0.14786237502437366,0.08567913849694178
-1.6219898928963519,-1.4101555335371192,-0.164453856636874,-0.3159912964903375
-2.556610710854015,-1.0544911435227284,-0.38388518564387897,-0.09778800082884817
2.4957802141525454,1.2617165015465117,-0.36202104581197037,0.0938997330092525
2.5159008534980334,1.6670314749331654,-0.3189271158498254,0.04623520361994371
0.8363011207035886,2.6980216605727305,0.06248363187879233,0.1652439329151558
-1.0114056517764318,-1.8547811661328342,0.014853716451058513,-0.2950642107793755
-0.9474441852570887,1.872376876457813,0.26541128979618167,-0.12379081475660901
1.4197214015512767,1.4988290577894778,-0.10113408534955737,0.3297625833091531
2.495117350664298,-2.7407596350591454,-0.09396638413616315,0.14423610259823808
2.4321357335512683,-0.7085979021378948,-0.25043697179620295,0.3436801987428723
1.7585099175714891,-1.3649248884118614,0.08254707796039068,0.3522553116196825
0.8924111522711504,-1.228422893111672,0.3298725477168703,0.18411745365573723
-2.6129256617862975,3.034444737766326,-0.12217378496274386,-0.08994277402179923
-2.1260494919721857,0.8970969465741874,-0.1078638208799283,-0.39625083072021344
2.504189821468227,1.3676996363714213,-0.3528396863012538,0.07846945918912435
0.6687135039100749,2.9946769359203147,0.10534729989826519,0.11122720386288436
-3.0838058740028136,-0.7715639562100072,-0.4128833997034266,0.08087765008042289
-2.5040281463570966,1.896517711539281,-0.11790360274895421,-0.26419582007405795
1.0273119133576056,-0.41135408944039575,0.27756950999697605,0.34343469215452427
-3.1097897843361744,2.3218485372560043,-0.19405235968054635,-0.11587466121652462
-2.131205867647186,-2.006487844391424,-0.240996797230364,-0.12820755118631227
0.3062034293113185,2.81289520995768,0.13608341105454674,0.0938060710763528
1.205713086661052,-1.7670094696759773,0.23409298172153803,0.20038559586786953
0.9548007529672438,-1.0918887572265286,0.3219241402790276,0.2243607378765369
-1.732467023535892,1.6097032811532364,0.10058089636420903,-0.31445626207651234
1.3331613660596426,-0.6675561334796116,0.1886028899105764,0.3841995232521932
-1.650912672888135,0.6799121325686119,0.06066188731545163,-0.42285535633743887
-1.09704605115481,-0.348254963708972,0.15564294067800524,-0.41577944110157994
1.5487511749836207,1.5228552276245582,-0.1430197843990274,0.3104164744420897
0.9401712327641452,-1.7069450835374234,0.2849178356727323,0.1382253939305168
2.1942354017401637,-2.7742902870957558,-0.04968432687859492,0.16135215042557344
0.9903110091235963,-1.2570806701957973,0.3092230715972858,0.2113164641486165
0.4291956128313936,-0.16142341942050553,0.41744464386922286,0.16452940438718688
-2.5530167287188634,-2.085891530341208,-0.2605318328983375,-0.01695791521587442
-0.8311661225890181,-0.9123355361936318,0.17642722578337722,-0.36938387707808373
-1.4752770335427374,-0.6284252299262998,-0.047593537628570506,-0.4278326072138329
-1.6085605112063481,-2.780989064575685,-0.05891564553052824,-0.15753534371734795
2.9720129677614313,0.5234348777725573,-0.43640330665877913,-0.0013470831994120136
-0.6716868056778775,2.4149009795402296,0.2090971937541987,-0.038916252927953254
2.4633011552192094,-2.188163812454543,-0.08923557915114691,0.22899095428727598
0.8239682880697212,0.6145458727288169,0.2235788406045741,0.3688437146111
1.8523540508033465,1.0350869518122767,-0.22853725247950102,0.3259007962584881
0.016569344652207718,-0.5068351507884734,0.43228997929377705,-0.06565848420588107
0.48320135794937347,1.2635334062364443,0.23939879313191995,0.28706932514748484
-0.047012716261133125,-0.560890254331873,0.4227956619332368,-0.09977072645212194
-1.9148447813272766,0.029136939684979435,-0.1476501652557621,-0.42504261921151787
1.3977078621621102,-3.0953921120823806,0.032685488861254997,0.14672318762056133
-1.3774478712393066,1.2046130042218701,0.20540898795083748,-0.32020625373779765
-2.9888109305778103,1.013745949766486,-0.35550743821227404,-0.18356495871077683
0.914029392245598,-2.9003128253900994,0.1226225204148282,0.10035313151930708
-2.0287734349948288,-0.8278089894373881,-0.27658919127479065,-0.31125970693201077
2.767482905627351,3.0098458237333956,-0.1480360381965885,0.036949661655846316
2.852117365531594,-0.4980268654654152,-0.39336075656668607,0.19192375922873103
2.6066698411051403,0.012223340940899607,-0.38806359985548033,0.22781553743774535
-0.8158169468200924,2.5756671467189474,0.17739263896518648,-0.07115833010216313
-3.044475867716904,1.3650966262499962,-0.31484181166288105,-0.17820585844974454
2.691204899243476,0.5156618420380235,-0.4197640729210832,0.12081023431270492
-0.45123230411523885,1.8711619982115257,0.29251736933136835,0.01747373132963498
2.932078702539733,2.2893807718280534,-0.22033476404655367,-0.06858433283506557
2.91301022816213,-0.27088023422458507,-0.4238725850017502,0.1398222013976498
2.2180238238879832,-0.15639875573196793,-0.2515966242172198,0.3716189646214977
-1.2915157012228646,-0.7159630868792464,0.019258928828335256,-0.42430016070396315
-0.7219522634099445,2.9324011617344903,0.13561759124657738,-0.07790986236119604
2.2062567752866604,1.2388321120287635,-0.3212090603542177,0.19661077403306182
-1.1503129672699763,-2.6186867067727992,0.0010276621176451423,-0.18581038448889967
-2.076638317938225,2.2805425722997947,0.001529270812791833,-0.23205590538394513
0.3568928577075572,-0.12214549410826248,0.42698203134431517,0.1396989646943081
2.7404412686632496,-2.7095991189448196,-0.12625494116173241,0.12176916294562073
1.231691538237592,0.3123827271554145,0.10380073035084811,0.432862296800118
0.44020731450930795,-0.520472185249496,0.4209160777448795,0.11581130000225325
-2.531014735726072,2.373469510428677,-0.09765273337275357,-0.1955364623621782
0.7226117170156949,-1.8598567574473666,0.28803873695337306,0.062281838397113154
3.0790991507018948,2.0512376376754053,-0.23853151065878986,-0.11835272293588692
-2.261418827284944,0.3624687368468571,-0.23944952686752635,-0.37325073489616567
0.11516860241754046,-2.798465998818302,0.16349142521685242,-0.03188873587716069
2.3711049408629545,2.9646914645500093,-0.12770056927847517,0.08716150170280035
1.5127938415031554,0.07926391639570962,0.014202015983402098,0.44946159586278955
1.2378864091045667,-1.3139594768832958,0.24760454328072606,0.27212866301952365
1.2722450214455225,-0.19222248091331728,0.15893704449163726,0.4190243461065086
-0.8828431341847525,2.2484867674569395,0.2210446754465074,-0.08490969680995866
-1.2969006913993713,-1.2258298223404123,-0.041035688982843876,-0.37583365495884097
1.9437734667146964,-1.9309711501442492,0.04067085944151856,0.2812942857338924
1.9484999250078125,-2.3306140912943305,0.02854568413514344,0.22292174201630732
2.3063833987748517,-1.270086858019067,-0.12489516583807009,0.35150961548417725
2.596466968153594,1.759594025793751,-0.30884392395589516,0.014980059006018787
0.0712663938712148,-0.1782768053164112,0.44838046469309917,0.005340880779674744
0.009527160499966936,-1.7122835836088932,0.28024976771052446,-0.1458377791413575
1.874243885686547,-2.097421505768172,0.0566362540920176,0.25309416501384696
0.9422511664697506,-1.0509916955142238,0.3255046111442466,0.22638617592836155
1.2689953157225444,2.7641263559856792,-0.005061380762216183,0.1697358282813659
1.8585201545723384,-0.986292253074037,0.011337207369937291,0.40253222809227684
2.4504758334296852,3.066974022118777,-0.12302946574284271,0.08725933549243765
-1.0179064501623638,-0.09279978332885319,0.22414894510890443,-0.3897050133729184
-0.7817353639353706,-2.0158725546123932,0.07169485771371922,-0.2619397753285927
-2.5510867100414094,2.4576056778058533,-0.0998526512593658,-0.1810361494101497
0.4918486317511066,-0.24909453702787276,0.4100403466933235,0.17773338923540705
-2.9157606869634773,1.317403904844232,-0.296515990764787,-0.2171182195003436
-0.2161540270079847,3.039249512532318,0.15056279750503027,-0.01737147324467747
0.2679441422246862,-2.826331629676744,0.16408988905444188,-0.0031804682972533527
-1.341200868316515,-2.5340428162483533,-0.04313511699838063,-0.19168968664742286
0.5707222082104231,1.385170558827478,0.19610603133154522,0.30108631212608294
-2.9499539313074528,-1.370833933687845,-0.3517583508253196,0.08150451049031002
-2.906927062790959,-1.983592824180258,-0.26519909063556363,0.07787116313191313
2.0269591028246614,-2.8942746686435,-0.035120546042985396,0.15493554883098876
-0.8784481076909549,-3.004325713827906,0.0808532045849961,-0.12965079390188272
-2.343247907372765,1.7246439085545973,-0.08716462985630272,-0.30184532760211075
0.13975852476012163,-2.2969225179476425,0.21407403323561713,-0.0831522128978264
1.696419525862403,-0.20281735145487234,-0.026020287332353835,0.4471892348145463
-1.7855491446412266,0.6653693132128398,0.0013963067357668918,-0.428135546563854
0.7721436320582504,-0.45017891395169807,0.35721736181251684,0.25676641214963475
-2.605338715535926,-2.971276533903948,-0.14379961877059333,-0.05589148790276589
-2.816866822493445,1.781292475623684,-0.20781667221623118,-0.22473800229031882
0.1970069603810165,-3.075536115618596,0.14935736187385515,0.0197145389109063
0.25531799905607677,1.6455027364514212,0.24166499189231322,0.21767109863297207
0.8634975378606695,2.4712050166172377,0.04772304675150099,0.19924916742739143
1.4205737461268635,-0.4219792212425961,0.12612012878354284,0.4227279532974085
2.98986679406985,0.2233199447489116,-0.4461692445803561,0.03461337584717192
0.10241810894798009,-0.14461760932587886,0.44829441450680196,0.024343698766115585
-1.112397287946815,-0.6961227796273395,0.09743024869538902,-0.41481010738435165
1.85470956185297,2.4342601482799253,-0.14566633182592512,0.15123658705527648
-1.4399034317495585,2.475157246247357,0.11570198606156513,-0.16843493848514798
-0.38345387274039133,-1.0315962053636412,0.30148099985242,-0.2604221294924993
-2.648636671085589,0.7230045877259195,-0.31639680691288596,-0.2826251314638325
-2.9823092350357108,2.6823393219987492,-0.15290055131165795,-0.09190694060805726
2.906905721494267,2.9031991716057544,-0.15825080933777977,0.0014169735483472862
2.111025356706718,0.05629131114623709,-0.23856480189145923,0.38137157854288095
1.231342252314107,-0.296410490300854,0.18897270997413407,0.40356475853365553
-0.5720655219182227,-1.3905046225532143,0.19496110203110173,-0.30104594141310476
-2.0527523279029785,2.883177011507958,-0.03786962945522951,-0.1550943088105505
-2.158669725580199,-2.244263914070801,-0.21205879010808937,-0.10676164994477239
-1.5692701526159702,0.5015840193014411,0.07278075211899623,-0.43141273265173385
0.3093002564029521,-1.3662769641770198,0.3594901242397299,-0.039313372447584344
1.348345948489678,-1.3885318630952215,0.21606498325736448,0.286581667566713
1.0065498036415619,-0.5970999755184532,0.2980347839862426,0.3132132392570761
-1.3827161053175205,3.134008445641891,0.029164362566395482,-0.14714628215876732
2.8580028482091,-2.796229162063898,-0.13830326363386544,0.0932013195994745
1.4947504116061783,0.4934927981355992,-0.03802239324235972,0.4362520242837912
0.3415165841253005,-2.622776483440429,0.18484655758916213,-0.01323400089236973
0.7019621512468213,-2.1707096449401697,0.2443537694398482,0.04449552440258281
-0.5051677064518665,-0.37973723626168,0.3575324570798757,-0.2612644795054646
-1.5850529402230602,0.06572294358712849,0.003439702750133399,-0.44977089797336955
-0.904950349330826,-1.5155519957441965,0.0726544352574725,-0.3349489426544591
1.6200948927831282,-1.153233858527454,0.11916424331695297,0.36714834000913477
-3.0511556973122547,-2.5951627497085252,-0.17817957226980247,0.06210779689373135
-2.412286744191199,-1.2364065628934282,-0.35481456209010165,-0.1270589552833395
-2.852549529147274,2.931473131256472,-0.13802204491835826,-0.07368429836357024
-2.885686041280218,2.794178886518841,-0.14085784162033496,-0.08964370530904252
2.2334247187394354,-1.0374903013076664,-0.12963573760726246,0.37609712672236106
1.2796200697482112,0.4451884113825533,0.06311314725838806,0.4355965906686714
-0.16227061761922723,2.573563743316762,0.18431270298072372,0.05159609794457567
-2.5268824928471734,-3.1027385500303066,-0.1259939360307838,-0.0818135282147177
-0.052679010279477634,1.952082444327253,0.2511750876922981,0.12617752274563465
-0.1666817800570417,2.8171889862700175,0.1635689923650585,0.02096418950115344
-2.0533332093951557,-2.5677761414578013,-0.1528813056175683,-0.11637064111198495
-0.4156223456021295,-2.1271869248296005,0.1505562723231192,-0.20567350204881318
-0.637713561582713,2.894954399910297,0.14596908196405572,-0.06258233142018288
0.7279076339170008,0.23587167895043493,0.30953341911852583,0.3227956832566402
0.8488184422248284,-3.0523925684656597,0.10955305678874618,0.10419184175461364
-2.8569391650337628,-1.5228430642994775,-0.33690390902229617,0.057531694406438294
-0.7878321774846206,-0.3145131703652968,0.2793407768067812,-0.3464880501256765
0.7908011731785511,1.2120824353748345,0.14816771806266688,0.34948913042271473
0.019705693829922932,1.4649898621255755,0.3128409189060559,0.15535566825121447
2.239891732313251,3.112825170873907,-0.09646424248122999,0.11502994356738745
0.9971014945311252,-1.335106509972178,0.30433442591615,0.20222956760941085
-2.1178454553180304,0.2401439824989109,-0.20136725701085179,-0.3992099252058129
-2.698196136777345,0.20937802629456614,-0.39015016412504955,-0.21981192830150448
0.894846716285044,-0.592848319503859,0.3309031230083268,0.27864827054643637
-2.9750171767205997,-2.078717127664426,-0.2456342415820935,0.09160391290893927
0.5389438719722133,2.999948062613181,0.11915895742579805,0.09592954673993305
2.766048184697415,2.219957356037521,-0.23856013494859488,-0.03438625962933081
0.4742182455011812,-0.010473892129132967,0.401052581082662,0.20408794830496352
-0.7026490765599904,0.6487101228418419,0.37872172418239225,-0.20195938534809535
0.9003064288089329,-1.7136693409695698,0.2894697952329424,0.1260649360467011
-0.2623048250809199,0.2751222773298623,0.4397261444732271,-0.07586960288954896
0.2866187403905891,1.225033475767705,0.2966280276963952,0.23455088213074315
2.773805200141509,0.09529724991219046,-0.4244031001564503,0.14823510819569666
-0.715638232696687,3.08055258014734,0.11941554169383362,-0.09169264651770133
2.8977457744282873,0.6995802586127535,-0.4258156871041771,0.0064130992008410576
2.5468931977941525,-0.810696073280814,-0.2731922265298353,0.31603081681090883
-1.9114006722056678,1.7099816212349674,0.046750516188549515,-0.31277486980418784
-2.7057827470440907,-2.0705451053950896,-0.2623742352548315,0.023050068073981467
-2.5083857960482216,-0.7256085425323762,-0.39120031615057893,-0.16367934811243684
-3.0271015463859876,-0.9615852743828945,-0.3973604325836745,0.07813157266263052
-2.5481900302016056,-0.42846865807270884,-0.3966772155751877,-0.1923836313964881
1.1498654698439967,1.7704748621349946,-0.02376043913239269,0.30673043180173887
-2.69430118354651,-0.09944377176808228,-0.4115028579645622,-0.1808887962910041
-1.1374096599796846,1.8473472740095804,0.23974441198008017,-0.17449665235893091
2.1669154866922673,0.4805939523706879,-0.30049114647423475,0.3193899108078293
-2.9953707689048246,-0.992307007714214,-0.39623647192837413,0.06859322016788412
1.9758637493738611,1.947653887849981,-0.22465798136516996,0.17002575695591532
-1.3706468739751552,-1.644374496717944,-0.08915534079329976,-0.31294610287053504
-2.399141144851994,-1.7317528117305443,-0.3034350739041464,-0.0774825127315446
1.2361360667921923,0.02829270626068947,0.14377408873017442,0.42637189440366274
0.8101718003532756,-1.502628503971922,0.3222641828932661,0.12155718857898402
2.371726609264673,-3.0844971290984833,-0.10191821692023792,0.11072187075895648
1.4769949285719441,0.9317808446148934,-0.08339477237342373,0.3990260701329533
1.9068269228032717,0.06970453607584481,-0.15812683750531997,0.4210431679382007
-1.3695171710930856,-0.34232166747960235,0.038890545130838075,-0.44245399154748144
-2.02670711920039,2.934049709965275,-0.03970783605155234,-0.15117762196885798
1.5746589252723018,0.4473576665589558,-0.0665683757786892,0.4349851108798227
1.9278995254963522,2.283507949731356,-0.17691149446818577,0.1495072720896408
3.081934701314667,-2.265400978382808,-0.19675357896267792,0.12720327237948648
-0.5490393285373445,0.4348370322966857,0.4049307781039695,-0.1736535301480271
-0.8041340829315029,2.3120841840170376,0.2175412759647227,-0.06636518491547261
1.7367538536481222,0.5221688730830882,-0.14482269216988639,0.4117437796534528
-1.0002608568372446,1.369823480764409,0.3018976479627953,-0.1983024263607189
2.7065280991922904,-0.8039739746814596,-0.32090867265255507,0.26826137490548885
2.251973736285815,-2.5607152064866474,-0.04600492169261358,0.18747057167387005
-0.4461436839192805,-0.26452024709418165,0.38432467066363035,-0.2272975390502927
1.5762694071439904,-0.6630055410859299,0.09003293167437591,0.4187209140453194
1.59934004649614,2.3063071447740615,-0.11686747354981576,0.19609959931236345
-2.4936462761003466,-1.6085249548278988,-0.3251543716883837,-0.05813659401365477
2.5293145086114883,2.9325776408064046,-0.1433109725318848,0.06261585900818728
0.03300162939221085,2.8785667030144912,0.15378752118987413,0.04409887242731231
2.05119275446724,-1.58567715225059,-0.00460069472124941,0.33337607704279154
-1.1306617028255648,-0.9547177207995694,0.05399258197248963,-0.4019829919079716
2.485145737935561,2.4853500192293296,-0.19936213381771276,0.03806058009987259
-0.69616638423767,2.9318738823379302,0.13764348878314936,-0.07433851564863658
-3.0734976810444494,-0.35538259802146355,-0.44315712380990163,0.022090101163272254
2.547090078032939,-1.124708732770849,-0.22634755338909962,0.31638002785988595
-2.568021547265907,0.1639535206674383,-0.3630108695608974,-0.26365921517788926
-1.1352858974996312,1.1797887185779565,0.2764134587779139,-0.26532322725442237
2.8278227386939605,-1.423301596697662,-0.26052651861500886,0.24052521819830383
2.8312482049481655,1.4858047763086706,-0.3434362748762584,-0.04681408805390404
0.46142385964652943,-2.8170199063593517,0.16262331721560674,0.02743758015296864
0.8283576344448007,-2.8318662209275414,0.13992584813334397,0.08487183322316741
-0.32392633882513433,-0.7144754202751833,0.36053759385056927,-0.22472645349824383
-1.299295040949726,-0.9206550867520056,-0.010223472214536539,-0.4085001543337568
-1.0765324111306787,-1.158410672337052,0.04985701593209384,-0.3822118904616465
1.0839654284405542,-0.05642449525369031,0.21788701438026262,0.39355052967296905
1.5857159352691932,-1.1263641216906541,0.12997529406774566,0.36647169211423924
1.8320451634197257,-1.933600525082147,0.0717409884190209,0.27461331891662905
1.8197244594993807,-1.1971381297368042,0.04794636662434716,0.3782238407291842
-2.5685278069891546,2.9839115492380737,-0.11482871044270601,-0.1021317818510299
-0.035058259511278944,-0.5584908723433659,0.42415978433089463,-0.09441131811824433
-2.779940298353738,-0.3473798681184639,-0.43057876170971887,-0.10828685608992535
0.31119914569752183,0.4809463561992118,0.390938067540261,0.19863938172963877
-0.3673746946889547,3.0369196144611594,0.14638619040547363,-0.039543309036164084
2.436017224639018,-1.6235670632927734,-0.1252132967802035,0.30343774982333505
-0.9367286026538322,1.139029093351894,0.3246690545215285,-0.21154878991106094
-2.4060388960165087,1.3570718530370467,-0.1476677701111931,-0.33133567317052626
-2.24314941786652,0.6743391986958098,-0.18655068501851818,-0.3847071823404222
1.6431197588784734,-2.585038531450468,0.0665574934520331,0.17791249778488757
0.7427859984719576,1.1113212847272438,0.17904571794888566,0.3469230749309913
-2.5062201407523976,-2.738873706939374,-0.16527541216257863,-0.04882773452593153
-2.6131340051742393,0.6040820830452285,-0.32272965969108586,-0.2870848502133266
1.2627262939805854,1.505332932596442,-0.04869053889250573,0.3406122864701113
-2.6844092010960776,-1.8160297365892362,-0.3007448084425019,0.014216609966291816
2.0223063955011167,2.146474378401952,-0.208481546620917,0.14155957544535833
1.295858131389692,-2.9508740686478343,0.06882822349847553,0.1392642499383915
-2.6304631903036335,2.1602399333572073,-0.12793769844817474,-0.21471159888728644
-2.6085415749550127,-0.24925992612324377,-0.4023783146698544,-0.1944486171302014
3.0576466495306525,-1.77444730639181,-0.2563962719531596,0.16899347195624104
-0.7899798887885261,-2.301039778541953,0.06134966161226066,-0.22068444980918653
-0.8127793609176086,2.848212934992758,0.13903003472165107,-0.08376259581165976
1.965377645084473,-2.6850213013622977,-0.002520416644797227,0.17807976935421174
2.810145690075233,-1.8906518026922496,-0.1927383310079872,0.21691770897315132
3.053634743485511,-0.9561603906897655,-0.37423990906293847,0.1560256127519259
1.5920220907788094,0.755457836403469,-0.11150493345534401,0.40691871955475395
-0.7774839540964624,0.2814935207524809,0.34572889943814067,-0.2818319964560211
-2.6169421772897525,-2.352151308122012,-0.22156555812206946,-0.005188366356146529
1.7413654300854065,-1.321178043087077,0.08602891093914214,0.3568362295577892
0.3669647238168574,-1.6414710334389826,0.3238222804325245,-0.035828773166358546
-0.47612715810698925,-1.7998633278028917,0.16940574555146676,-0.2517250163438228
2.5531999019352405,-0.5582965994886386,-0.31127620038631787,0.3032184203735624
-2.4429182665684213,1.2819674251264068,-0.16993850731175902,-0.33053833146088496
-0.04633783636165578,-1.7752955848793377,0.26244573681184086,-0.15920212389130747
-3.0702555996042094,-0.8376813041869493,-0.40730459181704237,0.08264294445248929
-0.1969109937589466,-0.6853860209409515,0.38950953748748096,-0.17452234527244806
-2.787828739079591,2.993664665258347,-0.13458905583691053,-0.07327149992157357
-2.3950376678645493,2.856752973211436,-0.0859163823130992,-0.13691154394707897
-2.4031534666319256,1.8858200500802402,-0.09148486908801501,-0.2761249830856834
0.9375159779354778,-1.6232048729498139,0.29363511136388976,0.14684621597899283
1.5459455703072829,-2.7141016013490518,0.06623178796304782,0.1619029299767442
0.5238213999361796,-1.1504252316791475,0.3812777729443985,0.06209826054295242
2.903915765956987,-1.4652730605515494,-0.27180087556855503,0.21932569967088988
-0.7862113362325589,0.03723290041310445,0.32181718793620706,-0.31443810480910916
-1.3464106709799795,1.7450159239316507,0.20499272399747967,-0.23425929863347886
2.3159766264792214,2.25140942478905,-0.22510559987878564,0.07206387330419595
-1.736698566257869,2.1668449544252333,0.08679303237246341,-0.23333034871360347
2.910513053767666,-0.881684451961442,-0.35835352050273733,0.20324721766415793
-3.065223836802253,1.1764280758315788,-0.3460256343407256,-0.16536780601772086
2.9523357401242203,-1.1759974201222974,-0.32525795690303905,0.20328131493902568
-2.8704109289627686,-2.758911839208702,-0.16997545964755129,0.010877469660037331
2.4576246649921947,1.266471915274158,-0.35778464071724914,0.10704454096913996
0.1740512016036182,-3.079844319677767,0.14961820710933305,0.016909055107282883
3.097389163933568,-0.5706226321168919,-0.42223801870787886,0.09977920291849379
-2.6779151623240076,-1.0720416682214426,-0.39141175263842365,-0.04844321257669948
0.3383764484790497,1.2150269087602084,0.2855972707704202,0.24956412467361894
2.9487147964240474,1.6728696425510954,-0.3080389689166444,-0.09187676187161889
0.1451280351174029,-1.2309097048628976,0.3667794182154831,-0.08931448135697846
0.8130356219005295,1.9580102784801445,0.06636955545789058,0.2722318367930742
1.2299252865278127,-1.294859182451372,0.24997632312538667,0.27300590704019073
-0.2856269139311558,-0.337241426315285,0.4096768364245702,-0.17203279350044356
0.8014710545962243,1.4263994733927587,0.11707477486775685,0.3342814680185137
0.5297624458601802,1.2121535497229097,0.23333527561856413,0.29940771720939086
2.520550117374376,3.0622264244145763,-0.12929486085923156,0.0778854615538842
-2.8560446243638498,-1.726864214486743,-0.3072200258084191,0.06423937316557393
-1.3762488688855792,1.0198735294439505,0.19857189704560774,-0.34667251972345836
2.8300188189347857,0.6891517545417836,-0.4249897301058226,0.03666660955708669
2.452099672867715,2.60814051028471,-0.1803388213591307,0.04982771493065982
-0.2786168393694406,-2.159140342607581,0.17407617559439356,-0.17957979798523085
0.7548153734199303,1.582094521824219,0.11451843433504683,0.31363786805447724
-1.398755280194648,0.42894436668140656,0.13617641028294694,-0.4192880427681715
-1.959592546843872,-1.4158160961547244,-0.2596408281071058,-0.24285611254681716
-0.2280896487082873,-0.16063017180726025,0.4310392922537717,-0.12468572729059338
-0.9214151261973273,-1.044412443000439,0.12368254832891992,-0.3773851217658565
0.5256268528371715,0.49834080706287365,0.33750002032119286,0.2786532782085636
-2.6531715247524614,2.444162922354593,-0.11818687975249642,-0.171893190682808
2.980710485330343,0.4354560597730579,-0.44050702894243043,0.00738619130913435
3.054952205907089,0.8276363634557558,-0.40954421790188983,-0.07529382654871479
1.2450867699743853,0.11779619753239157,0.12695713249348672,0.43099674096228446
0.22680015865594916,-2.8201102952571766,0.16430412469449654,-0.01072510423411277
-1.1967732827732178,-1.6784991903748758,-0.035102897034482355,-0.31873697334812523
1.971632257288829,-0.05025461611518445,-0.16857301779242911,0.4170965270762445
1.1607001891685913,-1.1923268769963742,0.26953423648751224,0.2703815368162229
-2.119840289599458,-1.9995382867565572,-0.2403905783022104,-0.13151784549954673
2.581931647932386,0.02596741161882754,-0.38337063258564585,0.2355771975063583
2.0265612657530685,-1.113318902384583,-0.04036738953038023,0.38810081701206844
2.826176206366469,-1.5198545023318424,-0.24598985311947288,0.237848215586342
1.4182374986495425,-0.22628629598280536,0.10106748021101838,0.43587949393748393
0.7126086927146487,-2.304142961529551,0.223887190701177,0.04617521868949942
-0.5136941531383981,2.687605705268161,0.17619892117751768,-0.02388349445372856
2.7189132486080423,2.3103404190652723,-0.22685960215637643,-0.019470895867124083
2.3000472519979773,1.3045186137929514,-0.33410266502869534,0.1567105742895561
-2.857475369968383,-2.474231492666699,-0.20090085864031593,0.03804812041001221
-2.9759240668338807,1.733387911869019,-0.24753300723585142,-0.19146424373313578
-0.7762035581302738,1.934952959212871,0.27414637582491747,-0.07272717792163944
1.9512641250640943,1.6824147118052855,-0.243608826071872,0.20767746978910112
3.061646216250999,-2.42552386612249,-0.17838098009118647,0.11307049768338008
-2.196495453456473,0.9042003614344098,-0.13446198741599796,-0.3873864419211106
0.5914407276548395,2.1006246444784376,0.11394358298110799,0.23244825541168374
-0.7483848195667124,0.48602575400378356,0.36470378803197767,-0.2430407603199454
2.9525592399808582,0.9199046688958576,-0.40634486332121356,-0.043754908351972606
2.1495965911543866,-0.2616099743107134,-0.21089073951152215,0.3936531861149327
2.1257819464381225,0.1803734105039836,-0.2587073412856618,0.3662108970329314
-0.19670667839046185,-2.9255964822872396,0.1442425686085567,-0.06152541995023846
-0.5352048513702274,0.8731304179038153,0.3995659158796623,-0.10327557265547013
-1.4237253563557875,-2.6298447222413337,-0.047865098159249435,-0.17815398864487864
-2.787374961347736,-0.40831534602261366,-0.4311559991660744,-0.09594632859670027
2.2916182756853756,-1.3027864438547294,-0.1155508027758961,0.35068671536605395
1.9660150231677687,0.28543222930552137,-0.2098978656046912,0.39344820431936905
3.1398187425293846,-2.3033130944926365,-0.1994904093852098,0.11187810730732073
3.1204612777069043,1.204131007496664,-0.3566554678396017,-0.13252273179029114
0.34828767819433315,1.8536121542774326,0.1934821367441258,0.22349317293196128
1.6900977748783985,-2.1152063751011863,0.10094349748941558,0.23600464789366407
2.7945454991342764,-2.4861741957939065,-0.13918996891064345,0.14756282371583695
2.1968993477979923,-2.227291910173114,-0.0258667006105589,0.23853699297470426
-1.5874586949581722,2.369562355853126,0.1014163965487987,-0.19424234834183268
-0.3107403623734819,0.17711835528777664,0.43429511471684384,-0.11171279671058497
-2.3300601140260113,-0.20570522885735354,-0.329820978467385,-0.30301925405726743
2.852886743181802,-2.471102519703475,-0.14838373334067617,0.14130010328271284
0.667114903176933,0.9396881042557936,0.23028316665265305,0.33551937571644636
-1.7049875374581163,2.3122096288433127,0.08304878301684118,-0.21171470688275326
1.0788272174915585,2.062052632157079,-0.008291246546647313,0.26452825102806393
0.7422216248080282,0.7920250953689694,0.22657183727615976,0.35267787452297733
-0.8911899260663447,-2.668602527180662,0.05147285034576904,-0.17242863776613995
-2.428089258762393,-2.4353813038668037,-0.20424595637215948,-0.04805465143091492
1.0780261816545273,-2.831775150269435,0.11463042179563562,0.11681111265463484
0.12759704794131155,-1.5238030236201983,0.32361687022582797,-0.10954433843628206
1.7110269178281436,-2.2892065163772815,0.08368739928743044,0.21508008798269246
0.12669101392817606,-1.5076626279148548,0.3258986404999756,-0.10939988636492314
2.2128216282619144,-0.7222015354852744,-0.1676320558850469,0.38978352493180046
0.3261402867299874,2.783342920209267,0.13426312164760315,0.10093234087984314
0.38288456740046684,0.6935132370847032,0.3494525910898518,0.24411745621813485
2.3665843821191714,2.1047023684935127,-0.25014054182284207,0.0642552880982179
-0.6064350369053533,1.3216774586189022,0.3597456594014221,-0.07261247606101479
-2.2995501392504116,-2.4347146368531534,-0.19650103946271197,-0.07383735029389576
-2.9607457646765156,1.4823316309926327,-0.28126988999809754,-0.20331918451458947
1.6030746561626046,-1.4130954029559653,0.13761940559476274,0.3281695082112489
0.7559272053774571,0.8740403803505252,0.20942023763493745,0.35552657314958036
1.282271000413659,-0.9992653904892141,0.22939471752047555,0.3294857989488028
-1.8034993630411849,3.126967052335318,-0.03246034842220128,-0.14647850176140273
-2.2847454018646016,-1.4856498699301968,-0.3177569065617101,-0.13850802587667732
-3.050205823967518,-1.3877641808347811,-0.33939629351024725,0.11700951786232296
-0.9387860552162239,2.7059935883595525,0.14795775600911826,-0.09493647340575223
0.5649694889006058,-2.986747292474662,0.14059231064926772,0.061730194352871984
-0.6770506325904679,1.235833358688894,0.36101232506192826,-0.1084259139897882
-0.39285665127076363,1.4157674675914755,0.3552782776759447,0.013195473934207294
2.5394039710120033,2.113528935234992,-0.25614250236317676,0.02019930392977004
-0.9534390200440273,2.9809901057520793,0.10750901071160968,-0.11000005889252482
0.08789855274387115,2.988294990511492,0.14916248659703885,0.03613849821775357
1.7822444419923738,-2.7314466895478633,0.024386976613771358,0.17137572358415704
-0.6500408700406757,2.022176103993666,0.26842125941077505,-0.034515927500067906
0.7670933610738135,0.919292425450478,0.19867947917150233,0.35721272411833516
2.2767983306526522,0.9257779338214869,-0.3443601539143293,0.21914667840758975
2.8244213778399017,-2.3351462805067644,-0.1526353646577645,0.16406197799608302
-2.217502719140705,0.9436537975382642,-0.13687795522425605,-0.38285693810395105
2.6803290986393344,3.0315274614038508,-0.14246976921972576,0.05241145232042335
-0.049534791488755836,2.587532385353968,0.1761369665614137,0.07028653132095956
-1.518995307368198,-0.38245333768869383,-0.033165655257273836,-0.44147220261601033
-0.2567576159927616,-2.8905921347870027,0.14016802101376474,-0.07532017977871801
3.016133624001288,-0.8652355203336919,-0.37985845996821166,0.16300008090942913
-0.046381883362982546,2.0507708102543756,0.23665731763744524,0.12220975900972661
-1.075985366119692,1.2660561937358201,0.28975821666233204,-0.235678281004258
0.8381822878080558,-0.2554513458156862,0.325889017441061,0.3055745237435408
-1.6327132300991003,-2.795379497476786,-0.06063550809576248,-0.15544623644028605
-2.664929305063692,-0.45933397201798964,-0.4165367110748382,-0.14024438164547084
-2.331817478487411,-0.19462204365359614,-0.3294011390188877,-0.3038021802787887
-2.3370569196048336,2.6926938275909524,-0.0674200079083328,-0.16392450981559067
-2.1871598815923416,0.8864701330746412,-0.13339638744610685,-0.3893571614506217
-2.269315802161736,-1.183419626725639,-0.335723034368257,-0.1838165276088597
0.8851421267002317,0.15907934720006,0.2653401214047872,0.36188152581710215
-1.9988063796245032,-2.7265549140203724,-0.12257256291147939,-0.12295067098124893
-0.9697010578366125,2.9692337948742065,0.107305543186554,-0.11099123875178563
2.4930951071806042,-0.8792695680741329,-0.2455500395530367,0.3310580511890767
-0.16360383932337674,-0.1390635104188056,0.4391757403301477,-0.09357259718536803
1.0527963207795565,-0.9092776067879904,0.29700088185498263,0.28209733977283413
-2.058874970720634,1.1467550210540347,-0.04886832396869824,-0.38359110201342805
-1.9334051158791739,1.0193347135685311,-0.014835315322023632,-0.39929169692797634
-2.8848075643394924,1.3529099778246252,-0.2843301023834622,-0.22607824225964218
-2.080142347427312,-1.45679905307249,-0.28471126182395856,-0.20414956501150178
-1.391157928662011,-1.1581890908000378,-0.07085123964918905,-0.3789063508574045
-2.0294029795653943,-2.354615958659944,-0.18118483767161547,-0.12701567095574975
-2.58425819677786,0.9770979702234062,-0.2600537826631529,-0.30857861146832377
-2.3836151207716876,-2.891539927846466,-0.13783919527000466,-0.07936883786952476
-0.2464342684262597,0.6137562153319847,0.4309303948798351,-0.019316656237895462
-1.8451596657267875,2.3228677518245417,0.051927399557008994,-0.2198176085036881
-0.852817614804176,2.4556708117068586,0.19255140604940973,-0.07601816625123245
0.021471346025889737,-0.32020519526442204,0.44328733431052736,-0.03770564662766625
1.196285989807003,-0.2557024682760143,0.1981425595748437,0.40039137567502575
-2.894587194146411,-2.6579810138082016,-0.17918027090100785,0.026748981147841744
1.8812510192420753,1.07294829884383,-0.23902146565146917,0.3136032041783847
0.8036218480318178,2.018532469879693,0.06581940482469742,0.263067427749193
-2.627885505319415,-1.6043796091702407,-0.33056198685883176,-0.014382125888624558
2.347263722064068,-0.4944811442092303,-0.25196869783848547,0.3580937462404602
2.64441928321889,2.1289903422580227,-0.25453284626236533,-0.006637914976851317
-2.7578285136372087,2.369517781452382,-0.13934606200444763,-0.16911785526898915
-1.4019190828648436,-1.613647774593387,-0.09838768673952941,-0.31458609787335784
1.9239193822353489,0.3177446679250484,-0.1969988370891926,0.39898155241802247
1.5598616389835556,-1.9321225177820578,0.14300645019377525,0.24542370730606766
-1.982212895904003,-2.501469499634517,-0.15398012453986548,-0.1288725060390462
-1.8262120611325865,2.5831462938262524,0.03324739778542653,-0.18726309862399493
-0.8138477806110567,2.0138080414319877,0.26037115015872836,-0.07827675063892367
-0.09724495204677552,1.6338474743635887,0.3037107016107239,0.12078479021088105
0.7430166429830343,-2.835184835737834,0.14621880452737812,0.07288325430973053
-0.8236398938268534,2.159711700011667,0.23875288055195543,-0.07420049089819222
-0.23540132112151735,-0.3892805519640268,0.41339862751167317,-0.15769586531060667
1.5549057624359675,-0.9902606456473051,0.13148375228170173,0.3802295320897135
-2.9111052921673006,0.29201958872581946,-0.4220521716100307,-0.14339373020293955
-1.555484553898131,-2.5676033011459367,-0.07877367217724059,-0.17526543771432507
1.3405149833226693,1.612557828029333,-0.0788669702801869,0.3201914400600565
2.483157795853119,0.5179548639007603,-0.3858075989244272,0.20456665480345004
0.07337153272659336,-1.9692124984510913,0.25129019177486217,-0.12015375499577577
0.20177497878135942,-1.9588948616628332,0.26612661859878317,-0.08728120463811004
-2.468211046598828,-1.9839242331607154,-0.27311403492197583,-0.04214119364229035
-0.3304178441142196,-2.783436089649325,0.13382976248530312,-0.10149176391096613
0.20494032935056294,0.5516539270853205,0.4027986527685734,0.1640199488328952
-1.6181055477276252,2.138470668749463,0.1159581824814892,-0.22508479369337955
-1.4498875408310825,-3.0316481325623488,0.001863080968309186,-0.15178910407539686
-0.7710463433392816,-2.833687388322735,0.08095652351839544,-0.14205173907156188
-3.0154815986152874,0.457229133278811,-0.4228116829197728,-0.12035533528878832
-1.1179095726489061,2.007450596124916,0.2257342189577331,-0.15323889704940422
-1.8130256427966975,-1.0886316570847958,-0.2176632368876676,-0.32688766907624106
-1.0838661022453016,-0.9449005998226889,0.07405525183345817,-0.3996747793463872
-2.389104986586569,0.6053628974699574,-0.2506982805808464,-0.3516489440025492
2.4537552723977054,-1.4186622576056878,-0.15521934672335325,0.31944681104301176
0.5880587290336865,-2.9744073588024325,0.1403901038515344,0.06360411379511889
1.1253330601304459,1.4779843687655756,0.00047366892654329695,0.3476217264620383
1.8169164776765498,0.7894816868421324,-0.20211827994491474,0.36746075640905657
-0.009787952800456079,0.5074049067331257,0.43179401382657434,0.06866358998657203
-2.595456376583076,1.5185461682599186,-0.18525362531055778,-0.28789141905159643
0.23314727835454407,1.1010078239345669,0.32704903739856706,0.21513186917899985
0.5456388368078362,-1.8479979704548444,0.29622251809730965,0.01106129609493156
1.5421416979968656,-0.9268889183760511,0.13108934890711532,0.38645159039419247
-0.4293957350156643,-2.3492192643083207,0.13253868644287234,-0.1781553577474006
-2.3399819695791844,-2.325676974848341,-0.21567206620516685,-0.06570694769394875
-1.3585760517436691,1.1070705246949482,0.20847009212991757,-0.33059906016555807
-0.8602793035608656,2.2531509233454603,0.22221584619462956,-0.07977546152559908
0.9168250667988946,2.9074345720695547,0.06611897825607777,0.14347256840207917
0.44471320396278724,0.8064287232055203,0.31795599742466124,0.27146131058878137
-0.904170937493689,-1.9848499236159103,0.040260266977886594,-0.27325808243647
3.056865462934871,-2.477771955366624,-0.17337997663268556,0.1074775762702012
0.6646027908527681,1.9657006276966156,0.10533138627756075,0.25841925610369143
-1.651052761284841,0.49484153511038365,0.036370440472220975,-0.43632688294002475
-2.502074517092864,0.7432067060928333,-0.2687597395730293,-0.3263976553318777
-2.1811503561986787,1.7684784605916661,-0.0345394049230395,-0.3059922993664015
-1.596194668416984,1.277228490572739,0.13481533417545735,-0.3469410016501761
-2.132001809987914,2.1014631802103816,-0.009732089211212741,-0.25856433034266235
-1.9693574692664082,-2.7883902687451023,-0.10962631839645764,-0.12664038717737383
-1.3502868785047275,1.5552180280293744,0.21247927889227244,-0.2622108812045928
-2.0522542269808897,2.204472889789635,0.009344013449007399,-0.24315149885570253
2.492950686409624,-1.3437531589465055,-0.17768851157103377,0.31809679899276405
-2.637469161708579,0.8824562483878315,-0.29015592454977757,-0.2923740553895034
0.15400960280637932,-1.1676541900161148,0.3757648096424254,-0.0812942443645163
-0.5629933401352294,2.8775170760359208,0.15214301967279187,-0.04972346798791254
3.0308742382577663,-2.931586154349583,-0.14890184459329447,0.048016458513584374
-2.4376314696549555,0.5013532239892982,-0.28229521232712984,-0.33426543652558605
-0.6417921992864568,-2.095420013174995,0.10240530233170728,-0.238606986095659
2.949769728511032,1.3334188750557603,-0.356919074291754,-0.07920020968873911
2.296549003086496,-2.0364414091380025,-0.05415524292734025,0.2629777043177005
1.992222577505519,-1.6626360008740284,0.019207734954470604,0.3222997156576599
-1.521141400020949,-0.03536923732863029,0.017033137829872615,-0.4496149284124174
-2.067874275321164,2.6064848627249626,-0.014294416182848713,-0.1867523481502592
1.05961660158464,-1.8113520211909118,0.25633767744823155,0.1592142676123799
2.6978489061421485,-2.2353058721932517,-0.13670712111227656,0.19573089433178087
0.3566517753781304,1.6271994248051636,0.22090994787690105,0.24212642816439178
0.44995579828488896,0.0038926364578779626,0.4049548736096103,0.19624186218248357
-1.3824321259860384,2.5873221678324407,0.10984504389571884,-0.15462357493740153
1.6932740382203075,-2.2203862222244304,0.09298798452754839,0.22229675162064008
-1.9663621208533693,0.9168919933500348,-0.04089451568832968,-0.4069075265287987
-1.1078560311755412,-1.6783698241401814,-0.006653586521119748,-0.3206131265628523
-0.4684966733363134,-2.156637831538639,0.13723839370653407,-0.2095341379014941
0.04781741953224028,1.1525210062207067,0.3539634356601308,0.15416400931271737
-1.6184873845620258,0.588637827319257,0.06294027760350168,-0.42824212841786347
-2.4200516036652724,1.6011281422481174,-0.12278541986523783,-0.30772438292436827
0.6950462253488481,-1.1971819401412007,0.36189072643025105,0.11993147624284323
-1.3280734022675027,-0.3269037241763151,0.05949177484087212,-0.44067497178734727
0.5104347992239595,-0.5939389743930308,0.4112369825919381,0.13405592621373014
-2.1717031090025793,3.041623807354844,-0.07288411857763742,-0.1328053105518861
-0.11850023492071449,-1.3053383025663086,0.31986052717052693,-0.18385009664146784
0.2047654437774442,-1.2892013133061253,0.363844335174359,-0.07160472827019697
-2.81597576846104,-0.9139005571910475,-0.4090202236889446,-0.012727889393472872
-1.0266455985079612,0.40585658249411205,0.2773204640632866,-0.3439217494604016
-2.2970403303775395,-1.5562020941645969,-0.3128126397845315,-0.12633956902537047
-2.743395970272359,2.6093436516105406,-0.12787425693586835,-0.13637470241204985
3.0785109332547993,-1.4722410160923776,-0.3047232250411986,0.16881759925764872
-1.1161837111317676,2.4869835888895544,0.16153417016831587,-0.12251926798217261
1.9469985652642583,-2.4914396540260997,0.01809524918247661,0.2013289703922741
-1.5416382329675227,0.9837124713698255,0.13599945285721274,-0.3792866269780814
1.1404152374904903,2.557165429686039,-0.002241758976010033,0.19347463219278782
1.6350598657776665,-2.0813086616512306,0.11604506650706387,0.2346430346699075
0.6009159297843669,2.9425850746517197,0.10939800320693405,0.11094315482269773
-0.17859207447568792,-0.2960425775609332,0.4286473958598601,-0.12184529264545928
-0.5539198729242663,2.8005106205446006,0.1613131336316726,-0.040775956747385086
-0.9495886871056336,1.1109931001511644,0.3226556667542731,-0.21984717608298887
2.6988112081433604,-1.2466664639620122,-0.2533130245104256,0.27748167276410307
2.0773430052802757,-1.958452995725812,0.0033929931547413694,0.2801190588591448
2.9218502525429457,-1.233169073872736,-0.31042789036353396,0.21435241128613766
-2.360610165262201,-2.5571470343986435,-0.18247752107248014,-0.06434536905338564
1.450583128105185,-2.2376435612875762,0.14186672140605516,0.1915927463467626
2.7541743178403326,-2.483991712561837,-0.13320792254663333,0.1533759171276917
-2.0028717150826116,-0.484159993786371,-0.24462420398520543,-0.36375123609728766
-2.7237842834885715,1.8571737108216668,-0.1770821006534499,-0.23604834042147668
1.5150057208769008,-2.253253583060856,0.12767583094718304,0.19858428554768992
0.4679283705119448,-2.322765222656093,0.22571589343905593,-0.008678151431382064
2.147773547698746,0.9011906682314956,-0.3130048564534355,0.26530901967804127
-2.2633769104219197,-1.9026554384621819,-0.26949425346747635,-0.10271676314436567
1.855219235568475,-2.5282906963101377,0.03310551797838922,0.19443854416731554
-1.8747308387398087,-2.0932521184847035,-0.19141326757758514,-0.17592634012342914
-2.113312037943377,2.6623828807636567,-0.026936161034943173,-0.17863953416409045
-2.1094802055576474,2.0198634521239773,-0.004503943597194221,-0.27093990815580643
1.976531260167949,-0.9169393976072953,-0.045024027567514655,0.4064671538358705
1.0379647498652682,0.9790507558249235,0.08765862417123395,0.39372442552099607
0.14492433801318683,0.23420996510623793,0.43620285952400895,0.09884272666110518
-0.8869942279768646,1.1129045698586513,0.33571205411137783,-0.19895386148816555
2.370020895897116,1.1477567011995715,-0.35455563168719706,0.15407259737405654
-0.6757873207573759,0.8088596719591834,0.382738254308189,-0.1677515440761221
1.9892529463491062,-1.4696284445757954,0.008295637108678158,0.3485982903606767
-0.38242664819174577,-2.8965080837671895,0.12974103370024367,-0.0914152689880992
-0.7731809530040215,-0.2791821425504559,0.28903577882196785,-0.3398140974650128
-0.23448982234152194,2.456561367779556,0.2008597376723181,0.04959267092971667
-1.2479796227326374,0.4366641536131777,0.19845346623074595,-0.39328271804409876
1.5557756194432653,2.0884745094595454,-0.1269397676980925,0.2277027578449064
0.017092715058861785,3.088966848345806,0.15005086200502904,0.01045640682628763
-1.6825572593027383,-2.1135617237316797,-0.15245898278796888,-0.20681084370909913
2.510601087921321,1.2049744445024917,-0.3681946327566485,0.09553656176651008
-0.7295329719024051,1.0951188214078167,0.3637329027227046,-0.14633199010172782
0.27365069703704625,3.0156490149423405,0.14047054645823734,0.058998844005652154
2.5539395953907116,3.0511193967278585,-0.13286081393740046,0.07222254768584033
0.7806103505202326,1.1729363103497334,0.1571242674033825,0.35026010378155337
-2.407100601772919,-1.6109157719956588,-0.3186369006219026,-0.08579477863955089
2.7635467367137823,1.875881655514867,-0.28975068258183545,-0.038869411165713505
0.8024133626668437,-2.4691087700748464,0.19412920899904915,0.06639984092624984
-1.0373186162844412,1.763685743706711,0.2646980812064787,-0.15868940984812435
-2.266520412930751,2.57733826028797,-0.04946985858997055,-0.18440133220655047
1.8474147491638204,-0.7361794924830787,-0.015398043335431696,0.4230324289184755
0.7544393758425967,0.8208057660367625,0.21792936536779872,0.355462597915473
0.210242241467808,-0.4389261592889291,0.4394889548456672,0.028604658789886953
2.474900090432792,-0.39103369209172056,-0.30938952359238087,0.3162032950710174
1.813309757258975,-1.1914748433693885,0.04987866159992377,0.37860037426392007
-2.1885912777847403,1.6470089797900416,-0.045237618515156064,-0.32187118112833657
-1.1829851372931657,2.740578179307059,0.1154293517832603,-0.1277347755203341
-1.5802893413138481,2.7693193228687445,0.053036173261482314,-0.16078528046183282
1.5327597612335762,-2.0434094524936395,0.1422722921874929,0.226471385371588
-2.9309021523439855,2.35458379348099,-0.1675948313382284,-0.14448165565265425
0.4391298411068676,1.4918257442373646,0.2186730949408715,0.2679217142300727
1.6490765579875708,-1.55296841246709,0.12584768245446545,0.31347533892922413
2.367288313151585,-2.718830962282067,-0.07364589395136739,0.15811369546997295
-0.992229636203704,-1.457716163937583,0.04851783642390997,-0.3468451506355018
2.018519176539307,2.589980736844086,-0.14542952990537522,0.12123931721698047
-2.446472949445078,0.8367862933347632,-0.23622519085849925,-0.3420297922140601
2.17682394906502,1.3889273974370742,-0.30758989401637415,0.18484203137691274
-2.3405577635935018,-1.525856779394436,-0.3210818137574694,-0.1159726989599864
-0.6453629868117066,1.3784564356769398,0.351130633121157,-0.08007079855436412
1.8679618741586719,-2.964900018528584,-0.019394939258502372,0.15337893568517424
-2.1996336767818145,-0.7833790883579237,-0.32457935264826815,-0.2663009903924532
-1.7011636554136398,0.7964147771969885,0.053682948463402796,-0.4153947649247929
1.3964540722102399,-2.2236408595511703,0.15358047688409987,0.18504777073522455
1.3825303334689787,2.0294913131314676,-0.08840171426341276,0.2546273428942949
0.8868567330880781,-1.6648474501674109,0.296404215538947,0.12724941448920668
1.2186140166260184,0.956810450621818,0.01821567032653036,0.4049936812150012
0.2684455946990427,-0.5956639208493297,0.4312963118344232,0.0313583778101322
-1.5594925063039804,0.6034597079538524,0.0899058782999642,-0.42251731250174934
-0.9695206664551166,-2.466460920063511,0.026161514695615312,-0.20386112662789807
-2.0005805475657157,-3.035326397619082,-0.07731679944390503,-0.1304982673152831
2.5663705656807076,2.573369192459329,-0.18955225726560704,0.026696304211971333
0.5239660996138236,-1.4474573441291272,0.35020832956533343,0.030438648456907275
-0.6229689214183702,2.008589846913388,0.27126278819991473,-0.0275990855643731
-0.23872457630128174,3.1375104710626402,0.14589206052735282,-0.03487487008836293
2.8103641075951753,-1.813130879852538,-0.20229879935729767,0.22355744290904073
-2.1780573706954645,-1.4754757486926124,-0.3019554363343279,-0.17288372143840752
0.5417980135685041,1.0232782247965195,0.2578928701706255,0.3047007455327163
0.03699966064557536,2.9245000221694237,0.15222062058919575,0.037965521991058744
0.7002876145059136,2.6126386030665385,0.08159331952353427,0.16775681130086345
-3.0278030126963666,0.018067425426583128,-0.44675779912838876,-0.05378456919764171
2.3381234771281267,1.8542325911695334,-0.2828004709915085,0.0857602064679116
2.7150792434647117,-2.288676303881936,-0.13655519751202347,0.18614950145810014
0.40924386213754804,2.9998325840771507,0.13056073981817035,0.07972889118129242
1.23559356722805,2.917617417436234,0.019114759719950053,0.15614936943004606
2.6546419041056515,-2.112853271083561,-0.13661098681916028,0.21773036932228335
1.3021187421979095,-1.260261675197114,0.22950562763555626,0.29551356184968425
-2.18316158037967,-2.512300244814667,-0.17498031140969889,-0.09550871400065541
0.479333903708945,-1.4343406284906344,0.35283118486162107,0.01590883102645163
0.670510411487748,1.9852087737719541,0.10241127260729321,0.2564629308718775
-0.47670105133842666,-0.7645655891723107,0.315093752143375,-0.27958435132172066
1.4856229472445666,-2.586178128414044,0.09348632103599641,0.1651936243922526
2.7292084451201326,-0.9913262645571566,-0.29979677928988585,0.2681494805734964
2.6739258274941236,3.0246206928259314,-0.1427000329205439,0.052456731431521963
-0.30888533928526973,0.8148260603148478,0.41700974843343286,-0.018504497325667252
-2.430097027749431,-0.5267763097086715,-0.3746640150303877,-0.22344077494283515
3.0463470976354747,-2.0952003125042173,-0.21152778684426538,0.15064278964054428
2.1293594773883706,3.0547389093845396,-0.09082903028071487,0.12078631833131365
-2.358313926699814,2.0159537808252175,-0.07128641359266624,-0.262038637835074
2.6442275335072702,-1.373018602525632,-0.2193839219891866,0.2864522168169581
2.3241273872879447,-2.7013380541411784,-0.06576733575789454,0.16357496890501783
0.11836300375034581,-2.785803783464266,0.16444893982457887,-0.033061560478694
0.5735004767789538,-2.3852344333111555,0.21621006387992392,0.017105536787021813
-0.6345847271080634,0.5074839778478397,0.3903854224338098,-0.19686676391953442
-2.7975151291461304,2.6940000283744023,-0.1332190449386136,-0.11669807419992587
-1.035486269873143,-0.02046164530457073,0.22689276171488235,-0.3885882586838464
1.9028843384596934,2.1547900165323925,-0.189145235826491,0.16462584267897765
-3.112488794704755,-0.3400043950186791,-0.4426817238942601,0.037157493394439536
-1.0461555580634339,1.31056907008782,0.2950575275062279,-0.2204496999520369
-0.6398249682402875,1.4568993760540545,0.34331368000514256,-0.0697444916092365
0.23496350293267865,-2.048546452675425,0.2556955837258295,-0.07575852508450061
2.6380306401814853,-0.8720052191156578,-0.29185947572747417,0.29191502336682085
-0.9654365905890816,0.8626948926037832,0.3199263839006851,-0.262073387870432
-0.9616213931565025,-2.6973927637783515,0.04129267578689719,-0.17183999479207723
1.4922643525599844,-0.8699686578826356,0.14541674841648902,0.38651069133327126
-0.30022353174795,0.21865149523567995,0.4360823490091875,-0.10094236468179667
-1.730358930171626,3.1178704437607125,-0.020326862776578317,-0.14870151615870458
-0.29883133343741264,-0.1600103451568895,0.4211892800050023,-0.15475754447668716
-2.256561892726339,1.985843172535545,-0.04544286713998505,-0.27229394758981684
-2.033320531596207,-0.4268338363462467,-0.2503626826964795,-0.3629653201775687
-0.010255586341278988,1.8622778335484949,0.2583541808680839,0.14103076695832567
-0.5094064244592138,0.5995088796269199,0.41130176507568844,-0.13280064795144816
2.6065536703347627,2.4290507978704747,-0.21043204839614035,0.010729518387646103
-0.8646046312486426,-0.5595644465687046,0.21659765500536618,-0.3766420462472
0.5063515383968444,0.6553639980962074,0.3220208572935245,0.2831199751284608
0.8310410305205638,0.8169314637230913,0.19066721893268912,0.371143570833113
-3.059317756348474,-0.5190982862016669,-0.4349002198464955,0.03880485950600282
1.0275356130301576,-2.234853341043551,0.2084081545304815,0.11660844086007896
-2.0229596824042595,-2.55374156272977,-0.15136451414673982,-0.12122992310356598
2.8969902443007083,-3.0368422118142773,-0.14253460958827507,0.051741697064597414
-2.2075171868461947,2.3469850008336692,-0.029825097494561165,-0.2203625014600941
-0.5364324513859469,-1.6557769594950453,0.1705335285150149,-0.27528033159929455
-2.6053248731454035,-1.8126565541332715,-0.3014124131836316,-0.009733244999413443
3.121952998714306,1.4830541599313047,-0.3160184804489283,-0.1432444988081559
0.013791656662371032,-1.1308721137783722,0.3657177391180807,-0.13068632630950097
0.5993217393503696,0.03797992254847138,0.36827116060796083,0.25847910691888165
-2.720138716405462,-2.1205055158587136,-0.2545629471343694,0.02604170582493992
1.5705479549878119,2.888667562128524,-0.03749711590194225,0.1547816282326679
-1.822716915156792,2.2090510868659345,0.06416516701732475,-0.2340113455964135
2.501048862873703,2.2857576139181104,-0.2293789427125105,0.029704613217610365
-1.852662278593143,-0.5857578132158068,-0.19786371303953998,-0.38515757228860625
-1.943466368856278,1.6484641231387114,0.03428917543937669,-0.3230188483254235
-2.911944317584349,-2.2375921079912393,-0.22862041959896556,0.06760391762511189
-0.17550856006949367,-3.0874378631425765,0.14649451062655997,-0.034224252593313374
0.40740885581654496,-3.016099017074238,0.14624475939674209,0.042664155190515515
-2.728733095778808,0.544134764036559,-0.3611901111744434,-0.24298868452027278
1.731191072940299,-0.2802620759714918,-0.029975295985603147,0.44507297126702705
-0.29349490719243043,0.11319377556572485,0.4347400551739802,-0.11368870836464556
0.1532485818772038,-3.094700359374902,0.14947833276477046,0.015973723113357607
-0.3721986380754041,-0.4857742954168498,0.3775548579987965,-0.22257709290768052
-0.6235240778376268,1.370162666420918,0.35364413805820233,-0.07329360433954674
0.3747312533911171,-0.36006608980706156,0.4291656771048872,0.11200642921687747
-2.1661894212749946,1.4590763051458602,-0.054214203289290386,-0.34582469386505066
-1.9985044970992552,-1.6774913201973978,-0.2535218695766961,-0.1965765012010392
2.2731660983009743,1.9675292416203414,-0.2619678580458292,0.09537402021725169
2.8030261169836725,0.5556298707127967,-0.4294496376673985,0.06733618348625177
-0.7960210425075922,-1.817329043956176,0.08031252803223485,-0.28997591133216616
-1.4404537012970766,-1.65423403779643,-0.11084286410699719,-0.304488383470316
0.9047758143199554,0.8044391338546917,0.1646620057389752,0.3844513119498807
-0.573440115204007,2.0730716043292334,0.2626775979069536,-0.013137198161243147
-2.982085476701879,-0.5301262802885658,-0.43600719719437625,0.006679387789108489
-2.160456948140616,-1.5186431924571238,-0.295671822159703,-0.1725393524741674
1.356993535052795,2.306001936105054,-0.0664149046314432,0.218454778508835
0.9985485767689255,1.063544043700233,0.09169153181907139,0.38446407464331656
-2.9713435116084574,-0.3261885035323613,-0.44384268719206066,-0.027532148643682464
-1.7469004271297974,-0.076025315240833,-0.0899785725429099,-0.440617621695792
-1.6897068868081113,-1.858211415355429,-0.17337604820836627,-0.23859601668907227
1.0800339609903187,0.7967244221351559,0.09620791993267487,0.4076257857829703
-3.0177476923749635,-0.8875469822859974,-0.40604440004043113,0.06668142434668173
-2.4874591409130176,3.114230491654702,-0.11658382243329163,-0.09456162647000929
1.884428341003642,-0.12451064574645487,-0.12075405208570916,0.4326912631118609
-2.0197634562946596,-0.08868335180916898,-0.20702848288162656,-0.39910590825968884
0.9597321005837678,0.41375898311024706,0.20152596365154185,0.3928011256104862
-1.6450461032938286,2.618555195474599,0.06210574696280978,-0.17514377764311692
-2.516783955678801,1.8900958651724649,-0.12182637039739956,-0.2634524496547469
-1.6136967159873552,-0.3070588274090946,-0.06429509378791186,-0.4406319803194806
1.3965443205073642,1.374128014651232,-0.08778766651186293,0.34982794607447404
2.2349068222210873,0.5418336188965847,-0.32503415233053656,0.289761291010317
2.074832601186155,-0.047959247450730214,-0.21095356282784122,0.3973601768472021
-0.6460149360373899,-1.9332370156922742,0.11264533686050987,-0.2605779360496211
1.056110060455958,-0.226595139582225,0.2489635807679822,0.3717747486918683
-1.853638340430547,-1.5970689193779055,-0.22661625248294917,-0.24244754646775568
-1.29969114198075,2.606530100746709,0.11947435901164921,-0.14423789840429924
2.4902513916408946,-1.0341694911016224,-0.22141196132954574,0.33089021225612436
-3.0598991588220636,2.8416586110821394,-0.15255749708158886,-0.05695763329407597
-2.6043267088864868,0.20769251304764813,-0.3680007549734884,-0.25522790590417993
-1.8354047896916876,0.826517707340118,0.0014610133176520546,-0.4164944026979739
-2.974885900042716,0.2698027698991048,-0.4317759062189065,-0.11319752853666165
-2.001600193631843,-2.328670262030788,-0.1812134617080478,-0.133407592024627
0.5217655157700278,-0.7802382921927768,0.40509939393740524,0.11118279946418823
-0.4937041092222496,-2.518639257663049,0.1154262281200604,-0.16150073193542952
2.4672291255839163,0.7725430438713339,-0.3836089960137786,0.17261680818600944
1.9945567229737273,-0.33379927614869276,-0.13683331542219493,0.4228581781943959
-0.9938908916626614,1.7466310889912453,0.2731025936140287,-0.14890018576903974
-1.5115871483162147,-1.7563357667077364,-0.1310522641067373,-0.28057511883976377
-0.7559148933455875,-2.107593613206139,0.07405581208019629,-0.24696348700517445
0.5673398561216652,-0.5885319501647452,0.40296636646558465,0.15803859312532156
-1.4572991241824311,2.6803150120953054,0.08509790189673991,-0.15705010891292326
0.7800505937000715,1.3221192563960464,0.13725569424027062,0.34031140006971006
-0.5691833759536724,-0.5094178894605128,0.32358664040857016,-0.2938779578476173
0.32702208200928107,0.10852424322339571,0.4200968882515729,0.15965317543760102
-0.4013288536555417,-2.6124666990884986,0.1273860515037133,-0.13631001386504094
-1.291409719768539,3.044680152323772,0.05551035413463937,-0.1408577700356102
2.8177152292607195,1.0455679318664712,-0.3970060673511506,-0.003624766791389747
1.6562840527520155,-1.3483460040111404,0.1173289928103908,0.3443685933471402
-2.2612356062717476,0.5391500417658972,-0.21366968933585492,-0.37957653610882797
2.3151525723279676,-2.453694659709833,-0.054686778347791426,0.1999423614555365
-0.07897211048750874,2.9269381129972922,0.15548491788026073,0.019746818001402055
2.4790447549359413,-2.043386185805466,-0.1005394051403361,0.24783943593127344
1.8840461384487455,0.9301019194216424,-0.23447567465293223,0.3336448157319432
-0.46989740989436424,-1.5993567809835232,0.19577368092595043,-0.26758657368544725
-3.0004138256903436,1.3669784828669558,-0.3064049525503143,-0.19191891622940324
-1.4534430167304906,1.7393199473574983,0.17903744955004847,-0.25563676481878167
0.26159548583311976,1.0896282926713807,0.3224654420948844,0.223985222084216
0.8386683896401355,0.7194213263554188,0.2024420828127467,0.37311398870342083
-1.5212365375733454,2.4659560446413646,0.10275738033897523,-0.17808175872212856
-2.2659926165091946,-2.6475664583470895,-0.1621884617179753,-0.08340337901237327
2.104428742787536,-1.0623938593108968,-0.07692957428062412,0.38780440355098267
3.04358866456231,-1.581556409616611,-0.2822779716514676,0.17846780648959326
0.16141617598300062,3.0662821561479525,0.14665592187133633,0.03531494258169266
-2.0628998872006483,-0.6949845112209974,-0.28083668368740833,-0.32055652066277246
-1.43063526056594,1.4615486941306575,0.1918391136364762,-0.2924217757887026
-3.026040624917658,1.1606624355634692,-0.34155034933619083,-0.1781270601694182
2.603116174162965,-1.8090469383434689,-0.15240495952809224,0.2608303219709989
-2.401740779669973,-1.6399259408345686,-0.31480332126963256,-0.08474761310176407
0.48076719470832474,-1.3742296167369468,0.3599997724919889,0.021850904916212027
-1.4196529176120813,-0.5584037794497281,-0.014243708222432594,-0.43431128205578207
0.3404104293795718,-1.6692848439905112,0.31872066585218484,-0.04546970116705147
0.95140235929986,-3.0181187459305057,0.10278638402573971,0.11233943802726165
2.0718288562159843,2.383796880176921,-0.18219211012728773,0.1180435687397994
-1.8446095517742467,2.925512851410735,-0.010541644169884942,-0.15646655581278326
-3.072503824522564,-0.9954426164254007,-0.3893972265877009,0.09920505439105826
-2.281514873977443,-1.01469120240445,-0.34392422696324676,-0.20426827032692743
2.5133912530579474,-3.0970334797645966,-0.11755658905587238,0.0936471141342892
2.3492206418410317,1.1325484765264129,-0.3520518815747682,0.16355822305831486
0.6120645722832649,2.04479917133784,0.11281886850872144,0.2422628155341179
0.631566060600552,-2.2204255348572497,0.23942183964834388,0.027147306637222257
1.036956008654812,-2.138379393195109,0.22050198740521176,0.12447997641073771
-2.0397024124416374,1.822646814079441,0.010907151492920902,-0.2999222391194182
2.6038270497554086,0.7306763214196805,-0.40487415101176205,0.12490801046654387
-0.5103798445080363,-2.8597254570314385,0.11566704386242732,-0.11257325258078722
-0.7342622822781397,0.7699854499116849,0.37260187598221406,-0.19565457793598487
0.11886344787867831,-1.2006053562904666,0.3683519201519442,-0.0968414964556911
-2.8464967812112825,-0.824824174347865,-0.416473937862886,-0.011454638970346126
-2.09680343419327,1.694772484327669,-0.012585036470478456,-0.3181388432542593
1.4956093213449924,1.953663434085601,-0.12042095101740165,0.2537251614294777
-2.621353279828597,-0.6260777781977889,-0.40947071579023775,-0.13328021919332886
0.6481238186037905,2.809544757577342,0.0965959773518307,0.13448163190479312
-1.6000187325105246,-0.5877120762370525,-0.09554609533172152,-0.4222202872870523
-0.695576171291791,1.7079961825197794,0.3097768542950923,-0.06503088822677011
-1.3276764084373607,-0.10130213440139135,0.09342102021980661,-0.4396715959137245
-0.9068350673325738,2.4977692731324765,0.18185194159390083,-0.08629761147917056
1.3763060130515044,2.562039454940078,-0.046874918086284856,0.18708039414090494
-1.2747218555422686,-2.5923366507736585,-0.024698241047359626,-0.18742415035992752
0.4172326602420098,2.7425684859702812,0.12428902179111723,0.11883849731219531
-0.15047976101547755,2.045395733216111,0.24883862183297345,0.09721597289424497
1.0283762614155512,1.8303591999933388,0.010823771234778345,0.29880364398999776
2.7446821998644078,-1.8792294760319517,-0.17943359416511068,0.23017957438491227
1.4612935840513872,1.9171205293855715,-0.11302808150242802,0.26301106982232725
-1.7910824249087325,2.1999488541356316,0.07208316783466935,-0.2331150746808943
-2.945663237540933,-1.3248075205814085,-0.3584112761098893,0.07718646711361586
-1.493739063843636,2.8416338793900406,0.05625334975031369,-0.15282074537999893
0.59739225721288,-2.8283121143207413,0.15605940949925284,0.050259014845976224
-2.8184747378957935,-2.1996850361771014,-0.23932075834218433,0.04778488192851872
-0.02283154219511463,0.23612925443236232,0.4465225350810085,0.024903736160449982
0.6084815654200106,0.4762181409505293,0.31623181504135944,0.304111140029942
-1.0414763497941268,0.9120048707321295,0.3002284891505413,-0.27831170308524994
1.7021915781113908,-3.0349724695992237,-0.003939076726105141,0.15164284722816482
-2.471816075728668,2.8925697542194246,-0.09827091239112759,-0.12497597762599166
-2.6694880473732927,-2.8614374044474586,-0.15766196059493126,-0.033934924984579964
1.4337522402420655,-2.2427078942216907,0.14452282443718192,0.1886522384174193
-0.028328895767932405,-3.053536842982861,0.15014709740087007,-0.01745124361550908
1.1837671690721745,0.4200839257345024,0.10827438239714673,0.4277283980654301
-0.40949190851473194,2.7160129338325563,0.17452828285735494,-0.008241300812955238
-1.593403018682661,1.042676795684863,0.12104027655994268,-0.3784192759807048
2.0049789938974847,2.027316665207981,-0.2205305515957373,0.1555371462413662
1.8812854514741515,-3.05814439115718,-0.03408324538124038,0.14714453148011022
1.223314005032253,0.26398990608457984,0.11466882230267864,0.43154739220958915
-1.4316543259261194,-0.25407330560339547,0.024406270685545874,-0.44611100755541977
0.5669360003288637,-0.006484597708102946,0.3801174228015427,0.2408502701659464
-0.8735267680608585,-2.687863828507104,0.055662382642578556,-0.16884310747139059
-2.566165516062842,1.1588415507950343,-0.22727619269432542,-0.3112581758416725
2.6220585258309432,0.02023446332279466,-0.3921028862580749,0.2207643601420858
-2.281935842051348,1.6659793576638595,-0.07337607053593136,-0.3139465061726325
2.828924726270283,-0.09242167194135797,-0.42331495564477617,0.1513946578025758
-0.3392557340230913,-2.2030001516894293,0.15904429388946997,-0.18444984590918712
-1.9783681552358543,0.9315259155489697,-0.04386821692759177,-0.4053029570111105
0.2632714169246051,-2.0584571960524727,0.25628646287335666,-0.06816733082902544
2.343287796352458,2.3398240489445303,-0.21376746154344942,0.06491649474555497
1.4591119942500033,0.7107302913232716,-0.05114253277321971,0.422012025201691
1.9261804999951693,-2.1538515221931678,0.04174403880150067,0.24739747643680543
0.9976653167412879,2.9049556897158695,0.05406054394464174,0.14861220718053866
1.2081092850935384,0.11539360938803211,0.14315342007347648,0.4259208343111238
2.1940609872462167,-2.6835581718736723,-0.042721321138235624,0.1730658453836491
-1.5728822886529732,0.7969146414876631,0.10643575510849117,-0.40506040558581824
-0.06644491306030975,-1.5506970012529737,0.2923886549008967,-0.16975774500659493
-1.751692738939471,1.9081622347221172,0.0941941112342774,-0.271730072342785
3.064108462626069,1.9969349829284386,-0.24785484969292595,-0.11775298220334694
2.790107118634797,3.009314989218524,-0.14887105508238935,0.03352079438902317
-2.893866691690256,0.011746609864478064,-0.43582057189198004,-0.11204561552865641
1.2916669034714827,-0.283014271484205,0.16260584630824498,0.41530586846695494
2.671913979888952,1.592634199869777,-0.33246717146187044,0.0005723063105431969
-2.007004298246848,-2.309254972029764,-0.18462926926563553,-0.13352391064606908
0.42691247430121093,0.294778866943739,0.38567796581333114,0.22331700268171809
2.6105899667102443,0.2905822416344792,-0.4043756157772582,0.1876361136544076
-2.928303779701669,-2.5794164429600936,-0.18608767898104356,0.04150462378450462
1.2404281225048122,-0.5153211888978579,0.20958167891446222,0.3832592114027059
-1.2732937393621477,2.219753855607343,0.17562385075664955,-0.16511876516456286
2.666559939212733,2.2377792048156415,-0.23816728734270295,-0.010034847460252516
2.959746244848838,-2.518064015447642,-0.15944835791686054,0.1183728826707452
2.7914086768697874,-2.5715765360542604,-0.1354027734066127,0.13563105830715844
-0.16201685503193985,-1.4910282922287004,0.2837477684851614,-0.19788561348663422
2.2747810652684013,2.354724617868798,-0.20659634324709852,0.07919565307380583
2.1648677184731175,-2.331673824998518,-0.02000383278994522,0.22369554462610583
-1.1366252485937167,1.3822806778952579,0.2716942804107173,-0.23568689472916907
2.0666368744875427,-2.505950318845024,-0.006974759546493209,0.20007300332453704
-2.909066826891941,0.7736979534259651,-0.3721844491363636,-0.1958534401604839
0.6048814860023999,-0.9043558313972637,0.39009460424051723,0.12634667995123797
-1.696404506622237,1.8152999671461627,0.1113575950913814,-0.27984416699986414
-2.3840485683415955,-1.6732722591020655,-0.3093397202046817,-0.0871908086087727
-2.658081427772718,0.8746308891555152,-0.29726867378078703,-0.2860883546556093
1.2333187525617948,-1.660755615183748,0.23583709049826596,0.22089691383047713
-1.006095274964086,1.3424671515781155,0.30214274971129174,-0.20391491610162404
1.4122512764117046,2.347888336367842,-0.07484377798717542,0.20925961915674407
-2.730946653350857,-2.344873452392597,-0.22173643901872728,0.02044188149083216
-1.1605650354368142,2.303388644258651,0.18190051440057894,-0.13863723163078268
0.2481311080142521,0.5879506636515086,0.3913682366698974,0.18498114150268993
1.8266675177729246,-2.3429338849857233,0.05452374449534958,0.21618746777673542
-1.1388116105402935,-0.4552679497893508,0.1221100363012021,-0.4224003205768855
0.7909988467296301,-2.13087762105563,0.24527125180179732,0.0672982648860061
2.4251697166158728,1.2588229116508778,-0.35471871730387344,0.11957841259181635
0.7279898816300396,1.6265164586718512,0.11806720407218524,0.30585604128889504
-1.6778651046494877,-2.4768535118610155,-0.11144094250648744,-0.1710085414048901
-2.988278021430055,0.038577832239236276,-0.4437278546265486,-0.07442195994877226
2.325399806698033,1.9768475292925967,-0.2653108364979298,0.08100331206974498
-3.0079530038422746,2.740493214207981,-0.15265825025343602,-0.07961502389457653
2.354320044384976,0.08493526169630083,-0.32623418274005284,0.3094298356349899
0.18181737535166498,2.829187801923424,0.14633217644301744,0.07377768292084898
2.758743712153385,0.22424041479769263,-0.42639844346430034,0.13576105436748703
1.8773104370446685,-0.6648207296897972,-0.037917783047052116,0.4264911571025276
3.128612287246602,2.1878247812375173,-0.21477789649516663,-0.11956246989268
-0.9380053276893294,-0.044090930545959583,0.26071135741779505,-0.36666349944782084
1.6787935312625102,-0.1765417327896226,-0.022062587368687464,0.44789995186514486
-0.6161862426989351,-0.06086842420331351,0.3617397401065979,-0.2673531156891621
-0.12644520682258298,2.1789144284982296,0.22811557841317667,0.0951006160364116
0.8011404530787902,2.0856502175769096,0.06360945980276433,0.25325312413568196
2.3478825534848724,-0.6062017659362406,-0.23586959781190295,0.36170312616100353
3.041586141121533,-1.0474078711662953,-0.3601279740560256,0.16670767375212844
1.6856115723004494,-0.05071772075724956,-0.04397699214481422,0.44771675873067507
-0.516686546048307,0.4572431639467869,0.41057330502362804,-0.15711183811976578
-0.4941285278052705,-1.6440757936177963,0.18349750176646468,-0.26877391200830314
1.4927736265892326,1.8469742692557292,-0.12368164204908197,0.2695581806166908
-1.6413115996081176,-0.08493128774374492,-0.04436024831141738,-0.4474458222838611
-2.4474633291389187,-1.0427225718287558,-0.37156141690195443,-0.14067854085574433
-0.913435923100943,-2.470416560100113,0.03768908821803588,-0.20149779615369823
-1.336816841579787,-1.6408842510508985,-0.07843485220244868,-0.3162992632307054
-1.2798338247427172,2.8229168571696253,0.09021878332326576,-0.13744805894127915
-1.6737918645497325,-1.2245947841402502,-0.17642969731198124,-0.33453252109394715
-2.87711334293428,-2.0806184476580505,-0.2531352904979806,0.0670861017918741
-3.0292874094913205,-0.24710013764573713,-0.4467494547711365,-0.013462735376194645
3.0644501531719497,-1.212103456493743,-0.34078459386810267,0.16721367783513347
-0.4538147848944547,-2.920680568874376,0.12368429480939916,-0.09689878874235144
-0.7267971109984881,-1.1112113722944037,0.18458541159751438,-0.34402046564375843
1.128757167091834,0.2771426578563787,0.15295758905165174,0.4191296697332475
-1.770263032121201,0.32491841607526073,-0.04067555543458992,-0.44287290369285026
2.8271894997971865,-0.9012668789073617,-0.3374506539537141,0.23341506846954607
1.7991587873599233,-0.33110654764252123,-0.05253032812654435,0.4414204936447438
-2.579806757561204,2.9249353440815122,-0.11273674152668076,-0.10906188525927726
-0.5178552586172782,-0.7706422457697086,0.3024494905197938,-0.29256796566681087
2.382070579757385,-1.5191057345948613,-0.12002139675418616,0.32053852529937704
2.794333708093653,-1.611844099527081,-0.22529946441881746,0.2409292201711573
-0.2048223455510776,-0.2653727649004236,0.4274511263609593,-0.12897700130343154
0.7125847743555442,1.6306131853353643,0.12232374230884105,0.3035730466397917
-2.092087417703839,-1.8473307212441759,-0.25413979139437604,-0.1527771721700089
3.086103495091434,1.3150463509004648,-0.34547403217075434,-0.12615501835128431
-1.6859564233680449,-3.0087043942712968,-0.03713080292734128,-0.14803649127379442
2.7817657782673724,-0.5093591216280746,-0.37760461404840745,0.22020422931101585
0.9402576262175106,1.733311324446289,0.043004749546758925,0.3099815152831549
0.6769302466254685,-1.0132707228103732,0.3754451005679119,0.13841570753708188
0.07972426598891325,0.4004720193239488,0.43208275086595666,0.0931849422486865
-1.6922514817948902,-1.8536701496210868,-0.17425201897800469,-0.23877972544913004
-2.032434316587456,1.5205018859291428,-0.0028546441762873354,-0.3420766618842081
-1.7562369443243409,-2.8131133600589986,-0.07669659608391408,-0.14638842170260657
-1.9701665041889171,2.2150907664359742,0.028871905906692502,-0.2400193955232748
1.756681056430164,-1.8962880304890801,0.09309578629341708,0.27395884840666584
-0.94169076952095,2.3524122118667403,0.2004353565344007,-0.09448393985618256
-2.7781563980787203,-0.9265861042992158,-0.4072409020785064,-0.026568595744564494
2.9474587532600456,1.3991621632883255,-0.3480145351813799,-0.0822023656733645
2.411397833505111,-1.1358409528595859,-0.17986799892531405,0.3436143139395269
2.6876468608846835,2.550418248714248,-0.194347449869036,0.0018068060708274492
3.1095975596603225,-2.3459081271892863,-0.1915030570691988,0.11333553818523952
-2.0489765787055783,-2.019919736591405,-0.22804827811100514,-0.14634937270695503
-0.6519306223334316,-0.04379301519509404,0.35361269284852015,-0.2781578238701643
1.6225601962923992,-2.6267582573320833,0.06499252457538576,0.17303839721657466
1.2316338672598492,-1.910212836573341,0.21657903415763918,0.1887569779073327
-2.17463615604013,2.788266412534769,-0.04770779040106464,-0.16057253983074948
1.9844380504616632,2.993872837947384,-0.08116414091401955,0.1299713406727754
-1.7313909502907023,-0.7774855638516409,-0.16893521164388084,-0.38484030696844534
-1.735305104648308,2.65958450796927,0.04123115973687218,-0.17622164483211894
0.23231715066534075,0.2816417435903964,0.42256141170466455,0.14281418969504417
0.5839588330476175,-1.446750755289349,0.34783383328238104,0.0514501406772634
0.503196484394266,1.2717086704855562,0.23240949633896266,0.2915547804153022
-2.5667639010518917,0.9984094963554355,-0.2514193381821493,-0.31310687472391013
2.3716565461145382,3.0732650183935197,-0.11507333711462282,0.0973043437842967
-1.4727783684101627,-1.4762514316319795,-0.11786922428923022,-0.3272662761651642
-2.327826403125157,1.0810817390848433,-0.15826821821730042,-0.36025662344376885
2.442576223627034,-2.8147177603644624,-0.08991001579828276,0.13849784779405577
2.8629427988715515,-2.427533533031403,-0.15242368013580726,0.1457845773318483
2.2753149241262323,-3.1169727776690634,-0.09436602379991728,0.11671473085058083
1.9447468530472527,3.138204012748048,-0.055267849873566886,0.1394488490442368
0.9754141318085594,1.8992416526638847,0.023560057281471286,0.2879469694526825
0.3195462837731311,1.8015338334040196,0.20637404137700627,0.22209717654062022
-2.595038721795263,0.06111073334721295,-0.37944374452631213,-0.24156664412833817
-0.5752054265536861,-1.256215567110094,0.21307154395771982,-0.3081365314612203
-0.7999216393434727,-2.1911711239528744,0.060724438151932236,-0.23768030691746259
-1.5095114959826081,-1.352928517144507,-0.1258194472445014,-0.34076798022643107
1.40378997565651,-0.7792957960422706,0.17155817567909395,0.38352909616367314
-0.0259135207559833,1.6104438354283586,0.29783924563397773,0.14221266734476914
-2.632364260596355,0.24920236929274564,-0.370823708539014,-0.24941857935479034
-1.758140794210983,-2.6547486696693943,-0.10013145229721142,-0.15142804703269103
1.1514487712378694,-3.0283130493961465,0.07695263806390422,0.1309775795701557
-2.6632483558173856,-2.498620606689704,-0.20115289862795482,-0.00299200757105908
2.2066981221311073,-0.5623531670702997,-0.1891933354683571,0.3909554111402903
-0.030495270154589527,2.7218313715766573,0.1648101943792543,0.056132316576587016
-0.12197813210327224,0.8633252511038005,0.408404897537519,0.06478955215159175
0.5806152348416962,1.8964280594240934,0.1327583818888225,0.25706720420834595
2.0400306746217733,-0.21127465375697652,-0.17392729949518204,0.4126113074520631
-0.9562429487969637,-0.8691776335535106,0.13519583321928602,-0.39027301541856435
1.1185084741997482,-2.4604930244439185,0.1651304097014022,0.1237443935063049
0.41300611039041213,2.36205684148398,0.13473902875611593,0.17416601781521446
-1.463804549859704,1.779146933968664,0.17463986713465884,-0.2517632527218147
2.379002367124336,-2.085275492892783,-0.07333899587058684,0.2506672222248242
1.8687828089335285,0.07703539480505706,-0.14302273939513835,0.4263538175199889
0.9955822394214682,-0.07932642136955437,0.2545235486755057,0.3707219186663227
2.2027699692105545,0.7859734058922778,-0.3254727011568279,0.2648971732068603
2.307777526882896,2.8034749365819884,-0.1433609726810705,0.08392477237376056
1.309183193856109,0.501218750814544,0.04199381022769432,0.43550695149835555
2.1175171930983137,0.25269253971833816,-0.26350875710209604,0.36083927697887086
1.2407497865477195,-2.825404340760529,0.09514744955017716,0.13382258199287592
1.131857850348311,-2.746333324561593,0.12094385405903485,0.1217040567930108
0.7452572688659669,-1.9644580469780732,0.27213346489188045,0.06262460989162968
1.5878654765483704,-2.9375727779834175,0.027773344310312708,0.15360741571686046
-2.145047386368681,1.52903133790511,-0.04053381881676449,-0.338548025926167
2.3930815581330416,1.4032256847028197,-0.3387941492181252,0.11282464588399753
2.3363617900986666,-2.286726120458713,-0.05806818046646875,0.22373948499827992
-2.9578265545521285,2.1116460115299747,-0.19552157101851364,-0.1671331874625129
2.0471670199815133,-2.169043313688115,0.011320251577255525,0.2483632853069901
-2.3318793957424617,-1.249250630486801,-0.3426541191266481,-0.15339870240567016
-1.0359787923498955,-1.5772246589519712,0.02336217905041793,-0.3337299247602537
1.5300074981083513,-0.8023181620769573,0.12424025430721883,0.399522376610702
-2.1315084367553454,-1.5414930214789628,-0.2888509231190732,-0.1780507351117576
1.9978457341125084,-0.06942337665986464,-0.17676381904849625,0.4135671132155198
2.086860586956254,-0.5817734394328697,-0.13818895072499707,0.4106067025740512
0.04692115504401517,3.057206275386518,0.14977508227241904,0.01968965088446681
-3.1014690382450505,-2.7901970321799445,-0.1611089872468803,0.04520511464632885
-1.3380788726249238,-2.2482407185182147,-0.06622245434549133,-0.2273812753982743
0.7346734955522503,-2.8096777731446343,0.15014778295442494,0.06976986278232589
3.023381923799808,0.7906835473511848,-0.41524892608709246,-0.058057666057180116
0.8282088162386501,-2.7991007626389344,0.14443297242899114,0.0828628453815545
-1.5091986102948238,2.1139132146330164,0.14186728917609098,-0.21415194094713663
0.8419826647937478,0.075012628888532,0.29102673629465814,0.34285616112229705
0.25123555033265976,0.16969390995251477,0.42748823297620386,0.13587161655894037
1.7583204750955312,0.3870097058602182,-0.1374446383725045,0.4206575010818048
-2.469413475559562,-2.0683384838617207,-0.2608025737021474,-0.03908932870390361
1.6400866817646476,-1.8994678456889662,0.12421185576740172,0.2608077452400559
0.2592855608153064,-1.1384043348397999,0.3856465337471834,-0.038609547993773266
2.9090645559884694,0.5874553061658099,-0.4325768486018846,0.01700317806507077
-0.9935464830018605,-1.8213837310249847,0.021648651449912265,-0.2995225542574603
0.8332879303495639,-2.410658854907261,0.2007475723285839,0.0720471387617824
2.714512644829174,2.9538315134013073,-0.1505239765283673,0.03774014164206885
-2.4975050368357814,-3.003476837752828,-0.13349005959055316,-0.07441410683207011
2.7471876068844274,1.9019038897286746,-0.28645588685636403,-0.034421913189986206
1.1805208097892947,1.8097782197610535,-0.034153571424651835,0.3000488486810351
-2.715359840537904,-1.2741413003918851,-0.3723918699533981,-0.011548322596573055
-1.2505827917531975,-2.289425492630154,-0.04382074848067334,-0.2265566846155482
1.3079838087409197,-2.22658088030583,0.16897961606849843,0.17048629670451915
-2.718416344011499,1.2404994365974318,-0.25962485816662406,-0.2725510643065923
0.5162922280637456,0.8972802748810498,0.28438319044984783,0.29624758233048676
-0.9683453121406154,1.7765434661248989,0.2736194605448709,-0.1387282126759693
0.7597346046466242,2.7487752745857543,0.07748999266280071,0.15280778131559367
-2.8541869788185004,1.2059151889223694,-0.2993044477979734,-0.23458962238337966
2.334434601493041,-2.1623485690284014,-0.059681754218507244,0.2423831112354577
2.9750189342470286,-1.611997580788014,-0.264905107957039,0.1965151901089473
2.9460464511929327,2.150066622030919,-0.23812605784760554,-0.08080082152628545
1.5686087211176147,-1.8264837932048776,0.14569639221754693,0.2617453125577488
-2.3242367009347706,-2.6859214972587746,-0.1612373525344073,-0.07540283237328615
1.6227155180464772,1.2772462488009406,-0.1612111132212549,0.3354887182318297
-2.9871085013469996,-0.6124449710215858,-0.4309706994630918,0.020156871194630506
-3.002586279680167,2.639189486583363,-0.15690202471334194,-0.09488542885083595
-1.1082896793762296,0.9440804550249187,0.28184002931955887,-0.2930018952875185
-0.0713569391858404,-2.573473460839033,0.16736701946232366,-0.0928761656990964
1.6990199145222977,2.8139658030920875,-0.06807442287330834,0.1505094403225947
1.1516788171679426,-1.5170294536208415,0.2621861323018747,0.22044300726096067
-0.33990332045179494,-1.0228240884715811,0.31382169889881223,-0.24678353025889693
-1.422345604356298,-0.6141159326733794,-0.022980770347070037,-0.4307288845651823
3.1235253552299262,-2.8197409070516,-0.15681934678520712,0.05028992011620351
-0.4638165571860653,-0.021894247842388026,0.4009569880532536,-0.20423497124379494
-0.3054443344700619,-2.36675972236196,0.15233727568867697,-0.15806625574298294
-2.1135138643737177,-0.6222217883265428,-0.2927541415618544,-0.31611344270701913
1.8523430251218,-0.9380180665938616,0.008196283285661701,0.40701067089229787
1.2169413152920887,1.7143048033950583,-0.04273882965125343,0.3127329796983022
-1.7544562662437273,1.9048765042608942,0.0935174762568236,-0.27247651447745047
-2.623977278186239,-2.1776710850306054,-0.24732933938820284,0.0009600625864218115
1.1341105627520074,-0.8384836187194078,0.27037452273271,0.3155484548195461
0.9708225913657058,-0.7957455578055344,0.31709320740639857,0.27373273252537156
-1.4246524085078007,-2.190252776897045,-0.08982220522958617,-0.22842641975474365
2.8328593098744275,1.875238677813889,-0.2864594100045157,-0.05884298523258401
-2.192467927418517,1.3020539878285184,-0.08035490157357308,-0.3604716513119419
-0.42515298389650713,-1.9453886111736607,0.1657159040071785,-0.22827145836625173
2.78732103162801,-0.8374109456923797,-0.33688442067422364,0.24342114295130018
-0.5043681428576718,-2.476800075985572,0.11457006292565411,-0.16893688843394447
0.8703841990261107,0.8055458071385067,0.17761883691222713,0.3785447681979577
-0.6434333740930507,-2.378990360561797,0.09107602416645086,-0.1978168024964975
-1.4186477231873524,3.0532144285606106,0.03590960410933315,-0.14683921000513278
3.040921246664527,1.76357748766746,-0.28468413922720487,-0.11921370021628223
-0.569671239382159,-0.689651532548563,0.29859274490358234,-0.3045890230293991
2.4761983261279124,0.4936317449718919,-0.383794775917032,0.21084870526637675
-1.696745252536648,2.584536855879505,0.05698412624473567,-0.18127169468786494
-1.8026163083685354,0.3399158037120431,-0.05274194490157075,-0.4410994603245115
-2.9459714414573197,-2.045186327729084,-0.2530023064642545,0.08589646342057283
0.952950768788333,-0.7621292940226465,0.32106142199619586,0.272988340445366
-0.8260733453960434,2.156042774189019,0.23910630680176043,-0.07491154244796203
2.2893304019420766,0.9061171031700219,-0.34726708864524625,0.21775713546128037
-0.16832712065357835,0.947029237079823,0.402533779872208,0.055093417006326785
2.9417460671918247,2.304807369235702,-0.2176608030722929,-0.06954845665589304
-1.9759014592170268,2.475405726073028,0.01343840248021097,-0.20386972543949647
2.3161276727846865,2.637634519067686,-0.1676091643485194,0.07480736916491948
1.7379092814731862,-2.5456375961437256,0.05377043473036476,0.18741288126383981
1.7022521536614983,0.2772518471991332,-0.09893683061829432,0.4350569139421455
2.166336913065976,1.5111658899557359,-0.2972575437101156,0.17176004217976873
1.6400621047144277,1.614318978322058,-0.1698100401445066,0.2823982084477438
0.7930656703419907,0.6705176722559374,0.22655044679414135,0.3628910352793047
-2.3169567664932336,-2.093636919740095,-0.24823253961514097,-0.07706953804145103
-2.937224640511673,1.868748454579479,-0.22153777799844265,-0.19235468957692092
2.6442650139536745,1.3830002966848127,-0.3585735041952968,0.02697246399042451
0.7329355422745789,-2.6003856393703106,0.1791158037069257,0.057268272263240466
1.8631987496923488,-0.2273895778702122,-0.0962211099234367,0.43694935119281286
-0.11609848948757451,-2.048460413133084,0.21405790788769735,-0.15907757355724642
-2.4045235642894296,-1.0211618384556744,-0.36611994922515634,-0.1595931876758339
-2.3550271233550912,-3.027985800705271,-0.11866301496431601,-0.09486441770275658
1.1659410862396324,-0.6262459063661798,0.24684551632390112,0.35282900577717535
-0.437900977164726,0.3133859381760562,0.42053181977231036,-0.1458408613549057
-1.8816586370600354,0.751359590245591,-0.02780551989034949,-0.4213020092260628
-0.0528130204143884,1.027240134378431,0.3838280360121544,0.10827049824503102
-2.738156003569692,2.1129806374175066,-0.15428610377244414,-0.20556034213531388
0.5150415081174629,-1.7877992803527285,0.30512855305464665,0.004384147177519199
-1.4514572471149714,-2.3845830370621917,-0.07954429295303031,-0.20187209789949156
1.8696189691411522,2.208773193396511,-0.17717400618004925,0.16585517451259055
-1.1915309533737202,-2.157565316140259,-0.03571079509864812,-0.24777840509544924
-0.28136010134691913,2.983005567486968,0.1524874798099834,-0.019415005269238964
-3.0685786479777213,2.1522311701048267,-0.20789238919361022,-0.14089227678416177
-2.6863954326481325,0.005507877245716664,-0.4038131890320559,-0.19857880857529414
-0.6754829068126491,3.024860023631529,0.12878106152834284,-0.08079563733182511
-0.12604801895027062,-2.5297566199971744,0.16497384394652664,-0.10775015472142846
0.6284476383592579,-1.2373743158651969,0.36572169258937975,0.09056880175523879
-1.3090226243893894,0.8684896136766627,0.21331694611152574,-0.35374298918193253
1.2251073220764557,-0.9424346401871784,0.24570051009482716,0.3240911511327353
2.2627157548055017,2.691544124604735,-0.1554769852913364,0.08537310869140721
1.7583556216143732,-2.7292517805832577,0.028745545726220935,0.17092988054493233
-2.8926602322732813,0.31046369720627753,-0.41788915731429455,-0.1535119973795949
-0.12247846258168593,0.570929596215235,0.4329206242129952,0.02838380826226316
-2.4822968982729843,0.9596191033101595,-0.22991215118837907,-0.33359448466594344
-1.6207789662463106,-1.535194395609242,-0.16497303903275062,-0.29746830648242095
3.0577912555700495,-0.8509542327060293,-0.3880494693738099,0.14577909570698058
-2.246266752092427,2.1594084543546854,-0.03814482520768955,-0.24713623774970403
-0.00698593789827795,-1.9167311118555803,0.24814668126464454,-0.14285084403141626
0.7423943738266208,2.0537712547490905,0.07991594157979795,0.2536060204358178
1.2721249281412614,0.3936756325976343,0.07404599793675035,0.436042055984008
0.37478373167758416,1.6473727180606401,0.21374756646368068,0.24479958381717465
-3.080200608646885,1.3421346652119732,-0.32440843469631814,-0.1663125001703533
-1.0903757582685172,-1.8377594747166568,-0.007949997504487188,-0.29781620707694634
0.11128553748082348,0.43236317450813155,0.42651830206917407,0.1109061074214796
-2.5895111571696683,2.31047271081471,-0.1112323026100012,-0.19865289881420525
-0.9385386711148009,-0.42652626352217604,0.20793272829261014,-0.38884538453784034
-2.932971368279193,2.9316762719327505,-0.14349534333924174,-0.062327647365231414
-2.647869394805114,-0.30024138094593233,-0.4113734505164235,-0.17101387593273193
-0.64765015648234,-2.2444440392018574,0.09389565030859215,-0.21803191594588597
-2.3077149777551766,-0.6947023936195738,-0.35015238189909137,-0.24297179260480872
0.424371665431468,2.838129923050685,0.12448437627555078,0.10543229555901446
1.1904435103085023,-1.1327273106186428,0.2611246607223945,0.28721273748380355
1.8886419313758003,2.3128289496765717,-0.16710298719973005,0.1541288829223816
-1.8840115797223969,2.395468681495851,0.03836912432988908,-0.2119870816442943
-2.0892685535311095,-0.9413058291349286,-0.29774268805417303,-0.27719174008783626
-2.4845735355971885,-2.618469359815879,-0.18042593253633787,-0.04452873967690696
0.8572165393874225,1.410938955437655,0.10003396535574201,0.3417881969945852
1.2973252509517286,-1.1843031534193822,0.23006551332251785,0.30576901825983316
-2.9431310525108727,1.7776614961573234,-0.23496345397346824,-0.19699444804143684
2.740802376410156,-0.3603102148480306,-0.3848375003087262,0.2205016398388198
-2.815047447755599,-0.0925717880397312,-0.43005978843905446,-0.13100849041307125
0.2594725272040477,1.7461563012094015,0.22676885957752752,0.21301232378923812
1.3135659841253302,-0.739132989859129,0.20224597880109302,0.3716333201678601
2.330867747738691,-0.3573414282473619,-0.26548167022251035,0.3554352097156103
1.3451478664336234,-0.7779182275155021,0.1936304368742131,0.37298940963049043
1.8958134583075772,-0.8335241252678092,-0.0227664526086319,0.4153144347624843
-1.0087641912855525,0.16302715075885477,0.25934902372918844,-0.3661211918798894
1.978104529023228,1.9402441325548478,-0.22582043884701886,0.17031171363911285
-2.6382162278986527,-0.8685353115147656,-0.402897700659147,-0.09115111140069229
2.4807062123892836,0.15239690371245418,-0.3678566615274216,0.25717383419241235
0.29903171858291966,1.0727114227550167,0.31634785147685474,0.23541664633994253
1.993640686229189,-1.4486546834000649,0.0051633960929673706,0.35133854745421245
-0.2995930541357339,-1.3978654434198132,0.2676884368705858,-0.2373377834908625
0.9021252648975144,2.7232149916525312,0.05319441658547805,0.16562886315575476
0.16589281126423083,1.404509146800554,0.2959405500754755,0.19953987358408803
1.455119880389848,0.48497818995632214,-0.019519058916169035,0.43788202390835723
-2.628696349869859,0.9281524755113582,-0.28080565429356874,-0.29595006697343107
-2.7623893262026145,-2.9574988231738506,-0.15186308728879766,-0.030957627130060936
-1.588997244300682,0.7420628179515902,0.09388249819509861,-0.4123383580420994
-2.139143863663941,0.05974601253013878,-0.23451546937650758,-0.38385141790688504
2.335985043062945,0.28745371579832124,-0.3381121858535173,0.2906670764504712
-1.7642305490934775,-0.8832661457961435,-0.1897287284122087,-0.36554034802494345
2.989949583560021,-2.6296770565611842,-0.156187144111632,0.09819815664627905
-1.024813964682941,-1.9268064216571852,0.008475944615037978,-0.2847100303712976
-1.997312041560387,2.8321125593467356,-0.023411523016874172,-0.1619494264517093
1.8202294035894857,-0.5736575688783323,-0.026270319286154198,0.43290046770057655
0.997190363162261,-0.2093359057651063,0.26860448756423183,0.3583111099397459
-0.011336647871623029,-2.8104072764381414,0.15758827347895546,-0.050564366336760556
0.34785944980461325,-2.9055570720729187,0.15688310407909947,0.019574201742264347
1.3772853925479254,1.3645912770761894,-0.08048409082750735,0.3527740434495664
-1.706169179501464,0.23935583388770798,-0.024918573993637894,-0.4464451198817283
3.1185579688226266,0.05470131211218421,-0.4498452121517236,0.002160594061201962
2.983213420350003,-1.613996176223145,-0.2662127579839629,0.19427812598454614
0.9445241437467606,1.5378142008985813,0.057271166680898045,0.334944572500279
-1.8878304577531848,-2.0845310516051607,-0.1946711916638592,-0.17428175624672898
1.13240744478309,-1.948197462895951,0.23013836482505756,0.16239093524249132
-2.6879566710900926,-0.24685270773550494,-0.4164623497646629,-0.16226791398829635
-2.9489973021019824,-1.3428432302266482,-0.3556924079760991,0.07950770447366554
-1.5225233145845398,-1.5867368858348303,-0.13544532293767045,-0.30449954833747306
-0.23484688904134376,0.9125550343068651,0.40861676086690185,0.024243169515395346
2.313924395020151,0.9485834513564191,-0.35188317575384054,0.20281360395857378
1.4273453614013212,2.039000884895888,-0.0992715632257487,0.24905727250061746
1.5249700479603918,-0.5170523229021509,0.09378650785539588,0.4265434273424436
-0.46813918628279616,-2.6823854834804033,0.11772882786980984,-0.1340281533134106
-0.9680189911794361,-1.4220960447823372,0.06047762766718644,-0.3495371454182056
-0.8102873496108485,3.0159632737241715,0.11782499766551059,-0.09657411485132714
3.0639925739189335,0.6048104655921547,-0.42872928049423187,-0.052212005349725255
-2.8895791714240295,1.3178169695924495,-0.29066857559774145,-0.22480623332630806
2.3061269037087104,-3.0953620465946576,-0.09559144106254157,0.11601050113309745
0.4943321711784132,0.11438998895566144,0.38714263322288756,0.2281061051394429
-0.385690696235343,-2.9057931439877933,0.12964354436033493,-0.09046017397889378
1.4153356222500344,0.4349862514259124,0.005065633029286941,0.4405600578837466
-0.08376151136945742,2.64378122012286,0.1736082759276771,0.05730176496886141
2.346287402874114,2.943164198362,-0.1281853625900613,0.0885128812639916
2.517684064515012,0.2547999741705116,-0.3833777624458608,0.22938118304569258
-0.4918419221283412,-0.262606953549986,0.3737367186105111,-0.24440816266504145
-1.4022323053836274,2.796124868025891,0.07672744515543639,-0.14808901380161466
0.5802542277310203,1.0908227455835515,0.23588009142595526,0.31371738755333106
2.5909553143982107,-2.733818453947518,-0.10718550496295254,0.13561249119837196
-1.8179630828511,-0.21535254681164728,-0.14032795991042732,-0.4251225286148506
0.7726218311201456,-1.6320886834517905,0.31275112917581804,0.09578033386385851
0.8266172418946378,-0.18972504381396194,0.32380261817820166,0.30989823457636934
1.4646923173519193,-0.2798180636332752,0.08823354310259232,0.4372806364462244
-2.314928507498564,0.5161310181067513,-0.23710471982240738,-0.3668208157028837
1.3560682470130523,-0.8999375505921212,0.19858906157728007,0.35918196544964925
2.5700271240049863,-2.109450979164519,-0.11794705459961216,0.2289544657293251
-2.012610383987939,0.023369896766628706,-0.18922491140690756,-0.40825158564078556
-1.6490639246094987,2.0747259113096126,0.11315852333458282,-0.2371430284126387
2.9618627287589696,1.0305192215921464,-0.39407609608084176,-0.059141007499484415
-2.0044809233873924,-1.0155646499867648,-0.2749584776686909,-0.2904142773753041
2.226667211743205,2.736471857536892,-0.14573530071678492,0.09244614981467053
-0.048519658905639584,2.5899765551810434,0.17585810273142632,0.07016298983226721
-1.588193999421528,-1.8262178664980597,-0.14967130271706988,-0.25953748210834954
2.3294903323137257,-2.893924661917028,-0.07965856768550525,0.1374798402418531
-0.3436572181471864,1.5161873308039935,0.34063174381872224,0.03718040249024253
0.09310018050230928,2.0584359805902643,0.21640439771123365,0.1532982697929741
-0.8844628251285687,2.9396797665355097,0.1202571843113466,-0.09933066924657669
0.5840274240257686,2.4494143035395446,0.10115101617930125,0.18160751426416896
-2.1141418599904713,0.6316785784552512,-0.14186804802893926,-0.4062103235680049
-0.6843548885902355,0.18882441618560808,0.3644055983773069,-0.26097674553094563
2.9494046067061266,-2.9666621693602773,-0.1444989319961607,0.05471362783753623
-1.519692461950238,-1.5918044908535625,-0.13460758661754488,-0.3041220181666069
0.9848055077421831,-0.2537479985384765,0.27757786544217666,0.3500979577347764
-1.0983632200124043,0.8074138169203469,0.2802120610272958,-0.31016839723247375
1.7182823252225257,0.35972387791533267,-0.1169466099575,0.4278585697423192
-2.319289191467451,1.5245268853609755,-0.09909240555093474,-0.3268691775059824
2.9519726874412706,-1.3837651840056113,-0.2942344580225067,0.20654520329854284
-0.29034887461634806,0.4081092700650202,0.43640435478130446,-0.06826269287104812
-1.6584438505383574,-2.587778604974921,-0.09368037842954834,-0.16485374504531697
-2.679798970640367,-0.5424555137250366,-0.41808871600960584,-0.12158022924031195
-2.0749722785661704,1.5718068700521561,-0.013516738528086797,-0.33500201328035245
0.12424338303209526,1.215173400661362,0.33208559241098473,0.18317983982013855
-1.0241392469638853,3.0827992372746102,0.08563933931675984,-0.1237796781407293
2.0664351322893797,-1.3955512137879333,-0.025187236135062296,0.35715131006875755
-0.43424649587093755,-0.011376968825752343,0.4075075129945427,-0.19087116681663377
-1.5788747903813385,-1.0710919994962071,-0.13465849059536467,-0.37079918358948843
0.7360436586401913,-0.37320164103561515,0.3625729270031708,0.2546481988499852
1.2992195709941194,2.2427838113911847,-0.057659924895809817,0.23053524608843529
-2.0920373921832995,1.1574197546734384,-0.060268127857154866,-0.3808163500418327
-2.0884100566060786,2.402948874335382,-0.005801488275897632,-0.21429402722322624
-2.9111792826876464,-1.862894647871051,-0.2828247459532167,0.08120071617632561
1.4853576676480795,2.3458970898934695,-0.0901187331350653,0.20346421951219512
1.0292142012028185,-2.76609521054853,0.12984937740089905,0.10913231213578986
-0.1593989087447829,2.4416412892232753,0.1982574027745843,0.06599534526546272
2.162486708128661,-1.073961117504092,-0.09776063298489832,0.38189131776361873
1.9205822138591113,-1.1649802575021329,0.00636983428449793,0.3846928728749247
0.5362972882813253,0.07595476749775854,0.38063532006747447,0.23949377278326983
2.3139166987771187,2.7689381125208232,-0.14866922160256296,0.08108446245120388
-1.8482541870747036,-2.8413734850665975,-0.08558738774800911,-0.13856531415761864
-2.438380945404858,-0.9284601662917473,-0.3750415587373557,-0.16049896049544513
-1.4467058578888428,2.2404078802469405,0.14231328742525748,-0.1907500882270091
-2.7829053581763343,-0.6531089801245797,-0.424453052996145,-0.06178564198275117
0.19584392036780685,-1.8902529607844323,0.27577041627557386,-0.09047713320178878
2.7432744708586734,-0.4725320948728857,-0.37314084983856216,0.23109216214060102
-2.894389896928991,-0.719094841071001,-0.42448667282687963,-0.005221953891744915
-2.37435343602103,2.610136973419946,-0.0700992025083676,-0.17320444061429036
-0.30034236315842655,1.6457822211142847,0.32008865212320936,0.05745299879465911
2.7261171352836175,0.0321419846887987,-0.41359079817651256,0.1771896324362785
-1.1551252600247475,3.068522769283943,0.0707504474023578,-0.1331710616810905
0.04545764365116245,-0.21816770531612129,0.44745849180532676,-0.01214531109986155
-2.8803826764269216,-2.7756735706578293,-0.16836612648055788,0.010548478247346657
-2.209524832884808,-1.4936744883113897,-0.3058126164340925,-0.1609743165401872
3.057587238606022,-0.4016810193810616,-0.43159529378158257,0.0951943221480907
2.9224269595414833,-2.1557443908969702,-0.18479133960881378,0.16928707400627258
-3.1105538379649635,2.8121346257252027,-0.1564851328877804,-0.05341159768097185
2.838817171781871,1.6766610740056986,-0.3156998851557031,-0.05765017115541571
0.8741163492180899,-1.4558944577576671,0.3178254867816727,0.1476664769232311
2.311698822370775,0.570541710825065,-0.3474696803449252,0.2598260739077949
-0.2843778740821632,1.391406090238167,0.3550491205100258,0.04998788421901158
0.097992737619498,2.772637282475138,0.15403371296894317,0.06949965539778497
-0.07007900305452575,2.3978856186392914,0.19625094357109962,0.0880273696536697
1.0484390513071133,0.0954555720549739,0.21178521738500694,0.39653159201136534
-2.2641379415757346,1.7256933052618697,-0.06295715237632071,-0.3076545934710022
-2.9532630340983563,0.39046700416777425,-0.4202637278347484,-0.1382180375901039
-1.2068117689433542,0.33114830756534586,0.2028732908395663,-0.3955410137490217
1.2860471610892095,-2.4206476668422536,0.14764920103201498,0.15196482453113566
-1.873310009007406,-2.349046374060663,-0.15997440229145515,-0.154029560798607
1.0897081168555234,0.18556517597700273,0.1825092791390197,0.4094450571957283
2.9525444637678984,-1.4522857445120954,-0.2840831952052812,0.20600422652761935
-2.5515970558080734,-3.0094138971416067,-0.136727405911283,-0.06775453888858061
1.084491093220187,1.4001400118094098,0.021431074672242298,0.3568267563335725
-0.35342779559759263,-2.9374733465858798,0.13312641690037424,-0.08152157674624394
2.3131060036567117,0.5986420481394794,-0.3488527921796238,0.2552466931780376
-2.0285276993640204,0.2462618713933633,-0.1640587808766559,-0.4157757321172826
1.210304552808914,2.945649575628405,0.026595996313517042,0.1533455193602824
2.124441020049776,-0.09919177089738929,-0.22358290667019293,0.38995934584902675
2.793593531162303,-2.7419730430252995,-0.1322168847940162,0.11004490063900732
1.1513813189191318,0.3247650798795316,0.13634417044471783,0.4233268020038926
-0.01775148127156445,2.14317044755031,0.2209593524045836,0.12218971940423369
0.7404560481239302,3.1217961228798368,0.1087426887637318,0.10340533198416164
2.3178983782219955,-0.4376667476215803,-0.2495327725163433,0.36297419685779936
0.44365412262476767,-1.1290963008261627,0.38707763995343736,0.033820499128154824
-2.950665126574239,2.5550780205249373,-0.1561330199881107,-0.11473339761799783
2.707730511757652,-1.9399829180649655,-0.16428316412919752,0.23029093893176922
1.1908316973989885,0.7252612629585653,0.06049491398623324,0.4197495900109133
1.1090663120361173,-0.5924137446652362,0.26407092585499925,0.3426807950413182
-1.7864657049207384,-2.8834645417168585,-0.07056730080358976,-0.14318519506689178
0.9983068520901508,-0.9595148144794177,0.31240503215998655,0.25798383658804397
-0.6668696069625644,-1.4751126979560378,0.15463400396351157,-0.3117478422717973
0.9502248193081311,1.1692452042538113,0.09621665145005225,0.37204642941470123
-2.4718488917108776,2.8198338610996743,-0.09418496489855988,-0.13508489932504938
0.9917712986890823,-1.457402504221523,0.29819319575588404,0.18375093348316535
3.137908983966067,1.9569982125647378,-0.24400928421775758,-0.13805404673126617
-2.8386674793919764,-2.793756665194227,-0.16699694810322746,0.0013747877376160261
2.9981738232647857,0.2395213701769996,-0.4462277963551894,0.028485100031519356
-0.5849145334014443,-2.6983135298671996,0.1016298139401032,-0.14446408731248095
2.329512631745203,2.727109712703241,-0.15577585545092454,0.07651576603469656
1.7742803243957388,1.6735344525466616,-0.20364668707860306,0.2485917398956259
0.4210755863735436,0.9924285613510149,0.29729160785658293,0.2707709572135044
1.4982205680765253,2.035100986072723,-0.11688393653599854,0.24194222233775164
2.3782834133074626,0.9268942120445853,-0.3647631402428364,0.18296644393593328
-0.6023041225531909,2.946464546209694,0.14242776353164194,-0.06262808238730104
-1.0867826978951638,1.344337434378228,0.284653012202538,-0.2273328058109641
1.0530202977535987,2.668208736294485,0.022985391772000013,0.17851866192756277
1.934253099280176,0.10764285216542824,-0.17473215162965505,0.4140625124273654
1.64798610512005,-2.4060552539485505,0.08579078502818858,0.19597861269529387
1.871218342786113,0.1770458452349004,-0.1577067597785064,0.41978771197676934
-0.4047419699045922,-2.3444271644234433,0.13716346798809384,-0.17549880205472732
1.997011277189836,0.5811536693711092,-0.2508426112043286,0.35327421552142835
-2.3862968830952487,-0.10999934486627039,-0.33825887513071257,-0.29586650483645593
0.2795332466372833,0.7701639386846266,0.3630303510981232,0.21286298988732494
-3.10540992255896,-3.0784656098445637,-0.15054271755013957,0.004019541431395849
-1.1021597362417226,-1.9173737391771626,-0.013382915701395187,-0.2859189269215669
-0.8390469220393464,-0.05447250282929206,0.2944526609394772,-0.3400943061405472
-0.6523662185647301,2.8305973590089257,0.1527804162265115,-0.058953300711456616
1.2281566811091773,-0.7313059675290008,0.2326555480842905,0.35406023933631897
-0.7002101007023591,-0.4751845747115633,0.2871888780353359,-0.331739799746011
-0.32236747650272646,1.3489753119553294,0.36220500539167094,0.03328826563961941
-1.6490588606734742,0.6521491275717937,0.057980214260871674,-0.42505130890479026
-0.796382480545867,-1.263384259360186,0.1393315782978048,-0.34687185691824596
-1.7136154708017786,-0.5603571130120542,-0.1396968007107846,-0.4113644206603239
-2.681689100822471,-1.7737444760340788,-0.30694915788847843,0.011916725734070932
0.649986681982269,2.9280991848373183,0.10289159111913121,0.11813812881696802
1.0569121843604377,-2.3207926267760985,0.19278703848039788,0.11826205243402743
0.750779986397415,-0.8052732321331653,0.36912443478830576,0.1964928359951177
-0.22937368761678512,-2.979241602984397,0.1424794731965078,-0.05816442731906238
-0.7553282196919202,-1.7481110084391809,0.09793440026979333,-0.2950152936049516
2.282892648593629,1.7622521357581222,-0.2888501683715916,0.10926862674191337
0.11989439200264318,-1.8775713899038655,0.2699771638238816,-0.11150607801587298
-0.13080412059994106,-2.6385394591769913,0.15771044622690014,-0.09368613908466966
-2.9804788024690643,-0.16051540504605066,-0.4461147374118415,-0.048215086437645736
-0.9974693169421753,-3.078954104382042,0.07363583364574061,-0.1313555013481502
-0.7527531277804451,-2.6089911975521405,0.07256318706747641,-0.17233853664006094
-0.6357152164898845,1.932870343746429,0.28193001350846514,-0.033706955872747274
0.5037378523709508,1.7057173317127754,0.17331744711893693,0.26524513085292073
0.21113102787813842,2.6083941368079078,0.15105090053959125,0.11034904704258322
0.6779876936096212,2.2274861780827875,0.087812955497375,0.22325774187477318
1.664310617039308,1.15092600758277,-0.17009594568321643,0.3467782473289763
1.9665473948577077,-2.8127756135155426,-0.016228577532245964,0.16449432283251808
1.3705077077031227,1.777190280689818,-0.09031154784259451,0.29308696464693357
2.862139793496187,2.170908450145115,-0.2410831066599301,-0.059605241813241866
-3.027033958005741,1.8791885439540872,-0.23646562980423746,-0.1710747414698848
-1.911483290473721,0.053275350066446236,-0.14276104016932853,-0.42660472780351766
-3.0940737086470946,-1.6782272429722593,-0.290679935827892,0.13548055311325058
0.9266109571567114,2.1697722293760915,0.03031744653650781,0.24665588708047673
2.5008996969711825,1.4273060284968695,-0.3464415988705348,0.07313053527641113
-1.611748265183247,3.020711547182435,0.011886987607433279,-0.15170843783174628
2.6831371775222763,-2.163347210933094,-0.13883260678663883,0.20727375941673415
-2.762921472420367,-1.7237002610063132,-0.3123251411216248,0.035287561801068526
2.7296420605338847,-1.8108256301665155,-0.1838882588939155,0.2393518543039088
-0.9322821514547193,1.838081569684113,0.27135940768483197,-0.12285685605805617
-2.5043467944356945,-1.9672194747297513,-0.2768964937111652,-0.032823915525543645
-0.08877035509677356,-2.722756590264905,0.1569155922402681,-0.07521192257578807
-1.5282178960602937,3.132549934674425,0.007740256067399457,-0.1498124430592437
-1.3516834215690288,-2.985661515272463,0.01026212040264593,-0.15325347334306177
-1.210832860921219,2.106400553109414,0.19943338181316458,-0.16368829928897405
1.9039678689570936,-0.8459250830281193,-0.0245257624213564,0.41421250906474705
0.24605755821635356,2.146433237455704,0.18111896220111973,0.17522184838994131
-1.185588692240908,0.3431906678487979,0.212576754617783,-0.38995236552234636
0.6932476061846984,2.5235234400131707,0.08117610351904056,0.1804454177375805
1.3581147404161307,2.6778495102633713,-0.03057680030420727,0.17626814131583157
-1.428645537796337,-3.084427094644365,0.01280187179184546,-0.1499437480754031
-0.5431870150883853,-2.667763977409465,0.10718037954903689,-0.14466466044633997
-2.3757597427855646,-1.5685423624260466,-0.3204556626380978,-0.10005510933785484
-2.0033977221883505,1.0638401363741474,-0.037248404193395965,-0.39345803247247146
1.1379970389006777,2.4395861603074396,-0.010143738898683391,0.2089923009490833
-2.0015818931896887,-0.2516921430640573,-0.21988307168741433,-0.38899325193611506
0.15810620253579533,0.6721319124376781,0.3974631730492306,0.15794830128518067
1.3134764001752073,-1.9572131480992085,0.19632567984477606,0.20009437621296267
-2.470065140724336,1.9161631298224826,-0.10728988044032856,-0.26555623813391993
0.4229351493659723,2.9363091228881064,0.1271053646690871,0.0907410369451015
-1.52956114066829,-1.453935784776679,-0.13576228131737667,-0.3233606805146243
2.908655340791319,-0.03250950488208337,-0.43664407313957754,0.10860201897166927
-0.1033857507685112,-2.6005091733446917,0.16253865168752266,-0.09453880548321611
1.9226078928536916,0.3715665710038496,-0.20266778501092542,0.39406108970396947
0.3155826717066601,0.01748888091445222,0.42694109394885926,0.14215322333862104
-2.8688236650089425,-2.2340714585259325,-0.23181011245667116,0.05788775234536668
0.8366147667631116,-0.3640087185257843,0.33455168892540077,0.2909950342893135
2.836250847364626,-1.0423512125391512,-0.3193118380989795,0.23646808416808246
0.6384458953792027,0.13716743496043549,0.3480056293152467,0.28380757195760786
2.0055227517658185,0.5381820618624631,-0.2503276448240127,0.3565302848607941
2.4140404054341484,-3.0882133589089853,-0.10685782443927894,0.1058753777941786
-1.70852518161539,1.639948957154612,0.10845928608654805,-0.30743748267083676
-1.8092756310151759,1.3384082688449537,0.0628086976887511,-0.35955841162254965
0.6973141185248126,-0.8401474135570655,0.378443413949497,0.17129610844122117
-0.5590246112677977,-2.808986361001989,0.10816034266049585,-0.125434556791371
2.135411544651088,1.6017883882994042,-0.2846984322447428,0.16928663161137003
2.5134194114664705,2.859949880509312,-0.15064706593103672,0.05789169057789101
-0.9209806359118113,-1.632675673968546,0.05669884395829801,-0.32205535744317026
-1.6532910377379118,-1.1088275540462855,-0.16404929070654212,-0.35454457187319216
1.7625937956692157,-1.9866622071274282,0.08906311581228377,0.2611692305172315
-1.4149354087094734,0.4834039197916531,0.13606003313307738,-0.41674366329143325
2.027045545970899,-2.1686954777977085,0.01632243312637152,0.24813689587659765
-0.4791666841739497,-0.9035601015268977,0.29425825061131733,-0.2856670089296304
1.052747065447587,1.237869274474928,0.049668489607869584,0.37342470298092795
-2.5413265733870154,0.3777198611709953,-0.33135971659340513,-0.2938646892753111
0.7782310889650295,-0.7133767476295647,0.3633315932894936,0.2203275660887881
-0.3030526122894077,-0.5010865301645744,0.39038870583047824,-0.19756558503508925
0.5441770233015433,0.3902541851142316,0.3458074910682935,0.27595342791485417
-2.0859282520898486,-3.104743481498575,-0.0787566015788122,-0.12790033057281855
1.48832163388989,-2.6483006016534696,0.08461818921829081,0.16146106054137552
2.279521267107307,2.3955150896122337,-0.2008614761914833,0.07786234510102957
-1.7797763261783908,-2.652264533593396,-0.10374218908565502,-0.14932903429529815
-2.5402003646622884,1.2993853171817458,-0.1987608032604528,-0.31164457086789443
-2.993067037060952,2.639177621184687,-0.15599230885569715,-0.09637636522096513
0.8920332456233693,-1.4408374081467432,0.31632156887136575,0.15525486069496583
0.6728916740395876,-0.8137262998216026,0.38312168843479616,0.1659195544488008
0.29340849744834596,0.4330459645536826,0.399309211875872,0.18639852957768543
-1.684226067230925,2.3983481896518137,0.079394277328449,-0.19982897977476216
-0.68545784362786,2.776574693035238,0.15766504999048908,-0.05975927133835199
0.593612321117936,1.505220280672937,0.17310194445363408,0.2973774235167925
-0.020314424912105,-2.59734464487617,0.17005940807780118,-0.08113739697561728
3.0648468136691314,1.062826904704945,-0.38191124052996245,-0.10207923536121369
-2.284316405010109,-0.5635783368383835,-0.3399267510727955,-0.2702428674155647
1.2261293947679537,-0.18409104951280897,0.17703416430801414,0.4118715558574544
-0.6011829104199546,-2.8327842095014497,0.10376580621583817,-0.12645150266496422
-0.4511351245492139,-1.9411138268904566,0.16016542428863018,-0.2329699730963527
1.3672070840585597,1.8253508303911525,-0.08914951070943802,0.2861626781418957
1.2091119985714665,-0.28928518371908973,0.19704871717222877,0.3999151486499469
3.086652441693497,-1.2461928892421006,-0.3395083770810398,0.16105287367176213
-2.3348675405658703,-0.7287296503764571,-0.35710399131503245,-0.22829504078183235
-2.487452434243581,2.2267578149995098,-0.09313973768842951,-0.2212059157326569
1.4095623596133544,1.5645069676609795,-0.09973922565780138,0.321120110636986
0.4925195252097754,-1.4305845511028406,0.35304572025721526,0.02089193086546952
-1.4189903816546592,-2.4033068176008454,-0.07120236061971652,-0.20214877107185802
-2.6425860412527182,-1.5582411299203769,-0.33684847196808865,-0.012768906179083356
-2.603385998286779,2.64369075116813,-0.10771061639816107,-0.14773502330751423
2.476774311913858,0.5126377872074404,-0.3843750902456837,0.20781392847121619
-1.936054697989133,0.21036235566652506,-0.13029879405938743,-0.4284135881562213
-1.1097892057458423,0.6056588492938251,0.2647943270173391,-0.34113840525213057
-1.7174684773389957,-0.8417692322388635,-0.16911951383295115,-0.37927770856668097
-0.9110850806835336,1.9296103178032649,0.26255991976658544,-0.10935048329336039
-2.705389784879593,0.14631181946265048,-0.39717103008492227,-0.20926912923280472
0.11975619819275929,-2.408043946268866,0.1992268424168224,-0.07717757547461554
-2.716770387446443,-2.3306525575945254,-0.2240134136396722,0.018012215542135626
1.887195596865233,0.2315928477404312,-0.17149013766880483,0.4131444239819344
-1.6731363344198085,2.7430515797348844,0.04138134856445899,-0.1668563778668867
0.25140227395518533,-1.2041591332362491,0.3774851237844752,-0.047623685648387565
2.388107338532378,2.321895642574211,-0.21915051068844715,0.05525586128025589
0.9479904683832423,1.6593615092833893,0.045896622045618674,0.32005163626720573
0.20707988021651103,-1.584541153380836,0.32241057286631836,-0.08552442376919414
-1.103743581392854,-2.913256997717267,0.03897443740915127,-0.15269901796835098
-1.04927992619983,-2.5016674136707504,0.011851979287518355,-0.2004168017032513
1.0649179466598726,1.435669727929901,0.025148519228612193,0.35212493536061296
3.1047691741239456,-1.8870306892444049,-0.24793132971804033,0.15179251675122232
1.0168656197874633,-0.8088286608872628,0.3045759987689104,0.2861199609989679
0.3630639190179661,0.010676174886027567,0.42008918065880174,0.16130700917869634
1.4492198970287058,1.4166582832427546,-0.10795149555085592,0.3386207795317488
-0.21861958567125184,-2.430139895294085,0.16070993679344614,-0.136033251424441
-2.7637071702211786,-0.5883172266190622,-0.4255251862769929,-0.07935446865248602
0.39142243820815503,-0.09378967795355075,0.4207152057765821,0.15843977734934517
2.8753444637980827,0.256524008481259,-0.43942235908676197,0.08039270893478588
-2.0401317818627964,2.0003189043986946,0.014193026340972886,-0.27353107047199954
1.1938359382966688,-2.0629067409311412,0.20725926634240907,0.16437692396471398
-1.879089053289812,1.9341620552047942,0.05874289019283628,-0.2775991251101404
0.22511198067153027,1.2118909029755054,0.31243993038802004,0.21562410576346525
-2.5341566056192373,0.35104667887506213,-0.3325485774632013,-0.2939772782527043
-0.31182860411165025,1.2536705836862723,0.37377717192564786,0.029256596137934535
1.6095216643528216,-0.5528088499113912,0.062145856705955294,0.43038664417096817
-0.9577363592974075,-2.272014974885749,0.02319438019633957,-0.23216068861263084
1.0361709242797366,1.0415337220764496,0.08003412411861396,0.3892753095596232
1.8563668526408117,0.1550206748613303,-0.14848261724820944,0.42352528007777246
2.6840373989063107,0.8757176989614521,-0.40621604975480535,0.0716145616275718
-1.6672929724295775,-1.0178836787869745,-0.16354976490781656,-0.36471441497820306
-0.6326167584537874,2.5564181007241036,0.19008706554649016,-0.03662643640539151
-2.1839345980532263,0.5489610745242763,-0.18225104649024726,-0.39504505388426225
3.0943651047898495,-2.604993019096739,-0.16727126636975034,0.0846737632139879
2.682926207813394,-0.31539082808498353,-0.3762551724095907,0.23768217256274704
0.25105805389587266,1.6107325965717285,0.24755930058556044,0.21822255556247355
2.1490585697921603,1.8481019566099208,-0.26233934791728497,0.13798259920384703
0.1316828548638993,-0.03394771869021751,0.44668685862399404,0.05402772594467203
0.7765117790366203,2.480272137092064,0.06500279768038467,0.1929980938004163
-2.581607331207713,-1.4597822618148608,-0.3474442249801458,-0.0418720283021731
1.6039113554230982,-0.5617249519552372,0.06571732979520993,0.42936186928110853
-2.339145169684165,2.5044582519741283,-0.06052963969866834,-0.19103356277539893
2.0487433435495523,2.4897543788054515,-0.16393959886355738,0.11864447714958118
1.7720347366625253,1.1668677404348742,-0.2068941571574854,0.324141711809305
1.3115816178103135,2.2555412992416226,-0.05972652233512034,0.2280568968093188
-2.914390281974585,-2.583813766980061,-0.18617988664701335,0.03844598503448621
-1.2369810213246006,2.2933310717030633,0.17210296130039102,-0.1528549437976243
-1.4884076201917236,-1.1270783675641165,-0.10502665132266543,-0.3743079392679579
-0.8787888695843038,-2.0211027148937104,0.0457854094258808,-0.2668931814166375
-2.5909170348423816,-1.6375876149034654,-0.3254345167824281,-0.024199747423382434
2.745486973525952,-0.5154190651731647,-0.3686523443220868,0.23431434180897323
0.33804944833734174,-1.5633067409780177,0.3338265916327181,-0.041639682282872306
-1.221926793877128,-1.1274071071728984,-0.0027851537951007616,-0.3887191148675259
-0.6472842182867935,-2.293497813119107,0.09233154297435794,-0.210826215413285
-0.3317362217564259,-1.2806591519015207,0.2774054346783052,-0.2475757562006739
0.632052837356956,0.45417260147719585,0.3119192202468809,0.30997191782949496
0.09851674972761959,-0.3653439269892025,0.4432371949145042,-0.010043593604740515
2.635117484049881,-0.9630944272688091,-0.2774960387327368,0.29476152544926915
-0.019078999591087165,1.5485043949581483,0.3061492700735599,0.14414829912226415
3.092320007548511,2.4724960704871544,-0.18670389948072919,-0.08394785258059985
2.208068131080193,1.6134542723824046,-0.2951440176604918,0.14680585138396762
-1.8314824533873226,-1.0555707200706848,-0.22248997072145,-0.3276339713208464
2.705509525992495,1.5358754374120434,-0.3399911017591021,-0.006949247020999361
-2.410441012146356,-2.1866730040863622,-0.2405747488964705,-0.051313730562963566
1.994595344160298,-2.3227805855533896,0.01862642390314527,0.22511113118458304
-0.7500659684474416,-0.9699539327201845,0.19719261314387476,-0.35283912919859517
2.3748826967116496,1.9333510041619695,-0.27504546377883904,0.07021561972430224
2.3125683874922824,-1.593740966067518,-0.08979188013723685,0.3199571563700712
1.922185979112073,-2.744159764168587,-0.0011443500328909006,0.17179494477210347
1.8223149760394133,-2.3140372371657705,0.05756561800988563,0.21973895586283676
-1.2272371634048578,2.2540611152896615,0.17868297721147655,-0.15411959173366627
-2.6331618032546595,0.8405851690703803,-0.2950478378784517,-0.29236826198349347
-0.6095935152879277,-1.5506828241427777,0.16257491323719175,-0.2964447516358063
-2.051305970591098,0.34743391725039796,-0.1585718447844731,-0.41470161216732815
1.2249138174106085,0.1732878784005223,0.1274689668323289,0.4300043599475043
-0.9669839369887061,0.9766330559454461,0.32032847619698895,-0.24550575013925865
2.988347025987749,-1.6764320378307533,-0.25808435588768613,0.1907955006558647
0.8857536850987744,2.28961149503219,0.039897345680520835,0.22725270441488354
2.0262051392784084,-1.1977726498253807,-0.030544102364789744,0.379955277145944
-2.308915576979428,1.219765155921963,-0.13238358467176795,-0.3548556771391317
2.274604076001567,-3.040278512420426,-0.08600033297390439,0.12476158360440029
2.6562617679382807,-0.8001188504231727,-0.3075796983412815,0.2838849403190393
-0.08129236157995878,-0.9317346930002017,0.3784035109181089,-0.1516265466020316
0.6676068973216087,0.27322072276389653,0.3239595717448144,0.3069394251066735
1.6638490502308523,-2.684577242292144,0.05053624895806377,0.17082877947712016
-2.043049159659721,1.8229491845477135,0.009913237409021197,-0.29991280296192646
0.016123133932200773,-1.7732355197380165,0.27217501113267817,-0.14256726662927643
-0.6367189749750679,1.112361397281826,0.3745650651261748,-0.10968171248014821
-2.2218977366827297,1.9051379577260121,-0.03928140114487083,-0.2853484045730443
-0.8323057715649056,0.3887843823096695,0.33743866363639385,-0.28621407529080517
-2.713253400902359,1.5135138252218825,-0.2185069737016195,-0.2643999028832502
-2.97941165909449,1.016998335524823,-0.35331576291949396,-0.18708525210536975
-2.2923178115462233,-0.9077330558597603,-0.34790210155623347,-0.21647674608363832
2.9098380646699313,1.94061543445265,-0.2713355203907888,-0.07966696686056318
0.3112032522069943,-1.2899293363193471,0.3693017571719573,-0.03260677069739984
2.9268469587165526,0.447443958497721,-0.43906634156464547,0.02933910653157261
-0.4241283390795636,1.54187946898921,0.339075169989085,0.011409803550136224
-1.1823941076469358,-0.760542448986973,0.0590715389859638,-0.41738729164385946
0.03859046235653407,-1.239247669918074,0.35403841412284176,-0.12826728890915304
-0.38005926923780287,-0.2554365515603485,0.39930941809829495,-0.20032914490963116
-2.477681861948634,1.9978235559140813,-0.10321747547189697,-0.2541085185194951
0.8848378313257523,2.701278105433583,0.054602133977160766,0.16763955191421248
-1.784184719455695,0.2832674372787731,-0.05305846672861093,-0.44282960521792225
0.7513932811296979,1.0145220888956112,0.19013903527022408,0.35195095331395054
0.9437412968784011,2.533842898024636,0.034416198345861904,0.19347189017150737
-2.1863923300857366,-2.522404524723184,-0.17377238351117008,-0.09492979755425823
-2.7561215779270967,-1.6833999430299715,-0.3184105104633354,0.031651607869895904
1.7640770724056578,1.3125574499496668,-0.20730751802570868,0.3041506747974545
-0.25258138672745334,2.0341464463681227,0.2590994122771049,0.07170927541338222
-2.7761387482599895,2.2432795450432916,-0.1509847746479509,-0.18341171026623443
3.1093367730591543,-0.5333973390700826,-0.4264797486794176,0.09007019676368348
-2.7785466816968283,-2.5802534921646756,-0.1900970113156218,0.013200591603706749
1.2254424843464697,-0.3909305076654479,0.20228980045888997,0.39343204857219044
3.0390443166074936,-1.69184446654273,-0.2651632581801406,0.17697655097001402
-1.638779737010607,-1.3119513660522226,-0.1676554904787527,-0.32776273601256334
-2.24781351029883,1.7107075127430997,-0.05906231229265274,-0.31058119398430306
-2.3789085856979035,-2.667041976377852,-0.1677837310564306,-0.06552700507327025
-1.236058702360356,2.0582534925827485,0.20064863856536674,-0.1734527514427471
-2.5067030984956524,-0.45446853720444835,-0.38910639614052256,-0.2048431444024173
1.207385318740486,0.6035874804411709,0.07095825324338809,0.42610133312594656
-2.7502017428211865,-2.578291071533908,-0.19063484422401072,0.007978058577102251
0.05920097715312167,-1.0219030492116872,0.38517009723355544,-0.10536081951560988
3.12083837425135,-2.577985157195208,-0.1714996537218253,0.08371300551937252
1.9727333842514323,2.8999647382275544,-0.09341701872605529,0.12801478459610294
0.7239450813945734,1.9305818805064634,0.09220306484478574,0.26890886473181597
-1.217344403192806,-0.25363488471879814,0.11878922545841071,-0.4307084005860223
0.7784604982083501,-1.7366564073145894,0.29984816071481235,0.087931907035109
0.16990652873431644,2.723478748627852,0.1502770178538748,0.08757706742594923
-0.4644317962964517,-0.9764283864139802,0.28765848883002715,-0.2831099823483697
-2.3203151349598636,-2.130097637727024,-0.2432344549180119,-0.07472302792237817
2.4291059248925952,0.3968735574708733,-0.3696125141855735,0.24267519026185716
-0.3155123567207294,2.788315032657094,0.16750538045184296,-8.550959780573297e-05
-1.9187433468711768,-3.1175262285959366,-0.0545534046933005,-0.13982127325604435
-0.830892503579705,-1.6454101371818262,0.08425439594732556,-0.3141531202578944
-0.5395386772341206,2.754847772194232,0.16726237876900288,-0.034213187660339164
2.0579812929703065,-2.066627820368259,0.009552323884100378,0.26379929365229837
1.4678424434892614,-2.430063062112175,0.1165865501253841,0.1753420110628413
1.6920925508788276,0.44099928306517455,-0.1162691541780282,0.424700819117356
-3.072281175012104,2.2735317940197612,-0.19463918076916137,-0.12824943099644062
-0.5268199667026754,-0.1438232571441853,0.376836406029863,-0.2440596150450271
-0.11721815233790478,3.1074388710563996,0.14965657529946352,-0.012465793438591534
-3.02100402184384,1.1257689899995125,-0.3456379228390413,-0.17826344608919475
-1.5091381177918113,-2.6761662849744168,-0.05696661787228885,-0.16978833370356225
1.6354491922493724,3.096555608690183,-0.016440165641595245,0.14940207702798494
-2.2801069650816297,-0.5787175781692695,-0.3394362653140848,-0.2694955475843409
0.22186009913750349,-1.3357892756856735,0.3588177600273713,-0.0686024849547894
-1.7894394132535447,0.3636656358481205,-0.0433943528716831,-0.44128319797642024
-3.065435580435648,-1.2295716637977356,-0.35993568799060843,0.11429797188902723
-1.626079199130054,-2.5983641151570778,-0.08689825873477786,-0.16704701452640414
2.9900029849232297,-3.1326181093410983,-0.14808252826900467,0.023983102533537054
1.8946135509525677,-0.31677713616866665,-0.09651231578989244,0.4344046030572998
2.8876052191208155,2.1165753050603575,-0.24722518920161063,-0.068279869210037
-0.07631529274352822,0.45436971183686126,0.43853450031361585,0.032494575263344386
-2.4520997823935633,3.1366119659582345,-0.1152614791600041,-0.0959995195079534
0.30133835645934903,-1.339282024245557,0.36268092297544613,-0.04016466043049981
-0.28665566116722374,-1.3794415113653142,0.27348495279384066,-0.23414312847314653
2.16365936269278,-2.1378571922180054,-0.01767125435566927,0.25267321436875767
-2.525321623115973,-2.110750726357878,-0.2562482223788344,-0.023835465113538568
-0.07388311509390144,-1.3497124237349003,0.3211820308054962,-0.170522601580435
-2.1988090882226348,1.8399682698164304,-0.035815673988439406,-0.2954373733402111
-1.1015936401592548,2.5494451052152725,0.15404788987901338,-0.1187109597851243
1.4913585011981105,2.9850607243368374,-0.011261604966829142,0.15321072991447857
-0.15068253718884783,-1.6820737119611335,0.25775453922838826,-0.18991653085975027
-0.7798169032209645,2.3957631362660994,0.20654250308333333,-0.061097635012313606
-0.6630250960476656,-1.0791050996355058,0.2108656388273262,-0.33245488706737036
-0.25480346891015593,-2.432594602227161,0.15552165220224756,-0.1414273727752267
1.7908117605401026,2.324935175318525,-0.149753583683891,0.1686841739668913
2.4635407567193592,0.8551769238171372,-0.3812920085421372,0.16175306498828096
2.860952212090705,-2.1065579076947385,-0.17896050259507484,0.18581844230565617
1.8026671410993398,-0.4408832118175705,-0.037815517874638035,0.438706903311881
-1.1598326804427561,-1.336699325763925,-1.1618782441366604e-05,-0.36520791869536134
1.1820852210535113,1.4878241549398368,-0.019921906913594925,0.3457774542385627
-0.39205113414906867,-0.2926944552946411,0.39342518631233153,-0.20949681357814157
-1.5414499429797588,3.0742365621900722,0.014502734913892232,-0.1499791700298248
2.1417592994840566,-2.797619785414498,-0.04325423857385956,0.1609380665427909
-2.900152782381157,-0.9109659495780775,-0.40891579355044266,0.021361872754161904
2.5243450459684933,-0.11372460407699592,-0.35632123934026094,0.27377692294263406
-0.24204422826517602,0.019688705153885433,0.4375621127911472,-0.10498549415642655
0.8620623032051284,-1.1565093363646608,0.33880636903515726,0.1842243333943009
1.0012502226448126,1.4403589649440276,0.04704703153897588,0.34927450374037655
2.482597983013303,2.3546053060544745,-0.2185088916644087,0.03486358178058793
0.8587209389299009,2.756554672163393,0.06253773568759766,0.15867720856852685
0.71586582575872,1.9169582224245882,0.09535584464711139,0.2699466126402428
-2.722805531645328,2.202760344704946,-0.14390534074109576,-0.19653370907548023
0.11566101302034548,0.31758549020253124,0.4341367538968668,0.09759392714209406
-2.1980529940623175,2.0476161160677755,-0.027771902047051072,-0.2653727193272691
1.4918403670591145,-1.2346213509598116,0.16872736141464958,0.3372241860944328
0.07679259327570875,-0.6378767502820675,0.42611767784863763,-0.05680052450043392
1.1324045342675317,-1.1503694615111144,0.2773209612043892,0.26893605344905247
-2.879754096817337,-0.20491141474157137,-0.43953171953030823,-0.08619152372594084
-2.6088287042046665,-1.3472430048092083,-0.3613590631786021,-0.0432696186080745
1.3591999334747529,2.9003902315991184,-0.002616315177931594,0.15842513704241776
-2.688673412765132,-1.1759318834745158,-0.3822244239766378,-0.032030699943088214
-2.6938734286574246,-2.525560652281927,-0.1975916083317094,0.0012542753325965328
-3.0655128599016006,0.1684972237081528,-0.4446681737428484,-0.05912381925549726
2.86828287850223,-2.7828285628495664,-0.1394121892158834,0.0937785028574473
1.4923090344851602,-2.4470294552306107,0.11019756400196623,0.17665360283600084
-0.9220485939491296,-1.7631284668408347,0.04661100226277182,-0.30516232549895245
-1.27840464618724,-0.22399398614515098,0.09672462202330873,-0.43691643715995687
-0.9443424585774238,-0.4193967613838514,0.20671982041964404,-0.3898295056007256
1.7256990316825922,1.8830195040172297,-0.18021512884385832,0.2288596720587715
1.0139214524882192,1.504663626726578,0.03674165810715441,0.3421953477330084
-1.9779745826101387,-0.4629558126055513,-0.23346826640281748,-0.37218119347418127
-2.0476314359758705,-1.0448672796065885,-0.28751015782666,-0.2738967204969041
-2.523354553020186,-1.153160639393596,-0.37351649345535853,-0.0974139261599422
1.007211693128375,1.7215619067251051,0.022866941507741212,0.31378264215089735
1.6611024268915626,-2.814412075910824,0.03376462026910113,0.1616609190439098
-1.4762568294177005,-3.0610318537709484,0.0021885844234869646,-0.15095398004352564
-3.0099915821809127,1.8569601809728402,-0.2365481286349917,-0.17646616622802377
-2.625292839835458,-0.143593554601412,-0.4005973312595429,-0.20272027894249894
2.9396512967548247,-2.319242206843029,-0.17185760900374356,0.1473766934573656
-1.2852583686607237,-1.6614882344735955,-0.06265952271529523,-0.316895403983019
1.691578926849199,2.7175024833985626,-0.08094850681943944,0.15466132180600553
0.7832843041656807,2.2588238143336996,0.06332165327930911,0.22658122053658974
-0.7417951214932521,1.318118345233196,0.34694787517102693,-0.12094202656490093
-1.8492214698886862,-0.11168217158301141,-0.13949568489472627,-0.42717707829230156
-2.3788992945194534,0.1276971094743251,-0.31125964481368606,-0.3238589743664202
0.722647790916922,2.986049481413559,0.09849817223111076,0.11783306990075657
1.725574935358531,2.926522009532267,-0.055286734551170696,0.14668625763504614
0.9041770914902783,-1.7890173480176697,0.28051172619258724,0.11970290499567746
0.19039391840730957,1.9547276400060518,0.21308866820719768,0.1827075740374502
-2.878005342905928,-1.902280431580265,-0.2794617643948177,0.07149069528716896
2.943601803959557,-1.799897110017164,-0.23200531126261936,0.19553609655692614
1.8768766200500497,1.1064251649595418,-0.23852175082657195,0.3097011984419343
-1.3017375349718898,-0.5968957015529179,0.03144787835221432,-0.4312176153833015
3.0157425213096776,2.711473478127213,-0.17021900497555795,-0.04150957389191561
0.6401409070750392,-2.5823279950952402,0.1861667212756035,0.03941900841235066
0.5178768350264562,0.07241773699003584,0.3852781676194139,0.23200181440152676
1.5586897560969613,2.629648330818533,-0.07142684167925809,0.17010812645877213
1.9589073517504456,2.539121013955387,-0.14544059037442889,0.13112078185829817
0.9831840864732211,-2.15809059971163,0.22415700532227384,0.11128196092865572
-2.3367433421094823,-0.8379400432856223,-0.3578838371701468,-0.21125515330838693
-1.0161952300288783,0.7484618305440636,0.30263721814383937,-0.2947151120772322
2.689728839140586,-2.140085055554536,-0.14198385447537093,0.2093504400722638
-1.7302911414893496,2.9406700348320616,0.00525389550545232,-0.15582983911997775
-0.8031982775971747,2.6059468884242314,0.1738409596304767,-0.06989128446300563
-0.42677353110286687,-2.092613741649415,0.15120254984405984,-0.21160506509630134
-0.38072967844021344,-2.380350439510204,0.1392469601646472,-0.1671888583106507
0.7096203253285993,-2.6049553293004,0.17975205498121422,0.05329404847498015
2.783927593683833,2.5726104139927353,-0.19093731195671743,-0.014915258565171632
-1.6292757430585878,-1.925018376762819,-0.1549399242630652,-0.2393243536465341
-2.378176991213767,-0.5259973069595993,-0.3625358593471777,-0.24269709314534163
-1.9008489731002796,-0.3213763478176359,-0.18817635805135463,-0.403090311497017
2.4311208479768096,0.6221047382511959,-0.37683100143798887,0.20889526530979052
0.916156355703106,-2.6908661957504956,0.15228660962601198,0.09108792054650647
-1.3451873162194115,-1.716826240462514,-0.08241529395981873,-0.3043216851485773
1.9851531647759817,2.7111340592782307,-0.12319554277717046,0.12463207886787817
2.2705546516062816,2.5661163852935145,-0.17461549359424786,0.08065631877486176
2.177213801585806,1.7674012628264792,-0.2751585219869596,0.1385897379468916
2.632193040951723,-3.0196910321804395,-0.12303262393995679,0.08961498770307658
-1.556715581768538,-1.0869485304268078,-0.12756198435499372,-0.37161125568851183
1.6024756994133584,0.8039884458318394,-0.12076390790664487,0.4004518474232647
-0.24793765094104359,-1.4125215582950519,0.2773947596013065,-0.2230190060813021
2.148840282595515,2.5735091043781395,-0.16242198317222462,0.10126734308880367
1.4356492655693627,0.841252299371781,-0.05691046954041559,0.41139868649587513
1.7369705340543842,-2.6897894238595863,0.037285034788426395,0.17360964701875659
0.9811937640598716,2.569857906326824,0.029208770224038977,0.18963155121355074
-2.026774816186777,2.8762327407695416,-0.03304376772130621,-0.156710796584896
0.28291247524080987,-2.6533111281655106,0.18051209949603286,-0.020802732398812987
3.0452697862149467,0.20332535221749426,-0.4477514656171969,0.012832434255814453
2.748190272950385,-1.2354986528586358,-0.26837224638950546,0.2647467898110743
-2.870324071173956,-0.6733119401558478,-0.4270690276515715,-0.02169121559334209
-2.1060306249930827,-2.0128107605158716,-0.2369085789378631,-0.1337004886190633
-2.3139163596873016,0.4905414842650164,-0.24046182990643164,-0.3661490389256701
1.419873650137374,2.877569143325039,-0.015365987268431226,0.15931912978871748
1.9967041153943752,0.019305716881409918,-0.1885418801156603,0.40857702821093167
-1.8000611738707408,-2.620624974021043,-0.1113160312708073,-0.14848678540819193
0.03677355436236551,0.75399061534721,0.40529252067426397,0.11766321837768867
2.1407002597115667,-1.003908533689013,-0.0987892259310775,0.38867920332815875
1.4627352455640166,2.236343921695151,-0.09493286571315501,0.2188918804904661
0.265384188962706,-0.41042929873571854,0.43792245012954845,0.057003448116906996
0.5676712812281712,-1.9299456560416184,0.28399871715915015,0.014550317006674252
0.05253086554435571,-1.9408406129773854,0.25275538519782736,-0.12675018887110426
-1.2720405960893393,1.688695151403354,0.225466579928852,-0.22600551360794585
0.4085452301753061,-1.4728565581358755,0.34807590200772803,-0.011985846347207119
1.1868013545833076,1.6790769357689612,-0.03194639862306356,0.31898778189086013
2.345657059770068,-1.8479645276463785,-0.07808199943553237,0.28596543292645316
0.8563438328180237,-1.1203775882457707,0.34136293791637073,0.18748913015496182
1.6406750049377203,-0.21685174767316484,0.0010201300463784022,0.44765067650827484
-2.135832908747006,2.7846816509968617,-0.04111701424990763,-0.16273027790469285
-0.24154151189645168,2.71264854466094,0.17376311838742775,0.021445081351539788
-3.082960357000015,-1.8417783254677886,-0.26787087524698777,0.12905114693045489
-1.5916636364357877,-0.8908360368993598,-0.12484194090749856,-0.391794694876082
1.422900921036721,-2.2028886111554353,0.15084538162820516,0.19123441818138615
3.0901330602430273,0.0627381036335879,-0.44959333392645184,0.013739324748794116
-2.5184382754694044,-0.24766713832176723,-0.38316183914339574,-0.23008874369038315
-0.6189294672540266,2.5180503644133463,0.1959813701593478,-0.0320614742509229
1.885401501641704,2.701803471745075,-0.11156091001711312,0.13644938203014378
-1.8595989519484335,-0.7315676580995683,-0.21328665656034718,-0.366033233261088
0.3461089441028573,-0.05191203503016606,0.4257652484903469,0.1452677243466855
1.4644301427389568,2.489625778806933,-0.07130711528672765,0.18940702544493287
0.7287580769213657,1.9271019912210319,0.09115063233335619,0.2698115516440955
-1.9601984036678695,-3.1186193718706186,-0.060148056626687936,-0.13749894532249246
-0.9086455532252007,-1.1305991024892057,0.11671901009658506,-0.3704420107169617
1.7831163705769235,-0.49150693370991894,-0.021882406381769103,0.4374553682886988
0.34071523685385285,-1.698242675131414,0.3145031488077361,-0.04635324885023549
-3.1087340226147364,-1.8876472088623428,-0.2578095295200097,0.13413585968206895
1.6398533087181528,-2.9041855969087886,0.024552765921376462,0.15627401076582248
-2.91972486705268,0.900818550052696,-0.3576358779440467,-0.20120574025185
1.5439908931345387,-1.4921918534425216,0.15783947655835415,0.3076586085797442
-1.8693697729700811,-2.8126856311978585,-0.09279645894723468,-0.13679613186188233
2.8781605598947104,-1.6903068434173925,-0.23360285543693848,0.21725410298507714
-0.8297527310959176,1.8969813124924606,0.27490048285392643,-0.08994936503241924
-1.087420725361901,2.2084716617541584,0.20464164271395707,-0.13054565400042872
-2.206101443326362,-0.10639791939682253,-0.2793586239791098,-0.3520650739973586
-1.2214247370095308,-0.5273435305295759,0.0761371415178667,-0.4295071151272628
2.3665665326569476,3.0024433059918927,-0.12275424784233793,0.0911114920355156
3.1185606176282326,-1.881407731326557,-0.2507972744693423,0.1486373152283202
-0.827435623014952,-1.7884503717929845,0.0732843311128892,-0.29613314847973754
-0.3228889285316474,-1.3077370951867031,0.27552770802827115,-0.2449238658511671
1.3953128560670232,-2.056126409658318,0.17079923610992312,0.203328771787293
2.4265396535129096,-0.7579683009038534,-0.24116044462993896,0.3459808050800818
0.5846147934787096,2.5813475787085043,0.10022195948355778,0.16190836102989944
-0.6815641394156264,0.7247518574523504,0.38283660772374783,-0.1825264018711354
-0.5490131657483266,-0.553256152005877,0.323647852134023,-0.290388864969234
1.2291050638864407,2.7294835217300664,-0.002137862485525374,0.17329282671325674
-3.1213717069967584,-2.8370829001739706,-0.15777816680205967,0.041792165209823325
0.7514019680230124,-1.820388462146937,0.2913717088336426,0.07329215149423829
-0.907964193579617,0.4139903154859299,0.3166738790267387,-0.3075950580151449
1.8484963492916213,0.7260385442534423,-0.20876611247005,0.3690794485580381
-2.55731523174786,-2.8930455095669223,-0.14931495238306225,-0.05450384643365787
0.5541911877500589,-0.6092254516837898,0.4048708076908149,0.14962574234252532
-0.11955085870559534,0.9371620003329202,0.40045357045287355,0.07364721712400496
0.894257653204332,1.2445139469468858,0.10714040024111325,0.36037213272007473
-2.7341055016166234,0.8679586058254438,-0.3190971598799676,-0.2623960698736383
0.5025529579810097,-1.1274345122631186,0.3845615874432689,0.05674913950870149
0.38631905968527036,-2.5539883870737894,0.1935818385290804,-0.011030188403325217
0.3811386139678117,-0.4579660057343049,0.4280300436290072,0.10008051041361876
0.6502321862331444,-2.3326046644846525,0.2220812599647016,0.032544093308907535
1.108780750368969,2.812502394363028,0.02705630360081629,0.1630878572773165
1.9163024016456118,-0.15600604979661536,-0.1298570506432192,0.4295860343448248
-1.4462590693075814,-1.1481944707027962,-0.09083778059666847,-0.37571349360189976
2.042345678150757,1.673237826896381,-0.26224123090228213,0.18581151488528302
-0.01095987157332079,-0.012889372946158772,0.44993932539975856,-0.006864943207448577
-2.65742120633642,-1.193591429189004,-0.37932925065002293,-0.04193349022226692
-2.7737063152423116,1.9601511353038719,-0.17688901206397006,-0.2169032827759614
-1.0415113604622959,2.30688500066963,0.19657933177895393,-0.11589250636361742
1.7900605006466517,1.087042368447098,-0.21003734277585417,0.33202985359384274
1.3048977977454443,-2.846506484757762,0.08321042214278923,0.13952092281022624
1.8134213054618193,0.41671894619218675,-0.16396522767348548,0.409772346247617
0.10850468170277505,1.6543307225164616,0.269606609504878,0.17973013377144897
-0.375740777400678,-2.283918933680472,0.146155711008041,-0.17961244156330475
-2.2151211042823644,-1.7048119483083373,-0.28700957765718543,-0.1345368654784542
-1.0794967661889565,2.4032876242322274,0.17820685300962702,-0.11906881176477027
-0.4145685490147035,-3.015164146487404,0.13077094607254897,-0.07821310379957863
-2.5848997356170242,1.5879314391137225,-0.17327450888495205,-0.28448876942159684
-1.7554468737265128,-0.164787263129075,-0.10643635677547456,-0.4358349421008276
0.6171677244546778,-0.33444038951187105,0.38870097510267365,0.21546467216721898
1.4807150168318621,-3.0970038248859955,0.02016634024392356,0.14893881718075216
3.1312097614536922,2.006838271947819,-0.23804566223099394,-0.13350020740447174
2.721331319841445,-0.8807461247527639,-0.3138738964925526,0.2669737965786385
0.8957635670346411,0.25613801562547156,0.24848951874450242,0.37123680308955576
-0.49481307445447653,1.1140130673370718,0.38616870126847097,-0.055402566385383836
0.8556276171052035,1.273159177474735,0.11730105865816516,0.3537429117422088
1.7948020496937884,2.8650072059828604,-0.074524436090503,0.14271193571691232
-2.3980644374723674,0.19691473370395762,-0.3092400190750958,-0.32423964595880383
-0.5660842733090057,-0.6300806439148481,0.3080916992981198,-0.3004957642807128
2.1350407284517514,2.8507039597867943,-0.11993863868699085,0.10906731574597478
-0.7298990895927226,0.8929049407121923,0.3715840984043991,-0.17569558962933138
0.45158679856828465,-1.26825871570258,0.37262434067537575,0.021587449812035447
0.5514711585899068,-2.3469943649865215,0.2221003755414656,0.010954007645822716
-1.9824941703769683,2.152333410514255,0.027792028662965734,-0.2495792318304939
-0.8656002488604266,-0.8659385283828271,0.17044727619286892,-0.37651165040872436
-1.039796239080777,1.0082609955241963,0.3018442121121855,-0.2634198209807503
-2.9769938794446573,-0.18336584505107956,-0.4459188390225861,-0.0463420669763539
-2.9895913181528724,-1.8916799840211378,-0.2713289050857981,0.10244097806220759
2.0841139912585254,0.6389158052210271,-0.2843721095875564,0.3223031987352573
-1.4258381525489894,-2.7603096863643004,-0.03200767834185371,-0.16714840469597939
0.11359223840365962,-0.5444853828936504,0.4343555599652901,-0.028647937432424025
-1.26464451873802,0.29289030398984073,0.1749952326276874,-0.4099315470099111
2.7688693580876986,-0.40182871256781993,-0.38661189560198944,0.2141553197715001
-1.5123830680850754,1.562453357841413,0.16732602542892858,-0.2919809235366237
-0.44197928065890535,2.0604132562566413,0.2640291063761593,0.021511015152310548
2.341933233386217,1.7042704974394889,-0.30178400455625015,0.09720789999635476
2.148431962897802,-2.89772371017035,-0.05398769275314737,0.14915875634479286
-1.9722829593327746,-1.9218456154228218,-0.22672984759677633,-0.17362050559641662
1.9015639974246072,0.23001176433858728,-0.1772077170431412,0.4107641162325987
-0.26271953889590893,2.73206745575434,0.17234231810105752,0.015499264212552738
-0.10700973267799219,2.1045954875477184,0.23619142217908262,0.1045032324476188
-2.3029132521031985,2.152207790078023,-0.052233874093566224,-0.24564865149855758
-2.635158406614594,-1.2364793855425427,-0.3741155475552523,-0.04548315702307866
1.4321849045062587,-0.4432919364657182,0.12389265135654143,0.42243534977482433
-0.022235235525527752,-0.18405996141224668,0.44674531777457205,-0.03739528084895447
-0.396778737487018,-2.1527978333180484,0.15222059136125232,-0.19964007477806156
1.4420427301455518,-2.9463858341162834,0.0484800954098421,0.147847890415369
1.668266745807598,2.8079737316262756,-0.06428881198554563,0.1527391136249578
-2.143143189298881,-1.62915087209564,-0.2836240278282479,-0.16373295921645215
0.6925650396795895,-1.6339492272396237,0.31918366821927713,0.07029795323367875
-2.2911378725558627,-2.6177066080233864,-0.16861328622694452,-0.0783594520883984
1.5794362471287045,2.692393611025704,-0.06655873363692758,0.16431179739794435
0.9861783317437673,0.5010030690264653,0.1780918872315525,0.3996528366269503
2.8689942782349576,1.0495235264474791,-0.3958832703578981,-0.02439309034573181
-2.708316658406878,2.5860138508259203,-0.12339901291267966,-0.144253618535417
-2.7831072679470035,-0.9699970864874254,-0.4037459544865405,-0.019141011945798342
-1.3685589720014895,0.7634529520577087,0.18362474544594276,-0.3792132806371283
-1.4972473467349612,-2.897808489710668,-0.024760289203550005,-0.15667830604755797
-1.5897790920757446,-1.9680662484231768,-0.1428860673529797,-0.23929555462046775
2.5525728113041835,2.081278775606,-0.2612141824742848,0.017126262288846922
-1.5736476372328758,1.6761550169654793,0.14835721565028145,-0.2846495874821405
-1.4328821300868664,-0.9384396465563429,-0.06641508639983185,-0.40160092222606025
1.6298473511324643,-0.7740216535697453,0.08063427233114498,0.4127439729836143
-0.3157938834512981,0.21082872389458407,0.4343394683960613,-0.10888723653894242
1.7386237058022749,-3.1400783764931943,-0.024832175980585514,0.1479306128650529
-2.730884972794462,-1.6258097859553617,-0.3272877338917509,0.02083326664829757
-0.07809249329717227,-1.8332336132552285,0.24898772451742304,-0.16479062191830532
-2.9303921747967827,-1.5677618828726327,-0.32522397302823186,0.08368074391175863
-2.7479309661913764,1.9220630951865108,-0.1753653367675358,-0.22534223680838028
2.5537218351410917,-1.38434998733493,-0.1910275196788695,0.30445296309300063
-2.2666881836909507,-1.9382286968726925,-0.2652164753903141,-0.09914831210042452
0.20370515452038163,0.026788114212511704,0.43983019886700114,0.09495844332026626
-0.5586028034828958,2.2974155201802944,0.2293148863451437,-0.011112806454146501
-0.9591701694933477,-1.6251477405458694,0.044954936372544746,-0.324945894689716
2.512227002942727,-2.6481348867929917,-0.09390351122126339,0.15626613850448168
-3.004472207617287,-0.9022356538899583,-0.40537949870937423,0.06288566756159258
1.0291209496460167,1.556042305402885,0.027299722439666663,0.3362774730864944
2.9115931004793776,0.31849808563926363,-0.4415129330717095,0.055135667851562896
0.37804784628713106,1.990471445121453,0.17145091679874405,0.21548281234805805
2.744636475292335,2.88770262915345,-0.1573369031497471,0.02510492358329111
-2.813246714275484,1.8388525738885475,-0.19972269754071018,-0.22084759439776697
-0.5102366244380501,0.6522139798310755,0.4102794106975941,-0.12528999634187898
-1.5069730438687352,-0.041836036118431785,0.02243180989079384,-0.4493529391978497
1.450290895755935,-2.889831158974254,0.05569612220448017,0.14911465840761642
3.024078807400584,3.043084741228527,-0.1514172728697703,0.003021236855283521
-1.5297667343902335,-0.732109698645552,-0.08330005126392205,-0.41533122692446567
0.9687075907221727,-2.1851145765691444,0.2219622023309445,0.10656754190382928
-1.8969085180467364,1.047462630803743,0.0029511336899432083,-0.39682569009393903
0.41048209563864146,-1.3553566525419805,0.3629552463767738,-0.0018480910232298586
-0.22661886970635026,0.5389607715892284,0.4350719761675556,-0.021312029676497056
2.9656969520513314,0.5451788437038481,-0.435259008428304,-0.0016450223289496066
0.6818969652347109,-0.340989591921097,0.3742813086041584,0.23923143383471493
-0.9455793517282518,2.111895546662156,0.23461309964727897,-0.10535477805563598
-2.4247076943708077,-1.4767555055380845,-0.33489560473261093,-0.09378773033065065
-2.191280801524945,-0.3227509456153461,-0.2958481311412931,-0.3321548822042575
-1.7258846298613808,0.23682662855911563,-0.03409310221537602,-0.44589856079098833
-1.5647226144645177,1.0280844414164596,0.1307369426190535,-0.37668191005583007
2.202985663088665,1.7842477587493182,-0.27676149707952097,0.12976128256923894
0.38467412380132693,-0.6609453346416401,0.42238811477565485,0.07166160419380242
0.14696943066895907,0.9176400133062108,0.3694927001062953,0.17512221876275677
-2.4204785641395494,-2.1952761261693596,-0.2397937890831615,-0.048766371535405945
2.262824429785332,2.7184081885076576,-0.1515874929477988,0.08637423652415183
1.3999835561490022,-0.7347631892995943,0.16901212223657633,0.3882189596997607
-2.7164197963387924,1.442125626245324,-0.22946371576558677,-0.2671981254957668
1.3058664292303233,-3.0137858667755575,0.05804841374796506,0.14094125549761882
0.2735586875081051,-1.8523638120681518,0.28764336772437,-0.06894733948561083
-2.6280971619694644,-0.08116276771223818,-0.39750845289925546,-0.21021598368281302
-0.2620047964659604,2.3766303476603,0.21214930668147675,0.05065481362059976
-0.09615606384978381,0.17124915771507077,0.44819144572653047,-0.01754900594096486
-2.100000498531447,2.700955898339103,-0.027734593630630244,-0.17414812333065655
2.800404048669341,-0.10180710132168524,-0.41822802696308004,0.16467941373775616
2.1989601119620126,-0.06001009505897281,-0.2570095240055551,0.36916676269595605
1.0619986664914052,-2.3892013915013095,0.1823170205659305,0.11642762503782803
-0.23690397713643385,1.901645266383385,0.27754974997569504,0.07893030025882618
-0.5543934527031644,-1.5898632025951998,0.17368466006537275,-0.2839326046956996
0.9485942705768355,2.5108393217895886,0.032360930906261576,0.19690164795559054
0.2854568543351701,2.581284705013454,0.14349008807478447,0.12518929775136958
-2.7503191896802908,2.785399581451796,-0.1274195342151829,-0.10914880389616169
0.07855645905457509,0.1271119118895916,0.44591351446759053,0.05417592968365398
1.925190705864055,1.1127130665454184,-0.25330110134286293,0.29688252463666764
-0.25610340220163463,1.749966885419636,0.30174385997932807,0.07356242621386865
-2.815139848889477,-2.318403526659451,-0.22283361297140247,0.04068708234890818
1.798738976135585,0.6343327642623389,-0.181690935506493,0.38984671543708344
-1.8763866962749276,-2.9260925840537295,-0.07676160099622228,-0.13670915878965323
-1.5166300236907502,-0.015292749090857871,0.022071510547196117,-0.4494466871158393
-2.106712113704863,-2.1686873915092937,-0.2166706587278559,-0.12203592946204897
-1.0667902097798456,-1.9922540128385233,-0.004608007738400199,-0.27506467383256056
1.6132172881390678,-0.8479311461251791,0.09545515275616175,0.40364161798402015
0.12180494760218696,-0.4245098013982922,0.44095733181444463,-0.008264281534511857
-1.8542856421298033,0.7739151680703253,-0.01326197706198426,-0.4203454435007563
2.3739763956554176,-2.6739451084202974,-0.07256855036776305,0.16400303707434793
2.384983133903421,0.0231960199647272,-0.3295843403344803,0.306349393995655
2.3284129154068225,-1.9941251184617501,-0.06446093919987975,0.267157251286855
-1.641191806827155,0.4647997328554787,0.036537531185653754,-0.4377408257154991
-0.3063722362104562,0.863338640898176,0.4133595865379387,-0.011188509334846039
3.047279881598426,0.35631476755396907,-0.44354775901045057,-0.010600306459573012
1.7091047945204672,1.497254850204162,-0.19104588277153214,0.2874269283017974
-2.970894711711397,-1.0328975812217167,-0.39325527084824313,0.06293032171623439
-2.731900123821219,1.6657138413857462,-0.20265308334099716,-0.2508026572365902
-0.22662584326294777,-0.42243688436988336,0.411826625858707,-0.1580732775983777
2.5712063848703606,-0.09937172776513403,-0.37010352937173036,0.2551066047323172
0.24317056825792704,0.9305531099688054,0.3491818937187416,0.2105638874981477
-0.013744417378521057,-3.0262435249823083,0.15074526203087016,-0.01933769265927622
-2.4788818517284237,0.9675742294182639,-0.22758014430632403,-0.3343114930283768
0.9850784504617609,0.7450924662996163,0.1420342096028191,0.3980936474938974
2.0238338460794436,-1.194765802133627,-0.02997511664528671,0.38033183468569787
-0.7513432518611296,-2.6025312632693414,0.07259887511526844,-0.17318263321527763
1.731720332218588,-2.570228370794408,0.052216856654436955,0.1845769259032321
2.918392887317517,2.659193228707079,-0.17837478342327662,-0.030868166314956508
-1.8612902315026874,1.189277050079105,0.03145784672386753,-0.3808151630658128
0.14658439594471684,-2.3429833782413554,0.2089448345228542,-0.07777354897352537
-1.3374516542192403,-0.9002348774575366,-0.02341196824402185,-0.40973188382077286
1.8400585828160327,0.58108778844649,-0.19253281178086012,0.38814824266164616
0.4875334964390987,2.108459206930765,0.13682487541160054,0.21837410915151312
0.8456062685567765,-2.8672629478024025,0.13362229551435892,0.08950113040671509
1.8718498704993394,-1.654782838745538,0.057522037359645464,0.31881234650943835
-0.6536367976801007,2.4488651293120105,0.20478038230569018,-0.03618517689171252
2.6080878189713035,-3.08400380334262,-0.12497797416565185,0.08384334283050694
0.20752649339373175,-1.8761647700360886,0.2789101772255763,-0.08747056444684034
-2.1491332315525797,2.8841339581135568,-0.052715078821269565,-0.1506237184217052
1.2308704609676573,0.71252481587514,0.04541956824154133,0.422541472343186
1.8426154082372834,-1.49746296742341,0.060608331356465706,0.339736248496077
-1.1513203383615447,-2.7206751935699227,0.010448727198009822,-0.17391527651496155
2.2442234596038864,-2.964461237502109,-0.07435324065620527,0.13557214723708233
2.5518733309543586,-1.603813965210554,-0.1618399610230169,0.2886811033806379
-1.401750447005449,2.3969460965384046,0.1321233881986139,-0.16989389929398455
3.0380550130701183,-0.528330091852312,-0.4194322897543719,0.11960376178751822
-2.257476048003046,1.3843953878251432,-0.09382154993185761,-0.34695334201065586
-1.8722907740632047,2.628162388512444,0.02006682102726534,-0.18357965789410308
-1.984073850471906,-0.5777988205121996,-0.24597633105917766,-0.35691128799862204
2.475510357101397,-1.9397614862916819,-0.10689155758042998,0.2619459035010515
0.9694486977754382,0.10755513164951269,0.2408215730704694,0.3794534316539745
-2.1858932560885256,2.5640654266341496,-0.033710147168050486,-0.18963189413926382
-0.3749590208906928,1.9124408467913954,0.28415304002388675,0.04004644927911362
0.7244388570654037,-2.7279715489964915,0.16175795023924874,0.062641351334352
-2.617172341107312,1.2099705880098943,-0.235254428302395,-0.298210624743121
2.4027929072019667,0.45174545673671274,-0.36564551032716824,0.24448956492603038
1.907597273094031,2.5601666428365855,-0.1354697257292244,0.1376107748684953
0.032715123234544397,-2.3720192148334673,0.19557999656628897,-0.09802951376493843
2.9350430855889513,0.21385520640099953,-0.443619307505605,0.06042937492935026
-0.5167230066955311,2.3842344204967123,0.2169757739153737,-0.0047647775326959685
3.041754843624145,-0.5653372211399375,-0.41652741853276365,0.12248113940094167
1.0550724692645632,-0.11312926835540926,0.23618205609385107,0.38228618852423807
0.8461645654083321,-2.698875158938844,0.15712870276251933,0.08054437008325815
-2.0988672938127904,-1.393964618635755,-0.29200246337875646,-0.2075249460508987
2.3997228793837753,-1.1026572434493827,-0.1806131852218421,0.3471156153700615
-0.45559572747619725,2.7967868298496716,0.16493693101178525,-0.02435383689803315
-2.122250102043615,-1.365541247018348,-0.2982782238274132,-0.2046304509711553
-3.0623772693181306,-0.24586898760507747,-0.4469810403339566,0.001142718608036792
0.37545603345715683,1.076337437193951,0.29691047402595744,0.25894817696086436
0.17215690314347265,-2.1225644710077827,0.23998135719230113,-0.08792898517734074
1.3782394571465169,-0.08518499391060308,0.0985384522434326,0.43870699686730374
2.452063664729966,1.498784988023754,-0.3349692905117526,0.08228605586660917
-2.642666367667398,2.3050192843538984,-0.12189853818738566,-0.19323508908494255
1.4545353467702054,0.7933104194541114,-0.05917462788625711,0.41488848387591104
-1.9640486800459025,1.0621945635665062,-0.021934880813869934,-0.39477201395037986
2.2504927977659746,-2.3481301941068136,-0.03928150552179513,0.21870671100119488
2.004735182352648,2.8008963377842298,-0.11216823014869687,0.1228466032316555
0.2563147219498565,-2.3086051578264057,0.22073365905429254,-0.05689037814726053
1.3209944632503072,1.7258209631805368,-0.07516320669011438,0.3048837364227469
-1.1664726411234252,-1.4777026314909187,-0.013803550643802245,-0.3473842223697944
-0.1811574338004558,2.7243460697975106,0.17115538725753576,0.03044822389816807
2.0209042299412587,1.3820465459403035,-0.2754247988206606,0.2313611303630481
-0.25594431461211986,1.594758592146385,0.32471343895892224,0.0700341706266747
-0.8934798499626342,-1.765203276017024,0.05516409675866907,-0.3034308823164829
-0.036364266401442524,-0.3578903819025636,0.4382941366845077,-0.0685248944861721
2.062450880006214,0.7402421332352938,-0.2830936905652385,0.31433332089272703
-1.0354183755007669,1.6962942712418263,0.27146807810763995,-0.1659514766976015
-2.0498163646471705,-2.4883966303135074,-0.1642674171836968,-0.11850365604265747
1.3321233774584353,2.9051269628965324,0.0023047606861274356,0.1581113727190023
2.0481815165480812,2.4518287837861523,-0.16945534241786764,0.11982996287685099
-2.509268727179127,-1.4429423619712267,-0.3453544159930144,-0.0685992716247118
-1.6344191527489018,2.0279624167624606,0.11945944874995805,-0.24187354238859127
-2.2495563334924658,0.11513260401370795,-0.26848691156157783,-0.3603039532033109
-0.9554122885773988,-0.23997695387901707,0.22817933965591922,-0.3845193099166407
-0.3119539998573604,-1.1659448998794193,0.2994352805454674,-0.24142889420624486
1.5634219844471637,0.5087406338667191,-0.0698813360005529,0.4315308490880354
0.9496882845442141,1.444435926635724,0.06456916508675871,0.3459378834877214
0.7598165983987539,-0.5596250628911652,0.3644929804987657,0.23646510593686543
-0.9275555664338215,0.8119081349153041,0.32893555310124745,-0.25735532749251905
2.145378248714586,1.252320017734048,-0.3081527413604512,0.2138286110591261
-0.18040804793135923,1.3265174986955017,0.35693649149154616,0.08284586520329097
3.0103051071340055,-2.8150800293405087,-0.15026764374255486,0.06837131635960525
0.8428399124134258,2.2603621269705094,0.049714149129132496,0.22971787286865128
-2.3482478845768817,-0.26230215929170164,-0.3397815537559431,-0.28977594394782896
1.1069562694870863,-1.4927837847085006,0.27318881563668196,0.21185344049905425
-1.0989038805242566,-1.6225414523959485,-0.0005825132847225856,-0.32839713359681855
1.1707283045460484,-0.10672547660830078,0.18965074108219054,0.40745615471428853
-2.704024414680649,2.430534245145025,-0.12731031748178792,-0.16763544975417213
-2.042780177027355,-0.7643646873544574,-0.2780849966185627,-0.316437563661399
2.235163118373177,1.5690731430148093,-0.3032235128762165,0.14391173580519234
-1.7141813988080774,-2.5332626255911284,-0.11012431854798285,-0.16284445101180411
2.1176918460417156,-0.15044017724987313,-0.21393407900301312,0.3946082590373602
-1.386849237966455,3.0893551330594757,0.035174081888357536,-0.1462379915674812
0.8977535179426273,1.6992108290107426,0.05871244979106224,0.312293581002747
1.21988403085746,-1.8188031482770062,0.22701821189790072,0.1971553413842655
0.07951215902698117,0.009057046359398413,0.44846421869506514,0.03709653921141565
-1.2232690956438341,-1.6736849712398163,-0.04336156573304409,-0.3183961773834801
-1.805508632320556,-0.5682454530191476,-0.1776810027060347,-0.395961671441154
-2.933057788648383,1.7598198227072688,-0.2354253432596463,-0.20040937876486803
-1.2318410911439661,1.7041557743751614,0.23332822802060876,-0.21468845463852096
0.9623501950727817,-1.7083957105914156,0.28163474379364517,0.14435015872468454
2.7539503953415227,2.6529073489792294,-0.1817442626059963,-0.0018570692718412884
2.3323465489144137,0.5816230458602742,-0.35314411207109436,0.2509795277752786
1.671734294684633,-0.7544579307766415,0.06096772906572252,0.417565321738158
1.8123681090241126,0.01216161272316274,-0.10942165309470375,0.43648624972497707
1.0366307214268158,0.6601821558069738,0.13388442438675335,0.40701868398187546
-1.5061620944791374,0.37630330973260984,0.08339489983859483,-0.43502636994741484
2.5584818340874103,-0.08541968097071395,-0.3681361442225942,0.2581620332855277
1.072742753627539,0.030993722177714123,0.21085439258809885,0.39748861757280923
0.3797596845329636,-2.0331639299778175,0.26624902445218557,-0.03827929999777677
-2.444225251375988,1.9649587893987608,-0.09686063779189663,-0.2618298416244572
-0.3326598292520808,0.26238782867650645,0.4331829205111366,-0.10849958396155096
-0.24907632793525458,-2.3179935924596706,0.16482439437513918,-0.15546780047147107
2.290620714885196,1.6723143900664148,-0.2999616504984052,0.1157673010926173
0.29309941168999076,2.7171256511188577,0.13849834518794302,0.10632476252352355
-0.7514655134558668,2.81051213708574,0.14884453762217306,-0.07233985378299837
2.9958248185565743,-0.8229858592151844,-0.3817674731030102,0.16720272982633455
-2.4459146483996803,-2.2901150247579496,-0.2267400285759692,-0.042313725233750654
-0.486642577248356,0.11560826371846522,0.40496531531199464,-0.1946851966157667
-2.8775438320138247,-2.4340479982899534,-0.20500469935609184,0.0455704662207584
1.507362046734614,2.7268233714992745,-0.05001022610282117,0.16622315888692954
2.6268524500540025,-1.9881278362944361,-0.14069768149499323,0.23711841614017712
-1.3820662190963502,-1.553417916188026,-0.09054169774096613,-0.32537083335696226
2.2515271586143326,-0.5866200025036101,-0.20290413476884078,0.3824701172698022
-1.3055313614615789,-0.7340992945058193,0.010872487085369684,-0.42332126084037774
2.580945044268832,1.8514215560854552,-0.29552985321253955,0.015363045056805247
1.5956897012626712,-0.27446951128508257,0.02958174654315575,0.4452596328010373
1.915785780309612,-2.0686240314042035,0.04679541728663557,0.2594871196938929
-3.028454128008105,-1.4626633643386995,-0.33100254157635867,0.11247368412493686
2.9079232355780578,0.05726108790890638,-0.4395190432149123,0.09578884858811072
1.4242158469400756,-2.21511236613183,0.14929807095436587,0.19013529116835257
-1.2267850487127556,0.7015533006822454,0.2309609795392607,-0.35763484176038846
2.0696477185044513,0.413102510508792,-0.26213038184761844,0.3552700913764683
-1.3727427960495162,1.349014439710424,0.20898616021969363,-0.2976943468825188
2.342081447956672,2.750179208236335,-0.15349698528318476,0.07579780377091802
-2.434229198676969,2.5902718011285506,-0.07984584267927183,-0.17163809798137328
1.279796740860184,2.8027757693411335,-0.0022764888758025903,0.16616692585399373
0.2557160704798922,-1.6039992099327949,0.3233469583027927,-0.07042040969914447
-2.535048688821434,-2.3149434519788232,-0.22591149162777313,-0.022427251524197944
-1.621728905976434,-1.2423321303277834,-0.1595333675275286,-0.34070834843361636
-3.0636557951024463,2.482393352609816,-0.17372381778680146,-0.10571931757943114
-0.1962366605067425,2.9659994559573732,0.15449257678397876,-0.003995754961233104
-1.248687193618932,2.2577052530690382,0.17487417751692358,-0.15762457622410045
0.6179983001908251,-2.45033092467183,0.20572722840741386,0.028922374329661105
-1.2739924274567385,2.8112730234300685,0.09276602373632693,-0.13696707606199757
-1.2571452988267509,-0.48155571646280126,0.0674925467868945,-0.43325459816218836
1.528027933076416,-3.0830943714662027,0.01518599297494716,0.14974422831553263
-2.839102293924646,-0.36195080173252814,-0.4361141850549639,-0.08045571416728886
2.5314639141264843,-2.852131523570932,-0.10351849827823298,0.12461186156999542
2.2133391998248264,0.2756931095491182,-0.29894969662572723,0.3312557724927765
1.0543479201240817,-1.014394962710838,0.29801875893557,0.26686487504801665
0.5857283996109288,-0.1669132349261231,0.38702860712201237,0.22684369946535307
2.46490929228091,0.7110703478293665,-0.3838074991307434,0.1827061612753694
-1.9771287925980197,2.317245626514259,0.02283442965197563,-0.2255333841264274
-2.6454147739920972,1.0172576064976342,-0.2724219794027118,-0.29257364330822533
-1.636705873094097,-0.41438318056976353,-0.08906437167029982,-0.43237758204937904
1.8508899125432885,2.007024396885549,-0.19606758874210767,0.18981664876707782
-2.9237529430979556,2.5483477276539936,-0.15335611434834778,-0.11983370160283988
0.5202906895306252,-2.3891185921146914,0.21625654236661998,0.005752262779785772
3.1129257223587867,0.20064081537419476,-0.4476640746112416,-0.017070215750581944
2.234904470621199,-1.3539512884191982,-0.08944469120379149,0.3519419174990214
0.1347472383010233,-2.845898426551086,0.16096335158355254,-0.022288852358110317
-2.741725027424413,1.0590101183138705,-0.2930865230518615,-0.26585047186010674
2.0820811967767554,2.279356018805922,-0.1983582191336065,0.12077807353285425
0.6219003083056038,-2.118045088476878,0.2550191868956452,0.025191989084365846
-2.419447335155008,1.9629529033447257,-0.09047633118861739,-0.26441943667996454
-2.5518699406159118,2.220450880579264,-0.10749124245905448,-0.21564695662103694
2.5737612133107026,2.603377781532335,-0.1856908639510291,0.027251475097239325
1.0631166060634571,-1.4747572796304809,0.28331511722885916,0.20214543645742836
2.0689699793152316,2.5381119639912697,-0.15911346726297215,0.11436795819813078
2.3811946579846195,-1.1268091444701107,-0.17069489589816406,0.3493167125716834
0.45095898785173905,0.3288494371505828,0.3766661068684266,0.23622013749589227
0.10961866101116202,-2.8242448549535966,0.16166544255630044,-0.02929694804666092
-0.43713747325358865,-2.8658796438882543,0.12374026452956058,-0.10289570723698044
-1.1501585100199276,1.3846457323349384,0.2683978675804427,-0.2389969627532971
-0.4109456977627408,-0.3488425866242304,0.38377031213183926,-0.22315813620125285
1.7208366288191224,-1.53126016632777,0.10246922583097282,0.3248959607055272
0.6404038042116067,-1.9451893730773788,0.27998905410278935,0.03453169253214178
2.4662965681700815,1.0678492766705192,-0.3727468710594459,0.13015623711936086
-0.355753861745407,-3.1390696780695917,0.14047626398426427,-0.05259948383889096
0.6728636675577269,1.921970899893659,0.10647986518897604,0.26495651412384325
0.8250296883092871,-2.643652692754455,0.1667659047119963,0.07495320490021493
0.5761502629131661,-1.93842791872162,0.28262149123306823,0.01668912085665661
1.2731855457892785,-0.7147978095485468,0.215187620442129,0.36628487368527995
-1.6497541736645214,-0.09513534414795943,-0.04964501531156359,-0.446797937024619
0.07768390541694892,-0.9110925577871183,0.3999487106830369,-0.08775238608344846
-2.4867289039406932,-1.1264986907267223,-0.3715632738510649,-0.11456385422642376
-0.7256367292877912,2.914870270823605,0.1374587296115119,-0.07686574557129384
-0.07749009323332556,0.8895713729836645,0.40229816790269224,0.08563432690361572
0.9564532309724045,-2.9943590527216246,0.10538045962527377,0.11121463834271184
2.8307700900377872,-0.4387177061498537,-0.39542501951534625,0.19394791267989708
0.6324093024885844,2.3562491522958346,0.09373246982501418,0.20017775903887644
1.5305457150388966,-1.2474875723758938,0.15610279486001308,0.34165102549820325
0.039370812954171,-2.5474776174027496,0.17887218087041737,-0.07698548246209333
0.8426004795773152,1.6234794004527249,0.08259927992976283,0.31770753115801786
-2.695912395372381,0.6661045511785919,-0.3371546139072775,-0.2637951708937284
-1.5432032105741122,0.44178651608643893,0.07612684917949027,-0.43366316113182435
-0.8680026150057802,-2.8049612014552965,0.06458861206138053,-0.15290444671037803
-0.17282934767287905,-2.258811339569318,0.18177166632700542,-0.149360670549923
-2.8547731265580354,0.770000565689966,-0.36149108949413067,-0.21549041055141221
-2.2617953011917065,-1.8357969464540163,-0.2777110689099902,-0.10864931775609436
-1.402317062058373,0.025573065274349105,0.07923051295056532,-0.4429369009761568
2.962727275324335,0.2819999502213322,-0.4444168084726817,0.037931175411908824
-1.0596780069819745,-1.3602644411996594,0.03413839679123476,-0.3607530682400595
-0.11283935980265491,2.8175383486680285,0.16218155648493973,0.029689026828777068
-1.9094743861403993,2.151765444305666,0.04594646471168566,-0.24696929867485806
0.6960517149115772,1.3972139558643875,0.15536069754323475,0.32234629269132364
-1.378007997887902,-2.6515427381160666,-0.037170722052218205,-0.1780744071516345
-1.841019926050252,-2.4747580756166765,-0.13802827103965148,-0.15075705202827686
0.1041288955531221,-0.04535614159892143,0.44811605184107656,0.03999308527856185
-3.1069986972007553,-2.13180089928537,-0.2244555348057074,0.11931629223051046
-3.0934381162544358,3.005030533379826,-0.15023804913956018,-0.027684648226194035
-1.7651427309796708,-2.145580648258105,-0.16571491511126596,-0.19002559434327884
-2.910865528265018,-0.07874191207991554,-0.44032098029291844,-0.09131574593249014
-2.4628468224388387,-0.8537525792085434,-0.3812170204876361,-0.1622279792925779
-1.0124684004832152,0.87579071530073,0.30753175540953237,-0.2748805137968594
1.9012018960988302,-2.330832985164541,0.03903991516171561,0.22129293614641354
0.4526949774202129,-0.4378347954758408,0.41976492189436354,0.13344613612327363
0.07959366960473302,-1.415570027647662,0.33395041355023347,-0.12203053972226569
-1.297547991787096,2.4363146826536335,0.14376542421916427,-0.15265214672508323
2.7127886262604095,-2.8865851034236565,-0.12509879435163226,0.09879659127118352
-0.6470735797589731,2.599526511517615,0.1834866665614961,-0.04164890864764559
-2.5943726608969837,2.092263878733136,-0.12470684894983672,-0.22828582159554583
0.7355506140340711,-1.2719007002019584,0.351375349300181,0.12464835323627331
-2.4263249323046825,1.8176667909715478,-0.1034129093959767,-0.2825109282525028
-0.9724916750398411,-2.945472069884611,0.06195358117019499,-0.14278326512059708
0.04657058444945239,2.9334027660317625,0.15162953518815714,0.038103618310295816
2.351309468717546,0.1671009525254492,-0.3328970403385202,0.3007090933678852
-0.04054803158803022,-1.2360217666690383,0.3432533679698715,-0.15571508667282113
1.2708293069784267,-0.8634151395849456,0.2263688836717348,0.3460393420315523
3.0964595219296465,-2.724355512408729,-0.15995983589501547,0.06807178151570688
-2.31542214739282,3.0746736767044114,-0.0945062956989385,-0.1173456501481279
-1.4154035690265145,-2.894714081128456,-0.012295964481071592,-0.15835912798707638
-0.6623980528300795,0.9733101601400866,0.3793641415809754,-0.1386137881300019
-0.4911680400402805,-0.35980077766405083,0.363423011465135,-0.2542847684735636
-0.5590710725401613,2.8206237862779595,0.1587563995771003,-0.04350503019321937
2.561095462308087,-1.5959306997241438,-0.165464808292834,0.28785333386995626
1.3448067669709447,0.20160746072137092,0.0708782134522532,0.4423272715238755
0.6779884557427773,-0.110859210995788,0.36016779523688336,0.26875022981588453
-1.1977465382721453,1.2746474605753662,0.25889383126575394,-0.267842275869137
2.034434984745272,-2.714271763448469,-0.017510375704913567,0.1740294433163162
2.8592295196401096,-1.9239796391359354,-0.19907730388130082,0.20429990875896215
2.0181483296109004,-1.793442128544768,0.016455052848578372,0.3039017133357197
-3.13175880764654,1.4963453237150324,-0.309671324391707,-0.15263706190552168
0.8570350850155468,-1.9531991758105183,0.26495616574559017,0.0933523158198368
-2.820299576235762,0.4617623710784957,-0.39096256804954926,-0.20055536353137454
-1.5229987517655776,-1.7891758431570006,-0.13348910867805894,-0.2741939930761358
-2.7675879309504063,2.272156573077204,-0.14729695322172698,-0.1809155486719043
0.6521660649236432,2.778333150697825,0.0946479216500194,0.13933716503862356
1.1723790029246572,0.11619478844312559,0.15816167578638268,0.4205686772312626
-2.422245608240404,-0.9279706487378498,-0.37241837189612315,-0.1666010592623876
-0.7298618233173544,-1.6709642805686973,0.11288724232645542,-0.3012580668216296
-0.2749741239214236,-2.82880939624352,0.1388368691839213,-0.08712662880005424
-0.8227641296913739,-1.4545569198490909,0.10668013818094356,-0.3340020238687188
-2.381170148739826,0.9690919863938054,-0.1936555700641369,-0.35488289290296826
-0.5092660538084917,0.2112214088744988,0.40531764691950434,-0.1903087135134092
1.5781982194759046,2.789993635475965,-0.05283669794463845,0.1587897800188258
-2.695438339097305,-0.6517091803325918,-0.4174761363217303,-0.09883329055311177
-2.637806767180925,1.2180793041184952,-0.24015413166277094,-0.29311497445517154
-0.9124988853168161,-0.06708715618536365,0.2671362303695848,-0.3618504932697735
2.7754445010474766,0.07901869511492476,-0.42397310866039556,0.14988652829902324
1.0591731770817887,-1.459117014429118,0.28504038895120465,0.20318030019897743
1.1226164465994728,-0.28305261704620177,0.2301659009276868,0.3820239781729696
-0.8675822847827495,-0.1835632775189655,0.2684883322992329,-0.3590292075525733
0.5884881071803036,1.2983732564914394,0.20290992691819576,0.30910110934695023
-3.077936546962343,2.7686227686418157,-0.1565109877057411,-0.0647446954648247
0.8551166791656666,-1.0724060415701109,0.3433119494899329,0.1940567153661733
2.596758476660111,-2.876439289443685,-0.11239243362936796,0.11407555338119807
0.7073199622824142,-0.023278413019324873,0.3442855884278651,0.2897292700072483
2.348017511781417,0.27935878889728727,-0.3409921270509362,0.2876374265682222
1.4072642113086795,-2.083249457584511,0.16585489608165027,0.20214758851242953
-2.384101782985288,1.6365473871940983,-0.10796564142861632,-0.3081072666135719
2.528688707164232,3.046899449183276,-0.13140540481266524,0.07507212729121121
-2.724113666981061,2.8008851522197,-0.12467602466818725,-0.11013276097959389
0.21342392443413516,-1.9031388864966525,0.27539764730842853,-0.08539841358683155
-2.248518765765974,2.3584767937997855,-0.039012021905593136,-0.2172403572092098
-3.0680378490485056,1.2848714117136222,-0.33080542246919475,-0.1686766633085437
-0.4898731912294041,-0.2899905921642638,0.37136915876466914,-0.2466315852197135
-1.2877972142373308,0.25516640285109116,0.16065526555234405,-0.4168642505235688
-0.08796149167867018,2.1966026828371934,0.22199721642835074,0.10246777643918646
0.485061194046458,-0.12481585539040951,0.4057654808366649,0.19275432377567442
-2.8667719571085497,-0.7966615954973113,-0.41877761197717245,-0.006640780539023755
-2.3687401569336,-0.04242725260575364,-0.32651022133697033,-0.3095320408024946
0.3684610437551128,0.49718722207302024,0.3770868136036649,0.22228139723028778
-0.985408582231639,-1.9535827174536828,0.018824814475486368,-0.28023209663400717
1.4399394897657958,2.5189775603482722,-0.06348114233473266,0.1880374571137537
0.9568766488390317,1.0944488775886718,0.1034854659874419,0.37823144513173657
2.1714962556353425,0.8373533033186411,-0.31824638810720035,0.26733510090727763
1.2094681002655427,-2.5164394271317905,0.14517136712637096,0.13581849278506714
-0.4402560250321246,0.6545441577170634,0.4179619779776382,-0.09595354254224031
1.0867813404611768,-2.3815743978661854,0.1804778707322621,0.1212172806512831
-1.4113217056342862,-2.6471205770928705,-0.04360868305153883,-0.1771398873234045
-1.2169681786757551,0.1715994182262004,0.17918484454370226,-0.4111823849113265
1.8157473108072715,-0.6108165041243727,-0.01908898214065003,0.4311169335618365
-0.33665610729715567,0.5580113845722314,0.42949948005219774,-0.0661670238485939
1.8747789714961538,-2.580993238177844,0.024326830072119845,0.18890186645966883
2.0258395209384936,-0.43364620546464305,-0.1350596373057806,0.41943827751839513
2.246630426394164,-2.0433753337278713,-0.04075228103461517,0.2643344079310295
2.617796392290775,3.060540103004323,-0.13638978146935593,0.06475564778219986
-0.433632648449096,0.38421811630359803,0.42205052571899304,-0.13346016297971022
-1.1380933457673112,1.1777005306875203,0.27568021882656935,-0.2664111664673647
0.5164699568687143,-1.096929293717189,0.38630195831057484,0.06588286820141893
-0.8094475362162519,-2.546330496230079,0.060397060939987396,-0.18528911848748877
0.6350677197746424,2.98998481315639,0.10870066992317298,0.1082428145450185
1.291734071527519,-1.3429740884227752,0.23243941838419901,0.2807116103713794
1.1837836439886926,-0.47872729144474624,0.2274633726548482,0.3750237144642685
-0.7882074571032711,0.9416227909179309,0.35977349652418533,-0.1898050020277724
-2.0931790859231674,-2.9864149556413784,-0.09583272507113907,-0.11998967210588576
-0.43649703985430355,1.9494156102845306,0.28054826469255323,0.02291856775326459
-2.2456472226044952,0.22982754615104994,-0.2520061143063197,-0.3696301272945035
2.451051959841223,-1.3935025115941355,-0.1576192645671089,0.321759457797238
-0.9683804741971032,-2.754498265595214,0.04462684102799286,-0.16482584748195428
-2.1710934392855323,-2.120584997040819,-0.23072767079573192,-0.11063049813469325
-2.9816996624493455,2.482070937786369,-0.16450922281295777,-0.11962872121201407
0.9162290749731037,1.1688246706134757,0.1088615313351665,0.3685921743320979
0.8601826295504784,-1.571413827962004,0.309323530557596,0.12947346578305596
-1.0015135585620731,-2.7294108911474417,0.03701158313459678,-0.16931549080511005
-2.6910135672321367,1.1976713301111603,-0.2584520201398813,-0.28019635902487694
-0.5678183997878601,0.45495115992694757,0.4019684574447606,-0.1782323858409721
-1.1861554612702432,-0.5999215210465376,0.0805246381227486,-0.42461744653023714
1.1128818011812598,-0.8569545385165074,0.2777378818082249,0.30706430392757655
0.6646306259656285,-1.7793083806852392,0.3022134183742189,0.050365192795381875
-0.8507826974891821,1.0656989550087985,0.344367614103705,-0.19354918066579677
-1.7725333581510085,2.9572944367936405,-0.0036336707250905834,-0.1549546304978208
3.0664204119240086,-2.0375412027004,-0.22178586305813114,0.15103865608291936
-0.289016337854652,0.6102017199643535,0.42988668813021913,-0.03814911770168825
1.182961911974851,-0.4763593438015219,0.22754117512528765,0.3751070959382472
-2.258472312820948,-0.3349646402408841,-0.318445983009697,-0.3099840802148841
-0.09054258737211685,-1.5447381972310552,0.2891051793231246,-0.17681391785162973
-2.9685743398980473,2.0428826736074903,-0.2053285794417024,-0.17150243949612326
0.0342755167038713,-0.09264177138529428,0.4495683716417487,0.0015306735086234938
2.9155073546775157,0.2727270127777417,-0.4422022896457212,0.060255531365352395
-0.7275506796376487,-1.2267233640989967,0.16791948497397508,-0.3386180995842111
-2.896573480340518,-1.9992563733903501,-0.26367773399052935,0.07471080013530715
-2.9470916829132507,-2.601801764699737,-0.18299745718573335,0.04252616828867807
-0.7037999441114096,1.345350240245347,0.3488919486810127,-0.10437008463564815
-2.1361263240219053,-1.9086162981237185,-0.25357926462257857,-0.1355313998049259
-2.994867105048693,1.1942786726960097,-0.3309427960645411,-0.18991696164996924
1.6098376146711342,-0.6887851035185881,0.07903795503954243,0.4192072174724809
-0.26060762117932246,-0.5292025329160985,0.3954671017416973,-0.18383325664501463
-1.3242141521527004,-0.1936635036803822,0.08116138051484316,-0.44071572340037474
2.5137967771787926,-0.8312119579978883,-0.2595305987910959,0.32527242635205034
-2.4118700452667357,-2.5093786910960705,-0.19250612172759224,-0.053258675147215245
2.8646224873585844,-1.1961186143444913,-0.3031993245431343,0.23131732600667185
-1.1688815880210042,1.028773329392597,0.26588449812418746,-0.29704164848323406
2.4404122471045007,1.0416541154687717,-0.3706138523513909,0.14344597195866568
0.6468091689745559,-1.3431922917818049,0.3544783224201412,0.0845758772157481
2.0527628824751494,-0.25068259060779186,-0.17344090525527842,0.4118314597242752
3.041144395565504,-1.9261278728305682,-0.232463397097974,0.16477153665140506
-1.3294878441763542,-1.8197858818807429,-0.07830355467634853,-0.2901556845569273
2.8973997065321146,-2.9967835263401286,-0.14184000567791624,0.05764894372814093
-0.6944057341264416,2.492832093054533,0.19667983850168858,-0.045848075590176646
-0.7193499180039464,-1.8176836314663323,0.10225734992593422,-0.2829286466725375
-1.002877401384477,-1.7119551411369986,0.02481690805586556,-0.314995200482787
0.26017167009180886,-1.3848050401275382,0.3546298421780487,-0.05814248317687533
-2.17307078311616,-2.3410641294969903,-0.19949914518399112,-0.10015297591039535
0.33747921562824734,0.8750145014406057,0.3356804671770206,0.23980687946901097
0.262039064573218,-2.6694555542462974,0.17840168636564424,-0.02278120288412222
1.6455776208826203,-2.298373940308218,0.09674477475296503,0.20805003335063632
2.096384538587266,0.909533337626284,-0.2991381165734555,0.2797975294799931
-0.37421803263243314,-1.0074420335532905,0.3074397195015364,-0.2569884862225985
-1.2419768233926254,1.3065747293888377,0.2465649430360496,-0.2742443164755757
-1.5121434371280984,0.3608103119799755,0.07867631731895312,-0.436480277780048
-1.9187350223788227,-1.5329641806828123,-0.24513338326351097,-0.23624924422531618
-2.7793822121224525,0.9476799624265562,-0.3192281450598081,-0.25122613780479386
-0.9899285445021762,-2.411023573961869,0.019641712000109363,-0.2123268069972053
-1.4435763250944635,0.22877318399722713,0.0903413490676889,-0.43817065400426847
2.9305868658889223,-0.39491010290943285,-0.41664335043110473,0.1482603196436953
0.36259524918885555,-1.458493293849695,0.34908102823019,-0.02699030657236494
-0.9595866644324764,0.6534826736700734,0.3151847889955359,-0.2908882371695328
0.5055928482675802,2.333157771454677,0.11929233582926724,0.19003297651025755
-2.2669939848866543,3.1347106792342068,-0.09540594451728272,-0.11575766502936163
-0.3515834928575745,0.6770934452296764,0.4237717333787228,-0.05534665991670868
0.7931536336146134,-0.5987506502754831,0.35765496410240283,0.24274794178302728
-0.06975698015950593,-1.7265747104388345,0.265726160546493,-0.16711130482323144
-0.6171419965823071,-1.5262102821690975,0.16339339795361452,-0.2996898599458771
3.102940941108894,-0.129088179425076,-0.44767062762888554,0.03663578537750853
2.389588125637637,-0.8339187972481477,-0.21682734752357344,0.35491406248344215
0.775382503125813,2.6000733284545836,0.06832923938129723,0.17523619879182162
0.4359108164314103,-0.8275239825146046,0.4105899340441828,0.06941887281920713
0.7581321539910655,-0.795171085459105,0.36773358400197187,0.20071533914225764
-1.8767113755625278,-0.7317742402683427,-0.21953458933869396,-0.3623032817480437
-0.658868990799327,2.1150471598817706,0.2543606540486354,-0.03465111240668012
-2.893661096301525,0.9474309620395349,-0.3458280502261501,-0.213172083868568
-0.15364877796509102,0.7173440428612521,0.4232587377364405,0.034233528686279935
0.2703314337703038,-1.0421101248509306,0.39660543065057524,-0.024496407232976553
-1.7105988579920786,1.9974508529646045,0.10206662320341504,-0.2546329211954257
2.9155792346178373,-2.900545403592977,-0.1423872027829741,0.06948322637871866
2.5726791953978125,2.32978734517857,-0.22440578443304293,0.01431665329588877
1.395767113105883,0.08010998305323058,0.06645758597806178,0.44474121830231894
0.20977437531478538,-0.6393126293151781,0.4297970982377024,4.110981659560808e-06
2.324584788007913,-0.017798500174001752,-0.3060199325826037,0.3299053589153733
-2.3206797665296355,1.051902801643843,-0.15984872492420557,-0.3627411616848787
1.8253268709797217,-3.0613851132526597,-0.02625906126978164,0.14866002409220966
-2.3573203492430954,2.3345291653537608,-0.062409686799875075,-0.21531145081658407
1.8485801121459957,-0.3346454320168668,-0.07374286839825338,0.4382572341401883
-1.4088939205562234,-0.9866704561557436,-0.06179974831373861,-0.3978858216123456
2.369329998129298,-2.2729701468151546,-0.06559596860551722,0.22375897194723948
2.789998759692999,-0.38035027040665303,-0.3932289667448517,0.20356595679532258
-2.206680004856027,-0.0231047094371295,-0.2700142179129086,-0.3599559708514196
-0.23451608985248784,-0.6054056734567661,0.3919162330953999,-0.18140033925441873
3.0221328274106147,1.1225544765124864,-0.3785162965763938,-0.09071807974454044
-0.10425415450196152,-0.4970217682469342,0.4220633122927161,-0.11607388228109734
2.2842364519249294,2.899172145599983,-0.1282623643555723,0.09316859285228993
0.5575165961391892,0.6237790413224515,0.3115304766818273,0.29748896214674
-0.7833252908042838,1.9319408475699849,0.27403390880758033,-0.07486222554214861
-1.345961616476104,-2.4544892499189612,-0.051720194101932626,-0.2006171238543491
-1.8647043135980708,-0.6453378390816975,-0.20797541111244666,-0.3756952535553548
1.6449265495105365,-1.0251161250998275,0.0998795847608046,0.38630821271191945
-0.7128870204895938,0.4365707202475826,0.3712530972163488,-0.23712816861232494
0.07084581843141846,2.2689431634738497,0.1949356900588589,0.1290277038000814
-0.04822043129622955,-2.649379114756918,0.16419474119255933,-0.07889284846497782
0.485558461030712,-2.6855917488437404,0.17704513108868042,0.01873918094353068
2.2969889500288385,2.201111076740651,-0.23110619942828503,0.07774322866025515
3.020574380186562,-1.804216120361675,-0.2457463540440688,0.17689317819516295
-0.5806655428403666,1.0603079688978072,0.38390331732470806,-0.09535485816844338
2.0578620792016187,0.2694112512487128,-0.24336500192226518,0.3742017836415164
1.662077152715141,2.0916321442496333,-0.15011127914330133,0.21256087748743246
0.4619960274379791,-2.3556358532145905,0.220959708873869,-0.008529836779095995
2.865428712123717,-2.3261422302392902,-0.15992124805818425,0.15882866832962736
-1.881974123157787,0.3570002864786983,-0.08498305545077366,-0.4354346337504187
-2.4550653727717995,2.8046797962199257,-0.0911098340184667,-0.1387761712764765
2.224008630074695,-0.5340848356822057,-0.20014904807214448,0.3871776022857545
-0.3823329780660165,-1.0873548529710586,0.29347947488166404,-0.26115973703640133
2.1800696068027383,0.6703487879498904,-0.31536761123533086,0.2890808227880406
2.4698586016800395,2.7045883224405545,-0.16795442113011655,0.052432724979687734
-2.7491600190406498,2.1169800089091995,-0.15618325222702234,-0.2033669058292744
2.4093801646151194,3.1132153429072567,-0.11444470753495511,0.09715268248916174
-0.3247209519640082,-2.9997900632087573,0.1368243829692619,-0.06842829721561969
0.06554926162870434,-2.432484016935018,0.19215666993552558,-0.08527004524225257
0.7954042056998274,0.6878062423949713,0.22311993916942446,0.3636690029603152
2.6790409298434126,2.014241173450393,-0.271340881761544,-0.016102679101790945
-3.021482689938042,-1.3493495930518131,-0.3480817804393479,0.10538874391542011
-0.14549677963073027,-1.6385850599387473,0.26507938556227895,-0.19009630440781872
1.1794923788334417,1.8031221261880779,-0.033690197664138624,0.30107015693577405
1.399309084416175,-2.7873350178676217,0.07845756699465621,0.1480980282201312
1.2097169449895162,-0.8206930295717991,0.24477722264868362,0.33754762875146305
-2.2969118237238955,0.03650042203826187,-0.294627033082156,-0.3400514158133332
-1.2604346916984581,0.3791819039857178,0.18704866495770764,-0.40139742965964875
-0.8877165348324088,1.4364313941589328,0.3173347717793642,-0.15445106717939028
1.9128353902506463,-0.9120312178147705,-0.01967880371398019,0.4089075927667163
-1.3900927190034176,0.7080166188086521,0.1703563717361754,-0.38967614279231794
-1.8176943204695766,0.536429602074382,-0.03049365633416453,-0.4346592184453009
2.874230672018574,0.29918078401280823,-0.4392654290385437,0.07448440479816146
-3.0859029907915017,0.8826825633753508,-0.3882001841886403,-0.13768781297063507
3.1279006860285747,-1.5114254339749331,-0.3068213361800797,0.153950996821014
1.1110009869771984,-2.609728848795787,0.14393032775233486,0.11923237237895648
2.0638334761582637,-2.392186636266935,-4.840932194438707e-06,0.21589713766390492
-1.2904443912572732,-1.7304999266474184,-0.06590146372428596,-0.306340814129117
-3.0516471112839256,0.001243665568533281,-0.4481640595110632,-0.0406067255622883
1.4945782640516878,2.1390648881665584,-0.10936161101654639,0.2282639248136811
2.0994924223480904,1.264763369442809,-0.2976192901945491,0.22591548182580834
1.510956099017731,1.8160956775006127,-0.12948639764583447,0.27180336192893323
-2.2440378272947816,-0.9363477701591876,-0.33694419075489546,-0.2287239053170441
1.5923345975540384,-0.5990782095683787,0.07543369802859856,0.425601661605952
1.689691673304587,-0.6680164118308256,0.04270602958064297,0.42582962127279333
0.996139438650764,-1.9360178804976698,0.251546974446479,0.13069069462083366
1.6720557189476173,-2.7569570465874658,0.039724062118367987,0.16582469323216467
2.1734885072215357,0.5712426586382069,-0.3084005105497851,0.3051226020987098
0.71379570141195,3.0738390772953537,0.10699375440297315,0.10610764405153963
-2.5848728166286556,-2.0933707026451964,-0.25981870212464725,-0.008608698052950142
-0.07773676451660982,-2.848263279130351,0.1525665370697607,-0.055386501779254534
-2.6537074948688937,1.756349356127335,-0.17144626948942082,-0.25787994854717927
-0.5809242689633893,-1.5545479675891694,0.17051542161029054,-0.2913533575860944
-0.5836671426581836,2.0712131143962873,0.2628073382749623,-0.015845798348505608
-2.7268405707586125,1.281371869906443,-0.255814905565391,-0.2697124285803605
-0.9498885997102229,2.8002494197963728,0.13314154873136122,-0.09982885473734365
-2.4441710301393353,-0.5722270541779086,-0.3787762122497995,-0.21140321639324677
1.936698942685359,1.0176865154424606,-0.25471686877942135,0.3080577001938733
2.8129068269401962,-0.22082392481166346,-0.41185731249338137,0.1751802281742044
-2.687214838782097,0.8205129842127628,-0.3133012056299636,-0.2751517747812817
2.8595731835292098,-0.3166794132379622,-0.41205905338189064,0.16802399259164474
0.14185295723871771,-1.956381294397767,0.2607878177942532,-0.10315330500502881
-1.259365987334721,0.0496209281971276,0.14491483273662129,-0.42589777334784473
-2.6586539915352714,0.17959983448919914,-0.383955218483356,-0.23158316690140118
0.003922391967790428,1.9515815357416821,0.24370447337674972,0.14021294550306537
1.8504957418802679,1.479820238178795,-0.2301567090834266,0.2602007825807351
1.301162711277697,1.0291331249879656,-0.023370295364635724,0.3979376751712342
-2.8260133163211196,-2.4291605207901017,-0.20770663073831336,0.03533085903444341
-2.683536912739757,1.386173036022715,-0.2285684929034091,-0.27708898496957035
-0.610265163497199,0.0019173539230799008,0.3689378333734775,-0.25765230384116844
-1.2862277600379548,2.4762004148285106,0.13997580734557055,-0.14868103863570353
-1.6814788893451589,2.638126884240794,0.05330239025876651,-0.17557460159153523
-1.3759893147952018,-2.795033573926535,-0.01922292275566069,-0.1657746851148827
1.9068383136655394,2.0146503408903973,-0.20557391749034387,0.17773934499230304
2.696919400008956,-2.9047329639670565,-0.12405272620545221,0.09810072957196923
-0.5962573554353274,-0.8345978561801983,0.26915564655726265,-0.31699850817245434
2.551670681682883,0.26577858531641896,-0.3914838119404474,0.2146633901233954
-1.1215755871877033,-2.2110478916742635,-0.016992239127454734,-0.2417550737144625
-0.14805078119756043,1.5476353280894095,0.3222746265484311,0.10355369914733657
-1.721410575515777,-3.0890984990895802,-0.030319227595107884,-0.14732521710983754
0.8826370042100029,-2.0822535896645933,0.24494220965005215,0.09193989759295351
3.009527105282852,0.5076614542020472,-0.4369309828362119,-0.015519448765878276
0.6502663004542826,1.3470367798347676,0.17672282907693798,0.31818197951196314
-0.8933804575856223,2.6178458211841296,0.1650747297654771,-0.08552608176949089
0.9287644047925001,1.291173544110226,0.0889717747113137,0.35975464208123725
-2.369259252707524,1.0793209869434053,-0.17330827758206255,-0.35346524778546917
2.4420170226254845,-0.6638741568229443,-0.26041425165489396,0.33995500784971355
0.01937703422793291,-3.133522369991628,0.15000017944100044,0.0016961657471268807
-0.31824495662137675,-2.386609764580543,0.14901536660701667,-0.15731791474909507
0.539504377215235,0.2171126079074246,0.36646339155614616,0.25708305504307505
0.7840401332514868,1.1003735255856961,0.16614468938169913,0.35452733362008737
-2.6906119624963973,-0.5186877297042072,-0.419662343871978,-0.12060621764541739
1.1474178412288465,1.449398975909892,-0.005033628597223186,0.3512457940846507
-1.6214910744899889,0.13736485281236632,-0.0022176651099382674,-0.4490515634733936
1.3443040369977988,-2.6755298712891316,0.10296104767727479,0.14662202768674693
2.026545881128974,-1.935118966768269,0.017332874799860343,0.28307435196844216
1.909827628646231,2.1362718407535066,-0.19248311092251574,0.16500511745903385
0.3298733070299633,1.4131684649880834,0.2581157673773013,0.24495730959325535
0.1267311710143062,2.4803627166299274,0.16851549354682888,0.11432912978443976
-2.243876512552843,-2.4029586731606742,-0.1968452342268577,-0.0848937416319343
1.7300508866014424,3.080159026741769,-0.03292492297223198,0.14692082940393966
-1.436277222136283,-1.825851465274812,-0.1086775158260863,-0.2792531267824977
-0.020763270796719357,-3.067577507985171,0.15014796721894763,-0.014212540197566521
-1.3554458496958157,3.1254005021153786,0.03443029237330214,-0.1460354514114045
-2.3007242495062252,-1.37555334632918,-0.3291091593287011,-0.14713124299527702
0.8140350175421855,1.0556973553472746,0.16179555409411442,0.36146657790626113
-2.8002144106813542,-2.0314649331187447,-0.2648370966329244,0.048498164727089635
1.5622840817619679,0.5040907347302315,-0.06877745101771653,0.4319431955724733
-1.1461359678508936,2.5386266904777903,0.1502077440294986,-0.12573177234455915
-3.1407463524830312,-1.1298350467678206,-0.3641360196211163,0.13534314951254592
0.06992644413691806,1.0697372807708234,0.3619518473515029,0.15723479414412184
-2.8472134303158354,-1.960959585285268,-0.27274908684739924,0.06226868222283029
-1.4063681455992343,0.7841126156331129,0.17099135227446588,-0.3833840462302822
1.3004716249133956,-1.0276127464546105,0.22456396917012927,0.32952811822392036
-2.7477021441026377,-1.8145320264749885,-0.29946556148735887,0.03317702086688851
2.1321266293317063,-1.1738117941363406,-0.07345890337473504,0.37669790643908063
-3.1175913716668213,-2.01790107962129,-0.2383247604491287,0.12957316757742496
-1.5907525451591848,2.5253133834857913,0.08313928958826901,-0.1792895316491307
1.5136448260546613,-0.6459938452776006,0.11412914655307335,0.41393200719679335
-1.154408695711125,-1.6004573284196275,-0.01758447430631946,-0.3309406102687459
-2.5013838979799763,-0.32416309529436393,-0.38316210620999513,-0.22583043785786944
-0.8781761878352206,-1.1276045198915554,0.12835729447879662,-0.36690415973950924
-1.4426615294185403,1.535731464351688,0.18768615415063455,-0.2836002441688249
2.153322388250767,2.9607620268093973,-0.10639363554894593,0.11246277658038487
-1.172769621783502,-0.3893460177769916,0.1175821048124591,-0.4265426397141495
1.815416261430089,2.268439754106671,-0.1608500854496625,0.16973519246464802
2.4622053025677593,0.4138298960754896,-0.3781292929087775,0.22786204152577216
-0.4158374169079808,-2.153651832905095,0.14831890105521012,-0.2023970935466628
2.575748738244924,1.1977180122597693,-0.3742792325685638,0.07223980931786762
-0.7708334007946656,0.08441143495029957,0.33122687196809264,-0.3040860265810695
2.9158906878698163,0.9462886940630169,-0.405103984181149,-0.03183667588061263
-2.5805700250056622,2.4484782250631145,-0.1053201551902822,-0.17937190518523755
1.1750767074526784,-0.3742606304697751,0.22005984753151187,0.3845044857359679
-0.038867530111833304,2.5206733477685166,0.18125498958665154,0.0802849425874607
-0.7059233748051539,1.5749998674996837,0.32513367504414314,-0.08006107545487207
0.8338533266414081,-0.07159736229766844,0.31010017765909675,0.3257411551179003
1.2808718829211925,0.6485638061418153,0.0331138732708546,0.42793593468817753
-3.1141774218317084,-1.0959060654514508,-0.3721043963026497,0.12324769843512459
-2.0925954593851444,3.0385314483103887,-0.0617845954203695,-0.13842042259041137
1.3386078150981895,1.0514983688176631,-0.04056886697925484,0.3943583856396756
1.045430385923586,-2.8660947542168977,0.11336747342091924,0.11420038175976913
2.928262836672207,-1.0893666943909088,-0.33293435025634843,0.20815601987326854
1.6401488083223468,0.7748074383580805,-0.1329010591341045,0.3989327347019555
2.832288454095101,-2.7876402302163434,-0.13591316474436546,0.09801378722977237
1.272599503352284,-2.9915238536194892,0.06600108871965116,0.13840297975371008
-1.2688753954940193,-0.31400696391403704,0.08739357806343695,-0.4364191605821461
-2.4795653222110925,-1.0512386047018727,-0.3754055808886515,-0.1274963306076759
1.7707515573814865,-0.38768127943854047,-0.031593829232688164,0.44138731411290955
0.9057162704188508,-1.4910419086573705,0.3101664722048916,0.15318958868922355
-2.8388310085086608,-2.10664052616593,-0.25170834528944225,0.05649663954918756
-0.8793288563976014,1.1884227615294813,0.3341919217855048,-0.18546398461404695
2.870157888973213,0.09155302364304951,-0.43659589097117235,0.10727116738307152
0.002520472832374665,-1.8839866542976524,0.254144573126323,-0.1420632106444019
-0.4226753041622682,-1.1335530661830178,0.2757835534083022,-0.2730446178499024
-0.26578121935101917,0.5768460965131097,0.4322675063466384,-0.03288805389262672
-1.8291437911968997,-2.687762273777003,-0.10578100363368988,-0.14290095060107844
-0.8249371749603585,-2.215118072269118,0.05435350794787211,-0.23555599869747978
-0.8179874371709217,-2.681376950046747,0.06460547141105155,-0.16640321111287318
-2.8126363599907758,1.9623476760868703,-0.18494907481911693,-0.2096372735407703
1.6811769921806698,1.5859339855141625,-0.1818669340713354,0.2793959216556092
-0.52461812667616,1.5916120917023315,0.3320684261991445,-0.0189017662629635
2.0243159311137333,1.359212219699157,-0.2770710277432181,0.2337358562295232
2.201301413036264,1.064280005252911,-0.32571432721445187,0.22376825222778593
-1.8095947238977592,-0.1445640592421955,-0.12706673192291534,-0.43059869695234043
0.9886810872048972,0.8939600664803997,0.11891535748082721,0.39335584866340734
-0.17415856082467984,-2.900559896185426,0.14579709438772243,-0.062007500929600265
2.3885952301335953,0.7631834757821601,-0.36888494588698073,0.20362078137603554
-1.7860539880273516,1.7459571166220824,0.0857996891751116,-0.29908933631232704
1.1172332876106505,0.002251644701875666,0.19687322855871353,0.4046488647349589
0.6770265513557252,-0.8952701612949081,0.3802735747344358,0.15546616793709767
-1.2861587485220312,-1.3984690696694735,-0.050366484376829265,-0.3541130060765592
-2.283303862821291,0.897251743413519,-0.16856573689040366,-0.3744649896507991
0.9527807150150558,1.2114056584380553,0.08994947779897584,0.3688664285570631
1.4991520432674568,2.3308581728960034,-0.09436294676189617,0.20393300319402619
-1.158447564711792,-0.9906441765240914,0.03823909966190649,-0.4004639548312155
0.9100100895935608,1.695029398049046,0.05519997647138353,0.31352946421063344
-0.6589119404726613,0.3855100130563418,0.3816263494448801,-0.22417836402462105
1.339618356430897,2.405432613280701,-0.05476940109617108,0.20689514623577898
-1.8898861654097363,0.17474863020473164,-0.11568681994100159,-0.43329653159330245
2.4517931712046543,0.11077147875820526,-0.3569613307189218,0.2729963522111346
-1.3357448999348487,0.48931613387554806,0.1692671890166471,-0.4040885094695393
-0.830725139133802,1.566494576285204,0.3134993278089315,-0.12085250438099907
-2.7765901538131588,2.9197363889612324,-0.1317710515830508,-0.08568680818966116
-2.440940759561659,-2.679380467234447,-0.16981980434323277,-0.05572338079016634
0.09966327406601216,-2.8058531449515707,0.16250628282262003,-0.033416835625237354
-1.460258278863746,2.74920985114926,0.07481313758450858,-0.15408746718292557
2.1078844252326467,0.18771409129879224,-0.25293898098685386,0.370055234243339
-3.049271369880308,0.7219569328776148,-0.40168144614682466,-0.13674161224586456
-0.7596744969350606,-0.11043576821313428,0.3142294051854436,-0.32126564682362335
-1.0219880706877662,-2.553125523458641,0.020377408956718995,-0.19293375381535305
-3.0201535669857322,1.6844552434910733,-0.2628498553909651,-0.1822159737253516
-2.360162956312339,1.5533582575932972,-0.10920081680341806,-0.319600576186373
-0.5425990761185622,-1.1831029237870818,0.23376781680653846,-0.30311296411093536
-0.04483313816042411,-1.2174347274889414,0.3452470855779454,-0.15636265278592523
-0.601365253794651,2.1227200006628157,0.25478240560430343,-0.019913919713985734
0.19438716643711507,-2.686958594881683,0.17484850583136968,-0.032711455473149666
0.5977299420147633,2.3945542686444705,0.09965344955355887,0.19114338391096375
-3.0792394464882977,-1.5289396947199003,-0.3150201996288848,0.13049241675523668
-0.22559676657837047,0.5842404008891195,0.43285430362144384,-0.014455740382137358
2.9122516202337865,2.739432219519796,-0.17107362152747202,-0.020352839935607672
0.1195833428721067,1.1191766845331301,0.34675284568873166,0.17759664093067287
1.115530966301443,-0.5376533450397174,0.25755378031724596,0.35138042617977827
-1.1820942436860904,1.190878556602411,0.263690504767161,-0.276302890100108
1.7215386015033234,-0.9803048567177983,0.06559380535818704,0.3978777364155267
1.714816244937686,-1.3995266456927065,0.09954922335939351,0.3434078847273646
0.13380701372148218,3.120753074240974,0.1482744627814611,0.02311332824672777
2.990883060442335,1.5757614957330137,-0.3183837868844328,-0.10336779421455525
-2.3527373888798477,0.9093024355407984,-0.192344806303796,-0.3616492018189358
-3.0351073345645743,-0.9092419875210922,-0.40250972086936176,0.07600583541522916
1.6974541067260969,-2.8327060541540288,0.02538978102752655,0.16160081107603746
1.9299151593898802,-2.9464565463988057,-0.026488335402939336,0.15331814053671428
-2.3863083577626183,0.34043086816043644,-0.28703460018858384,-0.339037045629739
-1.4728864997051492,1.646400142832853,0.17707367648160963,-0.2726665546070345
-3.0313079019783133,0.23486038019109756,-0.4393313933740385,-0.08376838614436669
-1.298680299864093,2.141215756913983,0.18046696172698284,-0.17701134126242996
1.7162010089812956,-2.9315675519885107,0.008731141772630548,0.15620965337283102
0.11284932383286783,-0.8372213956127217,0.41042913227432987,-0.06561680995385522
-0.9544435371008428,-1.6520354549968805,0.04438727385266,-0.3212884812023142
-0.8058857777330393,-0.331293711766361,0.27076508771495617,-0.35255109885737923
-3.133087572382943,-2.68683836328583,-0.16579903730371717,0.06447845314476168
-1.2578903837072144,2.8533932578447097,0.08864182641815606,-0.13547869881460148
0.9202274135674555,-1.738837597842299,0.2841772690200861,0.12919226703543535
2.9794515621331312,2.6534380100261554,-0.1766794534391744,-0.04238379625218724
2.180647488802834,-0.46562703943495665,-0.19338233534715304,0.3943626394289007
-2.9933411184055827,3.050638100350289,-0.14695540957298195,-0.03572287655263431
2.504230135313562,0.33965884068707597,-0.38450230440451194,0.2225222064597414
1.7793881094544988,2.7070027220395314,-0.09573661012649062,0.14731141129387681
1.7616551401051526,-3.1079839664179825,-0.023522567090085288,0.14831558760483068
-0.26392042986799025,1.5597304196676323,0.3303424744533094,0.06610416694599623
-0.6408516447183543,2.532441941622861,0.19317804172639863,-0.03701569322665152
-1.2383169968714816,-2.2637024400368277,-0.04244568471490261,-0.23066976417368418
-2.728819681050487,-2.5376161143462155,-0.19588364735065605,0.007215066365205955
-1.7075475711073909,-0.4739242862880668,-0.126910778216573,-0.4200883596031463
-1.5921363175987908,2.724884931048173,0.05722433663516416,-0.1640944691466723
-0.1000467216441061,0.26632261221044784,0.44643104761971253,-0.005137357605977475
1.5547390598721194,0.1725140494434969,-0.01855591486189989,0.44812916309340656
-0.16455770140253412,-2.2548711006322057,0.18339069828501525,-0.14829629549436496
-2.7781452587215014,-3.1366320090890256,-0.1404677746855348,-0.05262994995576983
2.876378151345749,1.9486676613392255,-0.2726480868239107,-0.07041425616888454
2.7817189368632125,-2.591345446151988,-0.1334923463300517,0.13403066039395226
1.791898747271338,0.8410032144464386,-0.19679904194995163,0.3657520032606232
3.0871042521156884,2.605112015124744,-0.1749945893422544,-0.06723646356231072
0.27949073987968465,-1.8305940185178284,0.2913125814729589,-0.06721105906668519
2.9076592989386807,1.0384398563196555,-0.3958486765817827,-0.03853161829376488
-2.6665521732379087,-2.647114912725224,-0.18192773060581474,-0.013520343461547416
-0.8439527489955077,0.6519127953047943,0.3465968088706808,-0.25281194423474546
-1.7254803819361775,-2.1115792731159657,-0.1613835638953384,-0.20030646933459934
-1.911137096697684,1.4825399446056755,0.03628994865409954,-0.34513157832098607
-2.2569016338997727,-1.2489006080780265,-0.3302194196550693,-0.1786841567437309
0.7691475940858186,-0.23002107558931373,0.3442747559128505,0.2856649007906115
1.7675973506199618,0.6247405207528551,-0.16848942823953808,0.3963731256325815
0.49196335281368864,-2.065450076181141,0.26401858718727633,-0.00829226392715346
-2.2181987160018535,1.5182551915971612,-0.06620314983060477,-0.33592211860438953
1.9548482999603065,-1.240047311940735,0.0008794537986574064,0.3764662865502079
0.8542286184930421,1.0202124845032348,0.1521900793864434,0.3693573052050022
-0.7026755921016656,-2.147070915059927,0.08527758639951563,-0.23703665467699334
1.09409291444703,1.1819781123463562,0.04041933157569315,0.3807687449755619
-1.5085615067484104,-2.3361632379514328,-0.09576470754490667,-0.2024276997422748
-0.9726860410260971,-0.4689989659128435,0.1882374818345064,-0.39667185188088977
2.623140915522402,-1.588351083228129,-0.18397023644986504,0.2776240356452232
-1.3162990118856557,1.5605877178742213,0.2210741253225211,-0.2540570604359715
-0.18856927255306655,-1.4951781633054622,0.277775366957765,-0.20528028689763242
2.451329062212971,2.398400571039722,-0.21078706631124,0.042434597987698885
1.3051517359884333,2.461878995366029,-0.04284661750409059,0.20165917057258154
-2.750758256892564,-1.9073154680589515,-0.285520735946324,0.0354907862423116
-2.2160603300733426,0.7153151689545081,-0.1699237316130418,-0.3893144192626612
-3.09232248566677,-2.59044645595447,-0.17587087438478438,0.06997283905059948
0.8226058687575275,-0.6814925021571265,0.35260308989328315,0.2409731624631671
-0.3287775646362965,1.3403399565045317,0.36351187590424267,0.030283374548834438
-2.297918883276886,1.0016858022302584,-0.15874781882704211,-0.36850861411787605
2.877284941080098,0.7835174138110581,-0.4198138146865139,0.003943203236081591
0.1863575417101213,-1.366336050348097,0.35194739326197355,-0.08310545166692719
-1.6217322621144175,-0.7663918455562522,-0.1246722003975723,-0.4022367963643949
0.0037923494110958522,-2.4947629497781714,0.18064176475594074,-0.08971452216993799
1.1285878355119374,1.3761609672854345,0.00778447859813966,0.36034177277635643
-2.662567519387431,0.024434030861536726,-0.3976212375791257,-0.21064303164064813
-1.4155776790546997,1.311713153798272,0.19557047575357203,-0.3119450077373112
1.9287210621334783,-1.577434356268585,0.035740236262429295,0.3326036939762995
-0.2534330936491833,-1.1030871423425737,0.32231322530714906,-0.22178824590605
0.2926528144677323,-1.0416557570829705,0.39709979862994055,-0.015588355083601776
-0.42212950779504865,-2.979848322894688,0.12872192973378263,-0.08429327249960031
-2.8657611789892368,-0.9987256699755673,-0.4011438534319565,0.017529544465290772
-2.1001560723555377,1.9057188399288787,-0.004320762513845333,-0.28792132945829607
-0.3421719753100292,2.4963000710593084,0.1999872664660224,0.02453463509192383
-1.8272416108631775,0.11446905312521949,-0.09731806836798462,-0.43868005966858736
-2.8275651550481924,-0.2795910947929947,-0.4352402367135175,-0.09783194189960472
2.1592145199876196,-2.9479158622784967,-0.06079869779611255,0.14313011552195298
3.023421829168557,2.382611122335244,-0.20200628262914228,-0.07996941046271702
1.8418709988007098,-3.059847071749079,-0.02849824955322259,0.14828481940241242
2.222896221956444,2.794447169343745,-0.13701957533339418,0.09536426863655767
-1.6212055037082536,-0.06775630779926756,-0.03279995182446424,-0.44857290478703304
2.894204644635108,-0.9931548675431783,-0.339509018715439,0.21535572593342894
-1.9042719607620222,2.6654430368381226,0.010405561734760801,-0.18000764142624542
2.836417151688331,-2.9883395240529147,-0.1378659744513162,0.06743737555539729
3.10904131755584,0.5116077030800907,-0.4329556172899108,-0.059377619516000395
1.3302936222584112,0.30745211897744307,0.0614223559230586,0.44102946611900745
3.023115226235931,-1.7635619311337054,-0.25196059947072585,0.17825317925609488
0.4369313212405328,-0.4468134464961566,0.4218090176196173,0.12546602685457825
-1.5108435349385925,0.9567029649582022,0.14552801454966732,-0.3783929122440663
-0.3958665254776337,1.4271073990506409,0.3538620289193972,0.013008219832432555
0.5878606944979667,-3.1370884974972872,0.1251953039648901,0.08262595716595429
-2.682407656835919,2.7448310533388716,-0.119216361856259,-0.12360787261364192
0.7687054026754647,-2.1078492511130245,0.2500813108992867,0.06256832441009758
3.0233295140853063,-1.673963501239238,-0.26496073263058917,0.18173394439473725
-1.9471110616862333,-1.4861401707742272,-0.25391391741487035,-0.2358764068554145
1.8384293356156727,-2.903961727290519,-0.0067290744098604804,0.15806285154492716
2.5629037078923806,-2.368433358629817,-0.10398160191121339,0.1930650797262163
2.7878593287801907,3.055826689990683,-0.14568108278149564,0.04009775914118681
2.891117268910504,-1.161027480723743,-0.3144315079616117,0.22246030143374418
0.1348348867121345,-2.417134536869692,0.199331097531046,-0.0732791559132025
2.999014034492842,-2.469346733380786,-0.16750958081780262,0.11841575007054322
1.6167277128544422,1.3789076443780743,-0.16217964083710246,0.3214995438609168
-2.125781060835093,2.2278206202361845,-0.008859325719880573,-0.23969315868545524
-0.1451409116378639,-1.5271137406721669,0.2816530081247195,-0.19261818600203684
1.3718152331966245,-3.0102143129047545,0.049168498655592474,0.1444231777531906
-1.58750761536217,-1.7398767275155107,-0.1524317003437653,-0.27224941251491214
0.8835112552407294,-2.786494095550503,0.14141567036589184,0.09009166329532298
1.0467816821147986,-2.4919431069191518,0.16890373145599233,0.1109274716552911
-2.1193200138099293,-0.4303471750343988,-0.2809086029162501,-0.33968256344175474
0.4089430789163506,-1.6969729239413163,0.3171144822259678,-0.02475114995411523
1.7066822160953654,0.10019090966101096,-0.07572393400281754,0.44307397095466483
-0.006938744361967064,-1.5488444276624072,0.30224466672232775,-0.1520647023112339
-3.065546528091076,2.7679774975545897,-0.15572515605192747,-0.06677139650618702
-3.0848022774713875,2.5506211748124867,-0.1704134807445204,-0.09339841597709764
-0.8983111253254461,0.4197551374316566,0.3200287285088957,-0.30375747096632666
2.6778563087776632,-0.914681034622713,-0.296995425296628,0.2814207141484873
-1.704774071891254,-0.7467761645118318,-0.15575603826256307,-0.39279700407160295
0.8442319557370341,-0.5538484394079233,0.34301178913055813,0.2671862909190762
-1.7462488057704075,1.4299230530561706,0.09019161417240457,-0.3420558052695278
-1.1204805008003076,-0.30386115279648385,0.15246472171131858,-0.41848710566954866
2.1868129436641253,2.241400358516814,-0.21539151377472204,0.1008719801293276
1.4379788514504597,2.79032983395273,-0.0300809806850637,0.16459231292312837
-2.542181316059877,-1.0307807186757763,-0.383959463105532,-0.10652968968597326
-0.4479784141696386,0.3813546736065585,0.420064593491524,-0.13992946424848768
-2.9583136232399663,-2.5443348180120493,-0.18839502805983116,0.0508727499108639
-0.12007075008632961,-1.8820084781199238,0.23513456324072135,-0.17219926413727363
1.0206029957063878,-0.5437106231747726,0.290119462863623,0.32458011139291276
-2.3970187101356544,-1.8459827787352099,-0.28846402309218966,-0.06952074033138075
-1.3264750499702511,2.3659993429880037,0.1485639120331756,-0.16176602145716681
-0.6419114135767332,-2.1470507751908023,0.09951571926072567,-0.23142338664226933
2.635991170024888,-0.2785912745500263,-0.3686587867998968,0.2512382143660352
3.0992126655982073,0.664127914637533,-0.42165987186939474,-0.0746583399256342
-2.8594066396141904,1.205516488734271,-0.30058444291894504,-0.23301921428117334
1.6399611499637006,-0.7346968180936613,0.07188874470137802,0.41727098031495574
-0.8059814612455414,2.3191178455048824,0.2163652298622296,-0.06670244835576186
-0.6757051441903745,0.42926188625180384,0.3795477708122354,-0.22422773619992267
1.597593944664422,-0.3800838250906242,0.043859115357998885,0.4406284110091897
2.6290508105916075,-2.7191072896685973,-0.11205809762921529,0.13362799415693893
2.8332679195655537,-0.2218626130540402,-0.4152598380663043,0.16689308563335997
0.48457549944767075,2.015242722499287,0.14530661054821553,0.229542496416274
-0.8977342325899333,0.7196824427575588,0.3346435542321695,-0.2611418180522324
1.8067241913608028,2.0870382488675157,-0.17965479457097883,0.18920564835089598
-1.564504450194356,-0.03762578330499444,-0.002811766415806399,-0.4499204318592554
0.40258899653855984,-2.397275808676704,0.21431845404946148,-0.019183849732230626
-0.8885777326656497,-3.0558909746415903,0.0849588765980185,-0.12494919783646416
0.9841420609690896,-1.236408052797887,0.31132574015636993,0.21239940781640476
-1.6311217362353654,1.244010821476488,0.12081389110396822,-0.3560814959263806
-1.93777867198948,1.8237567637098087,0.041385876987613396,-0.29709054921737077
2.627873684287316,-1.2833227885466252,-0.22762885394226115,0.2936031951862519
-2.501941248664494,-0.027307220450221603,-0.3634365955611886,-0.2652928331090343
0.03743463834165439,-0.4956245406740072,0.43431801451146773,-0.055121046973449925
-1.7539336926268934,-0.5622019266904479,-0.15636778664299122,-0.40521182552485646
-2.896988480012919,-1.6879858179757035,-0.31013050922597346,0.07613236881315803
-2.9152797437191316,-2.284747730144856,-0.2220689630843419,0.0652004716291229
-2.0406417895964886,-1.9057619944210984,-0.23981165469699034,-0.1593865212198869
2.3044861025411487,-2.7939290115538844,-0.06849514923477987,0.1522924794656587
-1.3667263598427952,-1.896700487663302,-0.08809115470304726,-0.27554501430763356
2.8303184420430014,-3.0837817088171455,-0.14037575826603965,0.05426784821367888
0.512847992048008,0.799588113091152,0.2997295247932088,0.2922197850100595
-0.3982647915285624,-1.153747342338548,0.2793380619550724,-0.2663193945389364
0.5032129892642523,2.9728558990072775,0.12112393700256524,0.09543164542822064
0.10491904870731039,-1.9244325264019966,0.26142619499115377,-0.11396635203685143
1.6259391554550016,-0.9686876618176301,0.10221669400919686,0.39118549186152923
-1.3666175225331327,-0.893210343309192,-0.03453956713240095,-0.4095476640528326
-0.923311620392774,-3.088490337706455,0.08425464934135041,-0.12461146723541573
2.476167531320108,2.131306426615992,-0.2517047153705464,0.0360428640301069
2.8051690037212573,-2.9405655316998294,-0.13455520749298003,0.07878652068085314
2.466516087155478,2.765731470087508,-0.15968412033135715,0.05730371105065665
-0.5061231808312487,2.4634758021134076,0.205838997883009,-0.0065051097545888725
1.7615884091328526,0.22319078123419223,-0.11722983773394482,0.43188519251802965
-0.14868697282771537,0.27391907574067753,0.445515238030565,-0.025706162921584383
-0.015457564849099992,0.9662151860867159,0.3871241595251603,0.11744131022622106
-1.8555495996891511,-0.709685705456828,-0.21004420390123157,-0.36966530264154546
0.5725885824727306,0.9250248879348346,0.2631180145822591,0.3121413699879737
-1.9720663156872755,-2.8603045715561874,-0.09922219291910363,-0.1272480880678332
-1.0583102080313802,-2.8020013955380736,0.034206172230441756,-0.16269528898269528
2.230720546423383,-0.268729199040715,-0.24111110960644488,0.37567971741997014
-1.8404969716838244,0.3117861132178801,-0.07362191761553012,-0.43902239078743216
-2.694491961703985,2.436730099623075,-0.12546688369473055,-0.1679434601694622
-2.708005161601111,-2.483990496379598,-0.20302477516727652,0.0070377662795382545
2.7695308228573268,2.027256715536595,-0.2668291728441668,-0.04040499435645867
0.04348239412104693,-1.8218263101040666,0.2688073256242836,-0.1337402723882447
-0.56918073936715,-0.6654920634718366,0.30217734202401847,-0.3032886894571456
1.9533077325057917,-1.1523208868649097,-0.007575697698946601,0.3860255453658462
2.1100565360173054,-0.6273429225314802,-0.14085506907655834,0.40684512370058196
-1.0543748351410187,-2.19600155130345,-0.0009818929193031178,-0.24459211715627013
1.2165381339240033,0.022431439037954526,0.15293401603025197,0.42318854552632534
1.7035148930017305,1.895276288448045,-0.17429268926569583,0.23114632800429438
0.9716989234613962,-0.36735264695702874,0.2926002497442237,0.3329871167915631
-2.1890927069650186,-0.0589766420033917,-0.2678948733322617,-0.36135282095429905
2.36174306757173,2.1913713674600572,-0.23709609032831336,0.06285035371508566
0.24563831934164737,1.2947013183188023,0.29556248678903907,0.22288309445926996
-1.3667660545384184,-0.05997672013682731,0.0823186699271062,-0.44222371124477766
-0.46980516664903815,-1.5224431431634196,0.2061340807280309,-0.27268815837746624
-2.905526530420662,2.4185660801167304,-0.159115774120242,-0.14035517547418463
-2.3381818468730464,0.483933456255186,-0.2502275125638581,-0.3599328311328839
1.6684794412105397,-1.7520812390244047,0.12021775870957147,0.28604417222428197
-3.1415195502658237,-1.4506633779428417,-0.31798751546727433,0.1488956611754006
-0.5242323605967631,1.9046413705241827,0.28809841538545394,-0.002874928109059066
0.14143563905892131,-2.8642179065047086,0.1599683869481775,-0.018711722295921836
-2.7983144685734054,3.0919063993173515,-0.13891532450554928,-0.05756389787463206
2.9724377627352716,-2.322568894839634,-0.1762937450851334,0.14126710987344684
-1.7208052947007375,1.8602534086923637,0.10370982869327283,-0.2757814302646282
-1.2302557279082709,-0.6611461836127885,0.05292780684684902,-0.42512898560807544
-1.2318655263617542,-0.048907162801967274,0.1426399039961412,-0.4266687746544111
-1.693842067644697,2.3916981154948607,0.07811259449430463,-0.20134536231547137
-3.1323323563116845,-0.5471951339928038,-0.42880243108047955,0.0740764887311394
1.4410158404918265,0.23558020219067766,0.022984576414512035,0.44663836220655384
2.9332767850617802,-2.8318337390915826,-0.14428532066334968,0.07723411404912213
-1.7323151349170678,-3.1268430402768232,-0.02630880462319966,-0.1477079429854654
1.0244557199161557,-1.6034696883459203,0.2814195959648505,0.17424962452028459
1.5198794474077078,1.1346370361522444,-0.11728730279565532,0.3698178180598605
2.1892212225500627,-2.3796628573589658,-0.026637639164681343,0.21604390672082532
-0.4861350925287775,-2.4268051855130786,0.1191476460724312,-0.1741634510870221
-1.2382216381792426,-0.5594509993490164,0.06420306708707678,-0.42971753584916206
-1.0977030469992695,0.92888750884015,0.2845602651687674,-0.29225116276865754
1.3359392361175129,1.3324876257565004,-0.06370831134752611,0.36012026165553596
1.9903840895644,-2.020354000038592,0.0277174376269409,0.26948227339838304
-2.0004784398029205,-2.641525575396132,-0.13552357957767933,-0.12310086634921788
-0.8109015613025399,2.7670961730121126,0.15026431354287761,-0.07847523456655042
2.5254647385791316,-1.5037774685999423,-0.16654752959395597,0.3013123020755798
1.9270122167531785,2.2201415221185004,-0.18496122741474116,0.1544975555015072
3.0464551922997503,2.2838841408333765,-0.21173848662580402,-0.093761946746245
1.5974889296104298,1.71230994443692,-0.1558898285041183,0.27478100868292005
-0.6710743436376281,-2.0807798169122274,0.09619495087265456,-0.24354029649111814
0.5694943068296903,2.021938200614942,0.12478600600589182,0.24018543346550908
1.0116823965332413,1.6917511577766247,0.023300442417376943,0.31795861185302154
-2.6486402212432596,0.60772847030186,-0.33223023581610345,-0.2756960596178091
0.27958263965557606,-1.0228897806651749,0.3987863922295868,-0.01872261049111877
1.3152015539457587,-1.4922024482540228,0.2235027005430587,0.26384221052407597
-2.0902818947122017,-2.375740147142785,-0.18551242380446345,-0.1149516739067988
1.7632610836568343,0.06130545939272336,-0.09504189640227045,0.43965664412193006
0.5263599036678466,0.5357098802807356,0.3324522793789376,0.2817216103106259
2.8413932794816423,-0.8837991880842542,-0.3431669694738784,0.22763146630840597
-2.8750454927994604,-0.15482354390277342,-0.43847064994580415,-0.09574433267457458
-1.4744993644905733,-0.8575639560998565,-0.07463142739956269,-0.4072044943060932
0.6380818423037438,0.8859671875807527,0.24798147987065927,0.3285328708673133
-1.2782517705190213,2.5211859587978873,0.13481984795169052,-0.1452440047417564
1.347266757196694,-2.1116512715474016,0.17477309647179634,0.18872240460938128
1.6273781856236944,-0.7451304231776361,0.07834706298690991,0.41534526635268226
-2.4974658544159705,-2.256489111002841,-0.23365422622116952,-0.030279691625442806
0.08705016594280846,0.7850448624501096,0.39534763425563757,0.1409338084265239
0.0558610082623856,1.4380358224654515,0.31105561294532486,0.16630629183944848
-0.8213331439475446,2.7137877354401203,0.15695273196151027,-0.0773095318561057
2.720147135610506,-1.3893886639220294,-0.23808865899365267,0.2684233203049667
2.0577828970358816,2.828760433821275,-0.11439817089905305,0.11739310133156697
1.2391030908525975,-2.744101563513205,0.10755588890208878,0.13397227658589092
1.3466539685873675,0.6472551927281858,0.005090961650021729,0.4292678123275581
-0.24054456269558644,-2.782617190852567,0.14241322795350236,-0.08919260035983884
2.6451865893571123,2.474156190892428,-0.2044179121581446,0.005130920706566511
1.2226791293621764,0.1872958294034417,0.12635791866690022,0.4300694106220404
1.4387304422182092,1.064047069307895,-0.08091572288128708,0.3868242885684976
2.272570972417153,2.083340419524408,-0.24601851491366078,0.08853953713063542
-1.4195500703195814,-2.197163158885503,-0.08818455215528101,-0.22795837093529597
1.9293833914376233,-2.8991147186389994,-0.02045728584318099,0.1572080185637509
-1.914859765728679,2.380580449166998,0.03283017806746427,-0.21505750740052687
-0.9717451732919997,-1.1628088260771818,0.08900280862990799,-0.374549267236833
-1.032889978385651,-2.3311942743657594,0.007399134908687072,-0.22453589344940722
3.0066641920938775,-0.19816389174103843,-0.4390286520604452,0.08940087264152835
2.2401894457155747,0.6176752904197094,-0.33015583558955097,0.2772499841438078
1.2639875185912706,-2.9469986132109915,0.07380849099703138,0.13693408687409742
1.4266397084775972,-1.4143722926213989,0.19308606760925623,0.29872829108954674
0.3900148697658139,-2.9355049654558623,0.153341521595659,0.029847426184182596
2.809153510553367,-0.500547512109021,-0.3844750638710156,0.2088964331398025
-0.023506948920073878,2.4824866974952533,0.1835280538456816,0.08757195460956384
-0.750729369813647,3.032594540371189,0.12146085693435323,-0.09100196496079298
-2.117211420030147,0.8610951745589004,-0.109461455085708,-0.3989521644201087
1.7982831491184292,-2.125993070916053,0.07435834905162056,0.24398952982375596
1.4730546693747648,2.5500269241714353,-0.06612459705616683,0.18281512014761167
-0.7266187227945049,0.10208808400427172,0.3459131506233414,-0.28701134200596123
-2.9832977651634702,-2.17555723479577,-0.231482151704536,0.088006402450269
2.1299830286909485,2.649786813144461,-0.14904960248140442,0.10464643776849869
-3.069851347713538,1.6177257565568768,-0.28146944930255,-0.17044896773087806
1.2798834624409725,1.4558471651701446,-0.05176630444255974,0.34661636781106153
2.9547125624275,1.3143211246264883,-0.35912251855801236,-0.07975934805371884
-0.39168542704829745,-1.8828204332336398,0.18022252159061836,-0.22889109984078645
-1.6652112077412644,-1.8157985085364927,-0.1697247376329987,-0.24872324722768516
1.2872425201716178,1.1830798011629176,-0.03352403583712264,0.3813173570501936
1.9925748824054859,-1.7610338984430556,0.0231819533875966,0.3081303300493101
0.29173027978803434,-0.3853370935613385,0.43666761123881365,0.07226242194694774
2.934469179423991,1.7718697271696726,-0.29449545789554377,-0.08830354172593985
-2.81694850082774,1.7841262896489996,-0.20746968959508402,-0.2245037391194053
0.030131632806146502,-0.2936649441491359,0.44468516331745445,-0.03003590245357491
1.37258663211243,1.8358835270767297,-0.09059036146875826,0.2841020561254431
2.2785372801132038,2.127623494562391,-0.24025535060921707,0.08492812706043118
-2.0152964266212807,0.9724847263769458,-0.053432967804119366,-0.40042134498068116
1.8849774687202823,-1.7063506945855533,0.05490195192098085,0.31196668156728863
0.3311683237391656,-1.4199258610772014,0.3532369248045841,-0.03536331420262427
-0.6499723854024904,-1.1633873318301824,0.2028013888860389,-0.3271581455262135
-2.314002721286893,-2.4076908000576043,-0.20160001787263704,-0.07089731303134092
2.2952209451514953,-1.4252801403666002,-0.10208062941793378,0.3393078709576217
-2.153415942742009,-1.8251445418176273,-0.2655216251193533,-0.13911487480130474
-1.1951381282645626,-0.2806777428559344,0.12429112939827669,-0.4284038140715732
-1.3191828287503227,2.566288799691474,0.12240020652207119,-0.1483433782842558
2.333663202508272,-2.4851234624718543,-0.05901621697938647,0.19422511945757098
1.0851249157192688,1.3839841833892264,0.02269912082238626,0.3587481297389876
1.8641041957463411,1.1767338216130137,-0.2359754016220546,0.3022754608126566
-1.56785643197662,-2.539951279447429,-0.08438067571228004,-0.17658767597563574
0.7846071078979757,2.655100725723666,0.06891600704141435,0.1679063029614703
0.45079330713795596,0.4302235345419594,0.36548559166327327,0.2464118728092382
2.091234933219111,-0.856237803343824,-0.09974964114016963,0.4019024369293426
2.5515202518516045,1.6118794585423748,-0.3275439121217261,0.03896849757443943
-3.0652094056603363,-1.524517786785107,-0.31747842925560993,0.12598027224119573
1.0933993985867865,1.215858164924156,0.03686799283210222,0.3773839762211871
-2.8158987221747993,-2.8920797776414906,-0.1583667036451562,-0.014388644530078445
0.30698804654245126,2.1325635950452337,0.17144556049282483,0.18752327126328122
-1.3343429165985872,-0.32565217247921474,0.05691478157284335,-0.44105613348314837
-1.2140584308857594,0.8588669110893772,0.2454027966287985,-0.33327778969012606
-0.9238889706538509,-1.7515144347879934,0.04682330640542007,-0.30680830332164855
0.7621029337403389,1.1125869496633003,0.17213005378439197,0.35026005473772004
-1.0426948174359372,1.7105361015151521,0.2689423756283714,-0.16623570563951345
1.4620912556634886,-0.16830651059411128,0.07356968949160084,0.44251077768646563
-0.5998721282002837,0.7397000795245128,0.3961583414680975,-0.14845516740423859
-2.712116829703558,-0.2744123137437473,-0.42095550016434896,-0.14808471327402334
1.7829156730637363,2.47614910100718,-0.1288531244831871,0.15842664375287477
-1.3461201471046478,-0.01338833368468162,0.09829509966821812,-0.43912413662329264
-0.42243815425774933,2.1476474584358973,0.2505576001907712,0.0252196506050906
1.1651782823661785,1.8934508248119526,-0.03110805541418843,0.2880878711881559
-1.052709011711618,-0.5623147915674185,0.14193385071146897,-0.4104837087399402
-2.786054490291633,-1.695929154941025,-0.3154936127030659,0.04160760961665344
-0.7921774249536755,-0.5901033647820868,0.2387992130010424,-0.3609077733401791
2.7925528045816383,2.049684222417545,-0.262487933549745,-0.04613852412358682
0.8905434826282548,-1.7113352490933562,0.29094319710672734,0.1234712481194886
1.0774352673934589,0.15353808925456924,0.19207466792197725,0.40564587607690816
0.8311532841380913,1.9232625893624213,0.06331047088356176,0.2782491133736415
-1.8912881698356214,-0.920628175444226,-0.23643209681510508,-0.3332846935770024
-0.5131234651666849,0.8935295017546903,0.4006417272339279,-0.09157562785831352
1.5767012540630096,-1.5982439565468871,0.14819372685806403,0.29676361435466886
-2.504647953137562,-2.4549696480758363,-0.20446731835246476,-0.032983451982073475
-1.3957921733038536,1.8496706377688827,0.18704666865468156,-0.2296495538268703
-1.4054284911841792,-2.5197544531164167,-0.05687304969517066,-0.1900332711337911
-0.4271376753045115,-1.4364530593838487,0.22975224882046483,-0.26789636316480897
3.018245815116294,2.2312183027353507,-0.2209769582283606,-0.09197102790504504
-2.717461644068799,-0.9646619196281252,-0.4020343476033477,-0.04626998984602336
0.11750181312180263,2.9722315896970093,0.1481330387354191,0.04294488579244819
-2.0146111189437335,3.0142597236006887,-0.04772664486707455,-0.14474390304198423
2.9573479545525494,-1.4559647036073955,-0.2845188692888629,0.2046000024668514
-2.4296857374342373,-2.8841188896349417,-0.142263708044005,-0.07230329716690248
-0.6056927655884894,1.2884506143612295,0.36300771163164414,-0.07615926355628207
1.4946754415114363,-0.30796088641341246,0.07902041317033265,0.4382026948705767
1.2852533767005685,-2.508543864766426,0.13558660690722463,0.146818902142139
-0.4855102933337836,1.3039043271073272,0.3678402576536256,-0.030490533269252065
-0.9643170929266427,-2.9457149227051107,0.06314400645653634,-0.14224586087879604
-0.6433203987136693,2.3260144064673645,0.22328287685546558,-0.030894729015496475
-1.481095919875105,-2.2704131198617934,-0.09608033780880136,-0.21287404596659998
-1.851447750027222,-2.3416685276189417,-0.15753181971285685,-0.15803551352300027
-0.10656472310330445,-2.0378110521151083,0.2169018863915963,-0.1579035437339187
-1.4543453029840558,2.8919388210664048,0.054777790278259395,-0.14929692922106763
-1.3354177443300095,1.2137188861442452,0.21885391808922072,-0.30993763763177107
0.9849273948346475,1.893573203627274,0.02103851598976303,0.2889797016440544
2.943906878401891,-0.643178353613195,-0.3941799819186957,0.1707031542879229
0.6511717358318894,-1.0284774655131645,0.3780613336476141,0.1265730791047894
-2.657916397172682,-1.6682861874011814,-0.3220861575379472,-0.0005582277497541699
-2.666686801558384,-0.12159202417242732,-0.40753542046803565,-0.1890777417847625
2.836375748536546,0.32564953703161326,-0.43610322766250564,0.08708533717081542
-1.273659527970947,0.8279657614948799,0.22318187519760735,-0.35151620841853165
-2.563118719360076,-1.5260694470612,-0.3387349868268239,-0.04222186485744385
0.6223154947389453,2.818976729135832,0.1004454832998134,0.1305904624781869
0.7769081870041061,-2.0749685518858447,0.25433045485710715,0.06586778640523683
0.9330833038150885,2.92578518593385,0.06556797061520653,0.14243770152971508
-1.4614561610452632,-3.0482488829289855,0.0025418719453351446,-0.15127902021716172
-3.046649424551973,-0.118590775859575,-0.4486069443542424,-0.0248933946157948
2.921777736969025,-1.046980751249583,-0.3376823180343715,0.20853668481300877
-1.5651851552299214,-0.31966701807290576,-0.04465445269650734,-0.4426585476341842
1.1060057867691278,0.44399864439012493,0.13758923117066255,0.41814222023679154
1.2982937624463373,-0.40470525599761276,0.17473566723275502,0.40582891822589096
0.6911969866746013,-0.5350330190450823,0.37931973605580854,0.2145674703427572
-1.1755375117587479,1.4622443443615385,0.25939117333785444,-0.23444982837886438
-1.4382446551079866,1.167895080576546,0.18420079672204034,-0.33742861419966963
0.6136679188550862,2.0940052225925436,0.10916365702521333,0.23582554468783348
2.300246706131581,-1.5710540552682168,-0.08808110790700803,0.3236024148048527
2.806910801793027,0.6881879232040085,-0.42407916536891543,0.0466122270925365
-2.476166859415068,0.5352946238286975,-0.2902491225001431,-0.32506322637876417
-2.1687757897847995,-0.8184614728057706,-0.317108736278374,-0.2710039210414759
2.7943603267558643,-0.08760304786304252,-0.41813635359201,0.16527815153242184
1.4861946713035374,-1.170041301115919,0.1679159929426608,0.3455639569593863
2.4064211729109424,-2.2503580185770127,-0.0743376985425237,0.2245288697136592
-1.8684142640355084,-1.7982400280965027,-0.21776706656602143,-0.2116213665689975
0.5503182584711186,-2.478630860814824,0.2032151428839301,0.01637222445395034
1.2637973443359316,1.1502600650261963,-0.021362582011065598,0.38572807067722187
1.1316763522888316,1.009879994844698,0.04650216550946418,0.397761435233178
-0.5770999464356512,2.8312433332321616,0.1567057167642701,-0.04735919087289911
-3.0448636963093425,1.4431120340046615,-0.3032401790829218,-0.1789015944466265
0.5210397816948857,-2.81457900421743,0.16097397208222652,0.03683552148645332
-1.551308781391937,2.4142836311850697,0.10337291110686302,-0.1859760206162625
-0.3125617897295636,2.2787552550995462,0.22768847750771454,0.0461773570747564
2.875066310818962,-0.3561289277366315,-0.4112574016323256,0.16649373391228517
-0.6343798087331081,0.539493457506655,0.3909570775492015,-0.19201503531748945
2.1350364623499427,2.9912883836578885,-0.10009978226286242,0.11616683241650144
-1.9569570897393593,0.20297430428858165,-0.14031494850481352,-0.42539879628430066
1.083601267259735,2.5467121567318127,0.008004618411671244,0.19467031949063013
2.997123087553252,-2.6198447505903855,-0.1574241158053591,0.09844900054067399
-2.501379419281989,-1.9411783592101937,-0.280575831655992,-0.03463755267580615
-3.089316914831317,-0.37224766889253535,-0.44197681754376283,0.031505407567467385
-0.4173116214746573,0.5325427328283889,0.42325979192412977,-0.10434483561855026
-2.559609579411031,1.9869181925453088,-0.12454543476488888,-0.24618888360335933
1.5606448964190536,3.0678413479200985,-0.00952527260892486,0.15051220792742606
2.604686073804195,-0.6983666442688299,-0.30717797637950844,0.2950798148259635
-0.41455845485832743,-2.843671425263838,0.12560743935022997,-0.10337980585271443
-1.5160594648024237,1.8923163644463736,0.15591983778695995,-0.24443442446535685
-0.41215610221741583,0.6558434004939397,0.4204460087532347,-0.08398334956619893
1.4039640460364664,-1.8941110799036782,0.18215738255923286,0.2252213806061418
-3.084703678579176,-0.03249376537173454,-0.4494700453337248,-0.02071640684630238
0.5620559923988466,1.5224801745165752,0.1801326993418848,0.29051501278812575
0.7118326499099998,1.6990473673978777,0.1154449593611538,0.2960768218232828
0.8651207698678576,-0.0023975881227746854,0.29212015435515526,0.34229454675812165
-1.6209230766409026,-1.2238732023464243,-0.15847347626382624,-0.3434918985307106
1.3449329264912224,2.976612430849582,0.010039091768491742,0.15369213483832828
-2.5673630094686715,1.0264375569043311,-0.2474033350668019,-0.31288953058771485
-1.8895402033448578,-0.576560670193687,-0.21107211847344037,-0.3786811176492466
2.371714251039834,-1.379390244062907,-0.13338677621422645,0.3344092130362092
1.4999417931287793,1.452062867253355,-0.12607371565425687,0.3275154032384693
-3.0552267905866652,-1.6199091865929052,-0.30446849404370263,0.12401836757387243
-1.580998583782053,-2.062706973774347,-0.13454576754063924,-0.22779258001786162
-1.7944369898830916,0.1874518527825071,-0.0719614616149805,-0.44243073339322403
-1.4400663121766317,-1.3195481288608033,-0.10008197010949149,-0.35335362418073074
-1.5861287423184574,0.8099349126039135,0.10243823305604896,-0.4050500092822158
-2.748728350865979,-2.400562104471779,-0.21367478339001844,0.021059243863133084
-0.2579843428392423,0.9735236716955704,0.4032827909665125,0.02186404870833006
1.462307549265283,-1.3615880712996402,0.18172263815052053,0.3133186498478353
0.6706152045545326,-3.140066251520255,0.11765835099488939,0.09304094414176241
1.0861847281630732,-2.3440298810601075,0.1859395854837709,0.12274241605631539
-2.6317173273212022,2.7244857709805883,-0.11248659517220777,-0.13252521439079368
2.8367997965108662,2.308157271013876,-0.22329218144211727,-0.0461551531066674
2.1268069170027672,-1.6737838158752645,-0.023471372875546903,0.3204630975385019
1.9169390065346885,1.7490622605718285,-0.23162457135429335,0.20710133991698287
2.0293670982953893,0.6821754390077945,-0.269141825540514,0.33154327900881553
2.7188003069619793,2.9587815640634627,-0.15026022160459976,0.03770381123600018
0.2780558696700086,-0.794159062926254,0.41893959269879355,0.008321815607496619
-1.8831836216316467,1.1401506543996982,0.01826363102505202,-0.38695946124176456
0.733773048978509,-2.742385935974787,0.15920144464376657,0.06505101048339307
1.5260694324002255,-0.6518971460640577,0.10965838668303629,0.41475187738601554
1.4948790702444787,2.9142523139879746,-0.022041303961848006,0.15598059020375887
0.13476819349868085,0.24492405760600944,0.4365965623416295,0.0959033814573271
-2.7114538341247245,-1.332792387998141,-0.36560173692488684,-0.0073530489940029364
-0.8098212915413714,-2.385907905179793,0.05710811117488368,-0.209132667567523
2.6437545720487527,1.2788062766232402,-0.3701199407284447,0.037663038456900305
0.5306081489951939,0.9101573637338278,0.27819954590805834,0.3005510736856384
0.24084670265994035,-0.7920664224889213,0.41912386238781285,-0.007001509468569325
-1.4523362022399993,2.8333480764431096,0.06375206261486911,-0.1505908021238044
-0.8265598135237564,-3.002088265246476,0.08725556490142103,-0.12554207801615913
2.4840327386181036,-1.2332394115767127,-0.19026036942263463,0.32574138529356556
1.0459181744089516,2.645657609619186,0.022452268072306686,0.18121457497116905
1.8057059439642842,-1.125095822987845,0.046751814346671944,0.3861507127678573
-0.2868561669868095,-1.5566413542165731,0.24734136842960391,-0.22933851062087657
0.8183674155879266,0.21501317688567534,0.28181184599124376,0.3478644936136357
-1.5809524125902286,2.0345063975397624,0.1317875603336641,-0.2342600848446399
1.2909484700381197,-2.4935024411557087,0.13685925433815221,0.14838501738000784
-0.45489423633458914,2.783581213622363,0.1663836035196785,-0.022867056403574337
-0.36099717714755775,1.8539975915846378,0.2923211430801557,0.04358411971726846
0.9382198358153637,-2.002763710985737,0.25010287887010973,0.11076689414820517
2.7412319906207383,1.3320853068053955,-0.3657437333454511,-0.0034723169646232455
-2.7394289170122623,-0.7228256636428725,-0.4184189204612929,-0.0701438863200541
2.040421937504651,-0.6139006431441261,-0.11419948319130432,0.4159628941681301
-1.3044953901804346,1.779964146481432,0.2123111076474859,-0.22076199831003185
-0.3523644594641433,2.9077627058904625,0.1566100048648256,-0.0205561696878208
-3.003907148199261,-2.3457903342482984,-0.20790572837223414,0.0793797621441859
-1.2500643605571953,-0.4986949294773262,0.06802462372900586,-0.4323324246819009
0.016532585033260272,-0.11974740806317419,0.44916071357979065,-0.010495199058889305
-2.78862794978538,-0.7771557743800983,-0.41821139467157636,-0.04196682535405658
-0.0559471823108475,-0.8596080877285792,0.3909331686524318,-0.13571055955216013
2.6836152277835037,-2.8131789295409155,-0.12034182085994691,0.11326023320975381
-2.479387534098458,1.165773534633443,-0.1984380101428795,-0.3295237926226484
1.6615300972638813,-0.4007766371612167,0.018582121240901674,0.44161402822523016
-0.5675535102409723,-1.9176670948878325,0.13413388969741682,-0.2528082355928937
0.9749852031598003,1.985697058240862,0.020802045562087423,0.275296852777426
-1.5064778847385993,1.9010452473155715,0.15775667560253032,-0.24171836009970463
-2.139473212981102,-0.08550392244649796,-0.2528317009187565,-0.37181627178437127
-2.133376313249198,-1.2663718445481507,-0.3050404779923931,-0.21546990985965134
-2.6986786964502847,0.867662185752649,-0.3096459957097301,-0.2735222206207911
-1.9751400050279986,-1.331079387840797,-0.26599657392833465,-0.25122562143466165
1.0318208269167535,-1.6587110934019822,0.2754554520372986,0.16947611459076498
2.398232844223516,1.4483662872678016,-0.33510077791312315,0.10582374995168371
1.973709892314102,-2.8882216998666213,-0.026103463288999068,0.1571370275196131
1.163233175658191,-2.5461447888013584,0.14692916663167005,0.12806660557612173
-2.4477287919606896,-3.098941298302196,-0.11951215913829306,-0.09109716035075915
-1.3245743400022953,-2.180622271494168,-0.06707068352774427,-0.2376053293813013
-1.1950186465004382,-2.7081156445180428,0.0015328542982543797,-0.17556104024043523
-1.571066840556784,3.115218152499634,0.003915125196769953,-0.1500532326344135
0.09428334061266908,-1.3269460938072797,0.348426624732317,-0.11326320289933367
0.22339120726614148,-2.2037140695544823,0.2328192743214807,-0.07113506738502344
-0.8992119380562147,-1.6273685062645806,0.06415316520356776,-0.3213963139510735
-0.918669809577592,2.7402577831862738,0.14483773889242516,-0.09313107883519339
2.0643757053550944,0.12667041709634663,-0.2293200878355744,0.38625279222085424
1.817680574034381,-0.8493729510750394,0.011689049278497496,0.4144927449759703
-1.207654406362211,2.346087722161572,0.1694165308014871,-0.1442388951557562
2.5999094708251675,-0.6597955891972229,-0.3111994874104839,0.2945597696197656
2.8451206617004203,-1.0366717290523546,-0.32222522083969496,0.23342837387787913
-1.0886087142761323,-1.8391981534701733,-0.0074696674432594146,-0.2976189340902372
-0.9146750228353935,-0.7678252005030655,0.16629367153806732,-0.3867744537527424
0.03540042999924742,-1.1518061608506143,0.3656492653121054,-0.12416138975781074
2.7716438080026977,1.114033631966847,-0.39005996530375986,0.0068755070277592145
2.3644847331259227,-1.3220908583893551,-0.13826020247864834,0.33990817616099334
-2.497139138097236,0.48506031244022774,-0.30389337658561477,-0.3158591937993982
-0.6739926177891125,-2.7275799704026498,0.08944154914399013,-0.14867398472010934
0.3353410752624604,-1.9396874348114805,0.2782578750369664,-0.051188207844436714
0.019681905510979814,-0.5817898369338579,0.42686192407945306,-0.07404145537670151
-1.923515073523951,2.745433132142198,-0.001512500157513641,-0.17166314335379024
2.2545122645733695,-0.7712485198366128,-0.17639029942234305,0.3819949603299697
1.1117517279665803,1.0309081076112,0.05174754435606092,0.39507695684377886
2.123140936041784,-1.5388323656224132,-0.03229133416309629,0.3381324243655349
2.254182448749476,-2.3434171555163017,-0.04002352734920592,0.21926427950176133
1.5604658507046194,-2.773796348034575,0.05558429508016122,0.1594660112521146
-0.38195105706005705,-1.222623046931664,0.27331605127362685,-0.2617339297621496
0.6945857468692966,-2.150979206504614,0.2476186971652789,0.043000695849868986
-2.1339870900783358,-2.0482527633191445,-0.2360153644624517,-0.12425702262238061
1.0910463357374054,1.638399055167195,0.0010278027991927063,0.3262197592218632
-2.0153112308646395,-3.0420791189348915,-0.07827629817760567,-0.12968456334494666
1.2186212174269144,0.36323173262708597,0.10182361022953729,0.43157822674545054
-1.6989848633850004,-0.7573664824028543,-0.15449127918857591,-0.392467508239093
-2.4029960516460735,0.04115486318741146,-0.3284874834909684,-0.3074406713862002
-2.103079573618894,0.39477402331340095,-0.17281204862270202,-0.40707924377643745
-3.1290756988514157,-1.1726453600310809,-0.35985976974488354,0.13377316841028952
1.374381552995379,-1.287368999261377,0.20797880967475615,0.3072671851910253
1.4602188568167298,1.466507070409623,-0.11344504417544418,0.3301503447491885
0.09382900476196321,2.3328021166567448,0.18541261712506465,0.1264456720433349
-2.1277202728732636,-1.9315665700937115,-0.2497212036443457,-0.13553512726874578
-2.616605267791503,-2.5282358916902625,-0.19673430513972578,-0.014169510387285283
-3.0214018127295,2.4994247659800326,-0.1678104621840145,-0.11075973477861761
-2.1001661433901164,-0.943134617351669,-0.30077284022480083,-0.2736576980832085
2.455817754635924,0.32243667501538864,-0.37238591322777137,0.24329135007906333
-1.6239719186672246,-0.8825164506445606,-0.13669663549458957,-0.3885651735171574
-0.9156402556635723,-2.351153262251419,0.03395901166305043,-0.21915474968379914
-2.4796874533189652,0.5612872790017485,-0.28774369816414413,-0.3254149971354381
-1.7444553707108073,0.15796463044891684,-0.05419031729968166,-0.4454692642387255
0.12079154066301889,-1.8661465050275732,0.2717630454278485,-0.11157108773385682
0.6770300752357823,-0.3024157114613244,0.37342834651407764,0.24283132620858666
-1.599998598138146,1.8657761942347575,0.13597384611429633,-0.26047314703431723
-2.7788507989947844,0.568163962433009,-0.3700443690911729,-0.226775870694495
-0.6846606756642437,-2.5326431281513324,0.08281981320375303,-0.17837723286298587
-1.6700494744935197,0.30172796581886674,0.00043705065050962666,-0.44545932056104504
-1.7620946690186667,1.2738423032989097,0.0754329850052966,-0.36488993747507303
2.889403205327607,1.8391097385630415,-0.288092036765089,-0.07512307730060819
0.7307375043863558,0.8112696729734297,0.22772249005400522,0.35016355005426547
0.35737779843416195,-2.182413117126137,0.2433188613162756,-0.040232571981070164
-0.5292006320409852,1.3205575806012355,0.3643953838543281,-0.04475688882751459
-0.44645592018356917,1.1142716816474874,0.388371325484379,-0.0366405977732399
0.25701371910555393,-2.988114021597011,0.15260734641088494,0.01639892561986042
1.2342048774613907,-0.5545057583213131,0.21574580151821474,0.3774496241472358
1.2701213814333823,-1.0496045538539946,0.23521716155634742,0.31935113815807487
-2.0628080153626644,1.0644473929774563,-0.060467813899048206,-0.39050291059558684
0.0007084421912164629,-1.7835712933224914,0.2684278380197011,-0.1464271732439589
-0.5531836036978319,0.5709651312670161,0.4052331395914588,-0.15495251414709668
2.328089590377621,2.596249628109817,-0.1745320608406664,0.0713660483096071
0.825729434884694,1.8711474895043505,0.06799634478231578,0.28504295653066836
0.2042290725284861,2.6480970557928734,0.14999728525353564,0.1036310894301221
-2.416546733323974,3.006541660829239,-0.09989916576218659,-0.1154974227824669
0.6637424340783222,-3.074550268358931,0.12461002645417837,0.0847025750737212
-2.4051787954756882,0.771206184319436,-0.2317347092654303,-0.3511913548719895
-1.022861252510717,-0.5476462153661634,0.15632104364469673,-0.40608059795586005
-2.2440901190197198,2.2610324463962357,-0.03709083552553244,-0.23199037814106163
1.2068343168799132,-1.559394217794211,0.24756762507161037,0.22855292295464655
-1.8456724023597477,3.022397418327949,-0.023835673150652138,-0.1502346224388871
-0.679467597494186,0.7144482435464967,0.38328044979222003,-0.18326765910182066
2.4860979491558606,1.844349892791855,-0.29373230860031196,0.04367401616433392
-1.8578349554013118,-2.6037548009926326,-0.12216071654885731,-0.14241878781037803
0.04904066318739764,-1.9888927675866466,0.2455290823164655,-0.12519395374177375
-0.507231112434666,1.6235981617297437,0.3280702981555292,-0.010950900222599896
-3.027715945184544,-3.0034472613563348,-0.15279539064694683,0.003315180314135302
1.83945347775831,1.9910031051364765,-0.19542639958624242,0.19388937496049008
-2.707764429513002,-3.0539483842952015,-0.1421459774845448,-0.051380620641234234
-0.1617604739312517,0.9872067810709062,0.3978179430591851,0.0619107990661801
0.3812529712251198,-0.8476398982487146,0.4124395626815805,0.04417582514720832
0.8069272252539101,0.7005428204314237,0.2170088183408974,0.36634885965566
1.1852074817365903,1.231701656139741,0.0005250552211455151,0.3774079159324304
-1.5502353347255167,-0.9897573883252981,-0.11749681251558697,-0.3848309235458659
-3.078894150705797,-2.4632445858926526,-0.18874615812352807,0.08246183067586285
1.4039379362907791,-2.7039947606481176,0.08994217023507839,0.1512974145120989
0.22403702112469492,0.5588015102439927,0.3988397099309412,0.17244444585193636
2.1118898142747344,0.12978141509676666,-0.2477728008685739,0.374635499783604
2.019342639676143,1.5217938218939686,-0.26828261414406473,0.21197381818364497
2.157181933015101,0.06117001341463757,-0.2564920147696371,0.36951795515466906
-0.09365301341506926,-0.48728747258790106,0.42407735896905324,-0.11037640739110315
-1.0453436188097038,-0.6403371443193264,0.13328662461472604,-0.4085402906831639
1.8319142147097853,-2.9754218637677194,-0.015287495896678473,0.15331669438182802
-0.30602811338773517,-1.0332245741710602,0.32048335006770057,-0.23637910175396265
-1.9889913404309814,2.9909228596792143,-0.041032105748830414,-0.14777008354834753
2.230367544139135,2.347118907965048,-0.20400747702311073,0.08843934903490241
2.4036945968524455,-1.0720492222931837,-0.18643359810752877,0.34755117810084996
-0.21168204521538048,0.5516347991509098,0.4347192307701986,-0.013015026370581481
-2.665957239199435,2.1821298087799033,-0.13391743242384568,-0.2071466317003436
-0.7048094636828215,-0.3689842244863448,0.3000394471021279,-0.3262189553072111
1.9071833621111098,-3.0287600679265116,-0.03388422833924404,0.14806807614386946
2.5244206729680156,-2.6734296146597485,-0.09631770944315607,0.15135063340877317
-1.8631357075173636,0.06529939407980478,-0.12022211087490287,-0.4334222326320794
-2.7207850385438612,2.949574587858237,-0.12773655315044807,-0.08852950606213963
2.370962822781811,1.2139713568764838,-0.3507401229847952,0.14463212892418664
-0.6948892624545606,-2.6960130815018384,0.08507493711178848,-0.1550798573497011
0.262391877099605,-1.9518031810597023,0.27198113823120346,-0.07112863304694021
2.94094423307041,1.704773586957895,-0.30397453195818186,-0.08987530992060322
-2.7233541331827413,2.145329283044002,-0.14851021847563603,-0.2038010395963768
0.9319095252131593,0.7394968946747356,0.16382458745797762,0.3900694781995031
-2.675974551285054,0.9074375374343688,-0.2975314493924898,-0.2817694965178343
-0.7824517989466151,-2.96354320169798,0.08932985001424237,-0.12626553562380247
1.9089230864669133,2.06421649996643,-0.20057616401656636,0.1721671424813876
-0.4180062896692611,1.811286552403093,0.3006578072274044,0.02586104057560515
3.123888861031979,-1.5140268421164955,-0.3058113510376411,0.1551964152651457
0.37108043142902325,1.3111545008377021,0.26289961563679604,0.25785633221306814
-1.1236713349254024,-1.7916213473203924,-0.016463003552100675,-0.30416417925340766
-1.758592404721231,-2.8881907782347405,-0.06584206492637232,-0.1450481173230299
-0.9392071826982429,-1.8778144844490336,0.03496028164195858,-0.28996240597262024
-0.8008970614682731,-2.0192343197291853,0.06650266437614161,-0.26278723464473785
-2.709851883312328,-1.0194594029760622,-0.3973027758795292,-0.042366156796603174
-0.8194894738388339,-0.5123969211402692,0.2402748653501363,-0.36497870927220116
-0.22469600733749484,0.05365143759799906,0.4402696913892854,-0.09237477176195887
1.3995025722210643,-0.14605970785494016,0.09794518478389105,0.43811920926418957
0.9847603956046349,-1.440893946362063,0.3005831710208857,0.18386984106526205
1.3117132975795407,-2.9583079374045633,0.06549942494677852,0.14041828970069992
-3.0890420905072005,0.6603729686012043,-0.413053808239705,-0.11386512542760151
-1.773948046693381,-0.6550545533006109,-0.17402782775594464,-0.39190003539325174
1.0158923452757653,-1.264980142628712,0.3034291626530411,0.21800730799905554
-0.10059776661167463,2.3055585689138303,0.20960759558890069,0.09070660074900672
-3.1082071013403856,1.5503339262022875,-0.2978944074713249,-0.1600012797955287
1.9131962634425275,2.2479072369487767,-0.17929200931257133,0.15480769394093657
1.71411310255578,-0.03152403054576869,-0.059582004670801436,0.4459879695912011
0.30422657350708615,-2.318927333976199,0.2218033637380482,-0.045595651327023534
-2.72399126160603,1.2328956443908563,-0.2622768574872274,-0.27119457882012804
1.6745634433653755,-1.8467929072935743,0.1167064709520261,0.2726794187059986
0.5259879844449951,-0.3692648796610074,0.40761010627790595,0.17403265345155944
1.7716067856915805,-2.7331806515110557,0.025995426059971058,0.17095759327099547
1.5817730037481956,2.043972974406147,-0.1360533408288151,0.23016305308279772
1.9038181665704537,-2.3502842681833593,0.03722669020760615,0.21875053542966932
0.11314801824425302,2.5327363336529425,0.16613687330194687,0.10522024540209533
-2.259907702639245,2.2885283685549878,-0.04081690644068661,-0.227250892017878
1.0754141219532407,-0.22253305409624735,0.24128277145165383,0.37691293695892425
0.7569591161388534,1.535410710824693,0.1189932526587985,0.3186293248956595
1.52212166642673,0.7504955328292016,-0.08224476204687353,0.4141948690365179
-2.0741988124029267,1.9042804229005341,0.003117169677629844,-0.28814916117638456
-1.9165273423118931,-0.42848118876655006,-0.20653831434121991,-0.38949419909356
2.4530153423755605,1.7957876688713679,-0.29871901788760313,0.05646357528102938
1.5706568303551514,-0.23589077540101755,0.035118571316640756,0.44584108713030146
2.564975242173997,2.770669759142713,-0.16394116798368957,0.041760076919038255
1.6255563046793942,-0.08562661586315734,-0.011790523754097941,0.4494788635838726
0.6104447911128017,-0.2348700413576661,0.38536248210390056,0.22699068431054417
0.968444548648911,1.7911593320661963,0.030785806472846566,0.3031166216238224
2.4449628543131663,2.020532227988423,-0.2667616792231515,0.0470394772871624
0.4951574420559335,0.3423652025040087,0.36436400090607723,0.25399915093300995
0.8318392238181711,-2.0118896735745198,0.2591869461851565,0.08305762664046457
-2.158420450680257,-0.20258100952481417,-0.27289021866576835,-0.3552329907927175
-0.16385780659567395,2.9409862729768657,0.1558343631780422,0.004529646104100185
1.3596631543712236,1.5895591310231065,-0.08436265871850888,0.3220161308247148
-1.4392094724408147,1.955092300837105,0.16984086683394084,-0.22341103404142504
-1.8707921582023876,-2.9353439617079027,-0.07461338477677638,-0.13725997317157512
-1.1697606631550796,-0.20194495214190322,0.1467783256299721,-0.4232341811666258
-1.6241994561105788,0.9212477527191663,0.09842727292108448,-0.39654318725087756
-1.7912567302354914,2.0736565086609673,0.07845474995078963,-0.2509398860651033
-0.472176079938166,-2.8319971573674665,0.11915226898142023,-0.11216780623632423
2.562524958134979,2.2144388279437637,-0.24141247297100857,0.014485792495841948
0.044357068662593147,0.30411205459050805,0.44068939788241124,0.06452165864699175
-1.9608540779313628,-1.9018324127650281,-0.22673515172697906,-0.17843513604944372
-2.6579653914668,-1.1482193389669586,-0.3836694940246751,-0.04698733615368704
1.2324854090435986,-1.3701770363646597,0.24814858938501422,0.26240643866397373
-0.7363970812765817,0.19389303083510212,0.3507307351777985,-0.2789291881145647
2.0221234749808277,-2.8168419489805827,-0.025775196814603038,0.16291074950231055
1.0022357178606098,-2.1454805918463795,0.2237224860385695,0.1163054905362978
1.8613399294190947,1.9647083357959847,-0.20215642883753604,0.19258878690814912
-1.4329052943701153,-2.308417207256052,-0.0825868768781413,-0.2124895027222546
1.2086267553122179,-1.675120642579962,0.24026377060300047,0.21307546586373416
-1.4824422711775385,-0.2929811257506407,-0.00400856008561842,-0.44570032059274545
2.758748618927754,0.10757371263954374,-0.42263455477075107,0.1528390998131684
0.8568648820076703,1.656313492330245,0.07509894845734325,0.3149174187883329
-1.1026248787216857,-0.3309201229358125,0.15589969643955137,-0.41630784905028256
-1.4481996803243777,1.8212731279616765,0.1763686628311599,-0.2430764548434099
-1.9419655395176694,0.7435917775869822,-0.0542306332462144,-0.4192884569887264
1.2229652130964164,-2.430966032596192,0.155491256947971,0.14179800533251247
-1.7673619275504397,-2.159333256829659,-0.16468803686666686,-0.18818827592409187
0.5988080802018283,-0.39562877110183603,0.39471691027400974,0.19936514001381223
-1.4788417406473138,-0.6478630503573162,-0.0516097625112348,-0.4261457536593128
1.0176808941482163,1.5302337766328327,0.033268884663694626,0.3391796129401882
1.9788246750130432,0.5072864105184256,-0.23795326612009615,0.36680264943080293
1.746884122751517,-0.7028805818061161,0.022860766058071247,0.4250245662469775
1.6389772498625277,-2.068674149564509,0.11592537605670898,0.23681368301633104
-1.9620979923158295,-1.7163331051350497,-0.2433170837610889,-0.20061075961031016
-2.5862536533208185,0.47438688992188593,-0.3321746002083732,-0.2867430919323407
1.2500323560325324,-0.48104817615373374,0.20238011414628398,0.3890092881540919
-0.8271988519365872,0.09379230434616792,0.31451680339766247,-0.3212220503970275
-0.42508119623774254,-2.069194699831704,0.15364585641800493,-0.21417564756461988
-2.945877131418385,1.023570171179066,-0.34592010177812343,-0.1991685812456447
-1.5106257214149568,2.215066236757804,0.13233639082556245,-0.20231594584459878
-2.9299975675671153,-1.52091093440519,-0.3320857961273594,0.08189534431849055
2.3824944750996986,-0.05331769157351118,-0.32079909585326166,0.3153728673672773
-1.6122861897748784,2.9878263268664833,0.016659291286117508,-0.15259212627430185
0.36026006141638867,-1.0477730456225096,0.3966655596611227,0.010562716412521322
-2.8966783587279368,0.5971937979260993,-0.3909311679838152,-0.1846492341254816
1.0483330775929538,-2.5748763553208427,0.1563406759628641,0.11012463351638582
-1.1119519809304506,0.6661119059194447,0.2682109946949848,-0.33365188320409345
2.5001999889372524,-2.5784196125057663,-0.09083762550028734,0.1677725907848574
2.4386185021594846,2.88546133976286,-0.1427389591516253,0.07114514628077583
-1.0977314197358972,1.3550484068081303,0.2817464557910423,-0.22887979560272687
2.519311608555914,1.8105613469342527,-0.2997536673602702,0.035707774414460464
3.1174506041719336,1.2824255207316302,-0.34603019057647894,-0.13549268805492184
2.0446469195496775,0.5637841611030368,-0.2660754678216751,0.34318413629899125
2.166890585082876,-0.31470727796104025,-0.21007764022608155,0.39236108066786946
-1.5770246215098005,2.251726354198998,0.11526551909250393,-0.20629451683477823
0.4819353855284829,2.870383154102152,0.11914796157559832,0.1076730284502449
-2.719011283129093,-0.006055904247737942,-0.4107850260603956,-0.1837226497758841
-2.545205667564078,2.7114146803853627,-0.10027822771997025,-0.14368033315346496
3.134634729788017,0.5235961156443723,-0.4304154413683037,-0.07200662379238987
-1.0892577208487415,0.2411749591357042,0.23815635656001188,-0.37838706512088754
1.5593855096636622,-0.28599342351787227,0.0473790793844626,0.4433955245637466
1.9268333554035415,-1.826598865371239,0.0446783458799702,0.29619566693243604
2.2495265560209976,-3.118221335390072,-0.09146801114056641,0.11898815761380314
3.1266908066740235,-1.624164277415409,-0.2897341741136956,0.15412096696942096
-1.6242254856883296,0.06109248895870634,-0.014871634353416503,-0.44956749612639524
-2.8880609311323804,-0.7542338642346591,-0.42199664376231816,-0.0032410605245341423
-0.5580001492893403,-0.3236768585165577,0.34987336980432376,-0.2746181712370466
-2.3242717001724746,3.020001831086864,-0.0901153693439162,-0.12265274442816705
-3.0006866363063303,-0.9407664406893121,-0.4015477727035462,0.06545676297781747
-0.8769641089810509,-0.30044345284508545,0.24934450392934598,-0.36918260995476443
1.7827800102407583,-2.3026897030497757,0.06705972954903637,0.21876437685451086
0.4158255467243541,-2.8402653337760624,0.1613829416245681,0.022597352595175244
-1.1763505873741213,1.730449015545024,0.24284524053909629,-0.19803638599802453
0.9697594211924878,0.4441154870770587,0.19309111896727343,0.3955818688713447
-1.6837794320749295,1.6380566068461047,0.11602036895682902,-0.30494329305232726
-3.051231362933673,-2.199976917533003,-0.22180761817654285,0.10167575703292243
1.6609813135605274,0.45131347972784797,-0.10433193497090222,0.42732142236056325
0.7775007326826184,-1.5479099855313871,0.3214445568697539,0.1059857903897043
1.6480959962990758,-1.708637996514907,0.1265583703718703,0.29002840698579
-2.896937879247139,-3.069172571441731,-0.14854357493955506,-0.025898132868742464
2.118185092347404,-2.3226377343334446,-0.009261953128682054,0.22571125699153843
0.7510052638911091,-1.1984037994357293,0.3545373219623318,0.13981894919709126
0.3983247361411575,-2.4072217423234443,0.2128805812551967,-0.01947142104987229
0.7829731561813951,3.052738614159191,0.0973532055472375,0.11566069557975263
2.2898016221710566,-1.2023965310681848,-0.12787327788324138,0.3585519485243256
0.5462381806684466,-2.3227431464960695,0.22570628562332135,0.009005476016646308
0.5086262375240143,-1.890721590709839,0.2901617600315886,-0.0012439579915136112
3.0830280702148842,0.5510556357073813,-0.4316593407421694,-0.053364020990321906
1.6130832136349866,-2.739195325422549,0.05184363863099549,0.16431982996847477
-0.3625787137226735,2.277240801323331,0.22992623127174655,0.03481282567188092
1.3031137833600157,2.899688003850936,0.006176628011647242,0.15837404046823986
-0.695985472749368,-1.591232885468045,0.13172309599850407,-0.30546663275739494
-1.7035257105395396,-0.31356067514865593,-0.10444529420000562,-0.4326695036162538
0.6085382898339362,-3.002517796098771,0.13614828927453218,0.069517070236362
2.690347467666908,0.8841084165760158,-0.40613670166349913,0.06790517589708045
2.6963631268912556,-0.5408185273750021,-0.3535519765278518,0.25427717212970385
-0.993338433750226,-1.444765267301042,0.04938025347658734,-0.3483882631847295
0.17390264910411313,-1.8419967591840398,0.2809034503269099,-0.09738231283004893
-1.811845085223892,0.9677555385121037,0.028045441687423664,-0.403431420312633
3.1141421049845013,-0.5264239196096452,-0.42746092619091963,0.08713208687746725
3.022952969736796,-2.0127600484587194,-0.21813656816339833,0.16254863441404996
0.9393923104299784,1.1882074022522398,0.09781232707513203,0.3695021794833284
1.9126899470643908,0.4088612126807849,-0.20291014405010926,0.39231256387929403
1.3515141729497033,2.2536029856289197,-0.06891362889683307,0.22575063327104947
0.5853303531118041,-2.403469811821298,0.21333456339592155,0.020307483341901994
-2.8063973027416904,1.7948961960893266,-0.20371547922649025,-0.2258304869703229
-0.2842240182337288,1.090238125479214,0.39182084290367314,0.024106168169217485
1.0982147256745254,-2.4189576251465295,0.1736742929989545,0.12178396369618788
1.1154640279138466,1.2240947474639992,0.027641296039918536,0.3772502271440931
-0.7971940997418971,-0.36726921567506254,0.26890157570442497,-0.35240596639620814
2.7752326008686996,2.7959218665229324,-0.16653574679060268,0.009459945866995945
-2.09005740758647,-2.2518222960575516,-0.20318515584985264,-0.12063436974513025
0.0022584671803316247,0.8974486625480846,0.3932751381152453,0.11814926332147113
1.1993593968401424,-0.7415412443012208,0.24343927283022154,0.3458408304585301
1.2386407990984223,2.8702512263606854,0.012695671865693994,0.16009909227398667
0.9339261092443234,-1.0682992397638058,0.3270524666529787,0.22109290763015052
-1.4119057955893477,2.9039997157043125,0.05926002084906367,-0.14668534571583744
-2.160117836333071,2.5226100006767176,-0.02648673393142159,-0.19620456019900162
0.8541382641707806,-1.4427246821781965,0.3218194986251375,0.1429236650116712
0.623933597099156,1.9072092322709953,0.12056744551819557,0.2612550530462443
-2.0146656049860834,3.113973038948255,-0.060699116251645466,-0.1372950947564088
1.288927265376338,-1.554064190679308,0.22820392540931903,0.24885495858658935
-0.28166268288921525,-0.3972407607860209,0.40491764920007994,-0.17757695795962936
1.0540708842846858,0.1267993074843261,0.20522874090785936,0.3995730469883303
2.119739878737894,-1.2884856744771656,-0.05544342993596281,0.3667394548183825
-2.0751574849445897,-3.0456808374094066,-0.08539646678437823,-0.12498433767272873
-3.0213019002841763,-1.7584798207673464,-0.28773087539089826,0.11365923590676288
1.7536532700378284,-1.3701309643416661,0.08455096996125237,0.35112684067614636
0.689249249954349,-0.35437352799810684,0.37318477754643703,0.24008516665374355
1.2543724105813707,-2.066524075200694,0.19654176556963382,0.17624091884261706
2.1246903703983193,2.345226289805886,-0.19381641099052252,0.10953270952762212
1.902617216542617,1.2874946184550566,-0.2475530150241519,0.27636019659885064
2.8960466949662473,-2.6062622648222407,-0.14725560201407167,0.1157876305306165
0.22578675945596904,0.9430586837209871,0.35106765474395263,0.2052068962250198
-0.07228407183967933,0.9654521149047808,0.39325865444856434,0.0951929350413804
-0.6164609040928126,2.866522175061868,0.15054571413523032,-0.05674013416137584
-2.175923351345979,-3.1226119590698813,-0.08768675561283369,-0.12176717294813535
0.4562046988392896,-1.5837871277969051,0.3336460429756264,-0.0033434714503589313
-1.4010716308400755,2.6878931377476016,0.09269932380761678,-0.15169698404298573
2.6471531705409515,2.7151774679644785,-0.17329945651216744,0.0229436360528045
0.522703239126312,1.3859853491529437,0.21021695652851569,0.2912855938529164
0.5833320580844585,1.6698401939931546,0.1557937833467146,0.281653893488239
-0.9115352392116662,-2.5667882764689063,0.04218390870086586,-0.1875730185463625
-2.8149339211136732,0.08718444120344904,-0.4214732518557536,-0.1565837279988605
-2.942140693403675,-1.686513805330054,-0.30659809266852045,0.0900347917811363
-0.48169949583367044,-2.0029661045608838,0.14708176901890185,-0.23058873916410724
-2.610252712433142,1.9496931298210756,-0.14019132062331263,-0.24404052260150244
0.6713392211666727,-2.293123017289669,0.22725199069749819,0.036805479039445754
2.393723991467141,-0.1969675738284442,-0.3078233427325342,0.32558347093340834
2.4059247490518025,2.755668351015651,-0.15727749768482335,0.06620579380026947
0.9993117841171939,-1.9739754124586524,0.24648135305743085,0.12820272023190765
-1.8143839136704385,3.0033212569605414,-0.01645882462331849,-0.15194765963434304
2.280776357346811,3.105703009649279,-0.1019175505253282,0.1103212113235684
2.425896599958442,0.3494528891276083,-0.36644290794838225,0.25055939614631306
-1.9059817380091704,-2.0725542883854007,-0.19914365064545553,-0.17191488184223752
1.4917920936554792,-1.155447066151908,0.1652717095109828,0.34857010604258676
-1.3413372335511717,-0.4744255243135451,0.0318566845166148,-0.43765869016067593
1.9015451639361682,-1.198051231947485,0.016962589862842797,0.38077273528769623
3.1242378668471504,-1.378307301437846,-0.3260908714930842,0.1529116483731327
-2.952933698070856,2.967106770561906,-0.14469205150717723,-0.05413665455819981
2.496723369512279,-2.177973023333047,-0.09730933748150622,0.2273352084403005
0.770510366918681,1.466042487804729,0.12261844542710855,0.32691792436888173
2.9743507174105943,-3.1390147290138786,-0.14784326704007023,0.0253508865137538
-0.21985168536907507,0.6043335351943258,0.43182787721542776,-0.009163634405723577
2.182702741257578,2.6134469710682424,-0.15977927848687712,0.0960922038163505
-2.7495591585179424,-1.332449384147215,-0.36565802896412386,0.00654996980828515
-1.0349722523327167,-1.9758985717503286,0.0044447282441202884,-0.2775069341841966
-2.7205153282533447,0.9530322585761457,-0.30310789101160424,-0.26973108899555986
2.986668992144401,1.335814038622967,-0.3534222077233229,-0.09245031925412722
1.9916057969297087,1.1814305939804415,-0.27247568424788404,0.2691117879685947
2.2151207772567343,-1.1352655247050691,-0.10947913791122763,0.37213515327960345
2.751816707200951,-1.5569582259068881,-0.22242650972862565,0.25351890876568484
-2.606871680012196,2.8646223051884654,-0.11307838596868086,-0.11464437506227053
-0.7188115258261956,2.6596692508979647,0.17152575671098738,-0.05770144024982729
-2.695267282451387,-0.2681876495820461,-0.4182381153266408,-0.15607569977176614
-1.817140535075839,2.175200213256855,0.06732873646592717,-0.238374476175923
-1.7004449733368612,-0.2995604248256103,-0.1012084855389579,-0.43387649103193554
-0.19410511764365346,-0.47507781070822386,0.41201552162232113,-0.15091836177722762
-1.4541667889807623,-2.1566220045237414,-0.09888021568719645,-0.2301365279751551
-2.5071284964856257,-0.4624043845470407,-0.38940195913758247,-0.20350562155984256
-2.0892151035101882,0.2350975588499482,-0.1905840893595985,-0.40460097720586163
-2.216232996572702,-3.0001937941419117,-0.10801942727189497,-0.1083052121098684
2.9724291858101193,-0.351148344744308,-0.42586741516534465,0.12507995155216786
1.6291828697319142,1.7678132575043337,-0.16264022900786668,0.2615934247795075
2.939031965846506,1.1312627360264402,-0.38369748188041486,-0.059772999580285674
-0.37862168979129907,0.8492164065925114,0.4124473177512059,-0.042879573478678254
-1.3925518996250992,2.573312650432271,0.11022382466611769,-0.15651261273430245
1.8742314339363846,-3.02829419439699,-0.028923681163691345,0.1491323149349014
-1.0916788293438868,0.3584405553731065,0.24975051502850593,-0.36661251155606556
-1.2605114387104934,1.8054660623628456,0.2198716018369734,-0.20791709398837557
-1.6807144195183368,0.25971786925524754,-0.01052304332385599,-0.4465096727498672
-2.326795602961216,-1.1064968765559415,-0.34946828458938567,-0.17513881726799166
-1.5301877167749474,-2.285505104908962,-0.10501110564784134,-0.20612349128794294
-0.9090528306279158,2.43513059844088,0.1910535287729757,-0.08682657555885237
1.0932378521555997,-0.1837053065672949,0.23000086513928703,0.3848184303484602
-2.748486156210526,2.375767850121874,-0.13741592525991025,-0.1695402076692385
-1.8189385432251706,0.5394247942622661,-0.03060389934318184,-0.4344925614478944
1.9416527962518106,1.094481347741886,-0.2578908032080466,0.2953946586633842
-2.2184549820256825,1.9117292147361766,-0.03799715816365551,-0.28454039633977807
-0.9886897033830895,1.0000037793877299,0.31492584885763864,-0.24889481920486148
2.291219579951014,-0.6405403271841807,-0.20988054418886545,0.3749796308605514
-2.1681682149030883,0.08566107758763808,-0.24219188030275568,-0.3788312197667313
-2.62174178367105,1.9040911880500175,-0.14736505882863682,-0.24766769803054595
-0.09715064213281455,-0.793878601395761,0.39287716065603856,-0.14575724079270308
-1.241434823720062,-0.7029536190208354,0.042287357225558125,-0.4235280706650625
0.39840650407724,-2.540353922331851,0.19541398886165484,-0.009806845279849805
1.9088624241350747,2.6049108319706322,-0.12909585094834108,0.13596825234693252
-2.2798632879265837,-2.56959461710482,-0.17484175363439383,-0.07909780659766225
0.5070473023743265,0.9312257261339383,0.28207500231710725,0.29436419634754174
0.03461256234236609,-0.5454151753683276,0.4306731748941629,-0.06294993936843675
-2.236318942235386,-0.5930108604296551,-0.3279872154985263,-0.28206018428634333
0.7791054623882228,1.1281574614305976,0.1639396262428002,0.3523820280392046
-1.4222592006365102,-2.7200302985259035,-0.03655991218660229,-0.17041949554136682
-0.07643923097608774,0.5887707986382131,0.42986457099159575,0.05062217288645965
-2.6246603945046436,1.7092261207073216,-0.16938486866751676,-0.2671887670916022
-0.2539408578911746,2.0622215779819397,0.2550902191018495,0.07042381774429063
-1.2160258939958437,-2.0701186165232106,-0.044223053008788704,-0.2597105315873868
2.025580889430578,2.4970575362444487,-0.16007272530193226,0.12219900800138608
-2.7835847532981317,0.9810948300693632,-0.3154229485326228,-0.25111457525283104
-0.5114055743444568,2.3992644739925018,0.21485070825931823,-0.004297740778767711
-0.2611830651377285,-0.09248398198542196,0.4305418942506813,-0.12941813493650556
1.4137548726287514,0.26410329632634877,0.030890412242283668,0.44544944666913877
0.4667626003128138,2.6328951453723954,0.1180408071314156,0.14128765901519194
1.0506261002376371,2.5127057670069712,0.012251600383970163,0.19891819162748936
1.740752000971714,-0.3257148387849087,-0.027472080895613742,0.4438617864515383
2.2757884023058867,-1.4174072383919936,-0.09635882289715006,0.34200281327655746
-1.169454744299472,-0.6712299559181956,0.07720252335249642,-0.4207314182354196
0.23890370368169345,-0.7051975219233113,0.42546549108980963,0.0035544525983661895
2.136962081302263,-1.339154919581379,-0.05617829864680013,0.36056314932169276
3.0753121546620736,-1.4540572298367909,-0.3069068538612448,0.16967867927125796
2.447422012012888,2.2686253374564895,-0.2300266098540276,0.04192547204090585
-0.8075950069700881,-2.7026372600125814,0.0674487399251393,-0.16273603690621255
-1.9153252601481572,1.115963969758968,0.0032487132703851312,-0.38990704110874946
-0.06664865311337875,-2.055732245492592,0.22072832139221227,-0.14773407891275173
1.5182780197817642,-0.9769982859794379,0.14430575367400353,0.3768713505705705
-0.0466899054615717,-2.7549063657545343,0.15825968651392996,-0.06402443535721872
-0.1056777525070034,-1.4452982651737167,0.3012992420203497,-0.18161488697553946
2.1251644121823343,1.6865393301812626,-0.275484740627848,0.16190901757002069
-0.8708257389956704,2.419122630234315,0.19663318797657237,-0.0794963056874936
2.2606566143779885,-1.7496965076155002,-0.060087516530774654,0.3047527243337108
-0.5855627053598074,-0.22903568078329073,0.35294445893076837,-0.274918041592485
-1.0792432266617267,-0.1864595059775107,0.18665606864835527,-0.40755308609403385
-0.28908991393207906,2.347242872274683,0.21730732856003465,0.047012065106522366
1.6490028746599013,1.651215147769972,-0.17155485822832045,0.2753888804242228
-2.349898563439911,0.08216658630890983,-0.30707290947411925,-0.32848529419214867
-1.907454322374998,1.0728363012462943,0.0016187553766472546,-0.39431518648916947
2.8365114956085895,2.182496171097907,-0.24087125944990675,-0.05289276745344526
-2.038946238894214,-3.0816576378106277,-0.07582507876343281,-0.1300467543684205
0.42554328891908266,-0.6101599300870002,0.42069538114954697,0.0963092480258785
0.49834749157707314,2.558784285084619,0.11404679040833932,0.15604647569983032
-0.06519142759998608,1.5099313045225102,0.3182211680134195,0.12926623184527272
0.9094612191419236,0.26918029375523833,0.2415783896411637,0.37536503688597567
-1.6975487468610055,0.18626205670543827,-0.02900280870036409,-0.44732777200991014
0.3308867871376213,-0.9564886860451791,0.40531800480174374,0.00962675900511803
-0.8031591244972911,0.1289343154718483,0.32550977548968796,-0.3095098370603474
1.0157853503541077,0.9763014358513242,0.0967450261016029,0.39185269415716195
-2.254258960839781,-0.5129401574669918,-0.32905394697606394,-0.28747345570530386
0.44533594409664,1.3455639028975863,0.23799020435297263,0.27560955275794674
-1.9775046787893533,2.269689022802213,0.024966045270956472,-0.23232167874368634
-1.3908266534778824,-2.1696790882313683,-0.0833298190948743,-0.23413957173590144
-1.7673984496604738,-0.3044390343226664,-0.1306522603513479,-0.42578323119050954
-1.992789001520706,-0.577926810993298,-0.24908786146980016,-0.3547378864051594
2.046502265233465,1.1778761024185513,-0.28687611863770096,0.2542872164567782
-1.3464390623128695,-1.5716290671389657,-0.07952440069984047,-0.3257313664218216
2.683697870557687,0.8812224881466362,-0.40585458259096685,0.07099871982389078
2.952635439502859,2.3718348572656485,-0.2084743674297113,-0.06641765705643893
0.44774273769148243,-0.5143943292990083,0.42009493237658335,0.11988922672055702
-2.2430901007463153,2.582487807129568,-0.045391375715777116,-0.184780678609525
-0.7882366339572844,3.098639158500581,0.11042949275035388,-0.10192320388346299
1.8707069825428215,-2.474996644148258,0.03480543004702362,0.20138221480404372
-0.8332086250463586,-1.6772762870519673,0.08064520462378826,-0.31053381990183543
-2.5948473460780725,2.829819437163481,-0.11038823105319026,-0.12105055153615168
0.35679011801349203,2.879757785573461,0.13178255721443743,0.09055859853574832
2.1684582633211935,-2.5276797364751626,-0.028387754187670672,0.19526423246723526
1.859360327706792,-3.0473542963904405,-0.029344548961369267,0.14845282358556866
-2.041261512575606,-2.129371354478751,-0.21333650913784424,-0.13888658291261474
1.0855120868769577,3.1165402327205936,0.06666728445438584,0.13447570329599942
-1.7561235054004782,-2.010621707203567,-0.17691151304740388,-0.20707965651561822
-1.7705542785757027,0.016007085124287723,-0.08693741626630327,-0.4415091796263075
2.350362269861752,2.189173139469104,-0.23669034669243783,0.0656009231566434
-1.5728763580734646,-3.0134055530708572,-0.01948997217527407,-0.1511904956694165
-1.487560793793812,0.6565236380885011,0.12605834358208992,-0.40975601556022845
-3.137487278358549,-1.4009904235373398,-0.3259528631356915,0.14650571747077717
2.328982229043901,2.2766174232522642,-0.2222695876918915,0.06867986099899934
1.8384274313125903,-1.3605537253774913,0.053861933918367896,0.35830383330375337
0.8000312941405712,1.1734207977070303,0.15022581482924593,0.3532168995308871
1.5724661708706087,1.094654234815712,-0.1339310468537616,0.3685299403551627
-2.1862433287705216,-1.7499076417598391,-0.27828706907061657,-0.13792150440368522
-0.261860578143406,-2.92294283227537,0.13991301210105492,-0.07118384831807292
-0.9348161594033173,-0.570201744611877,0.18804954999656096,-0.39102257589753775
-2.5523773616533663,-1.3245384902208874,-0.3606551985675063,-0.06608860989473085
-0.08714473151529889,1.9413644566182668,0.25691497533650115,0.11790521769034779
2.6435851891807234,1.8872438557055462,-0.29064544063775494,-0.004231691121158898
-2.8898937853519118,-0.27002647214394315,-0.44052202321629697,-0.07196591011158932
-1.310289724308447,0.6692360491858507,0.19749093774904553,-0.3795839236508846
-1.8375744925838213,0.6550818589827037,-0.02229464339228053,-0.4282204739406943
-1.6452730983235044,2.0555952713245214,0.11522647127117347,-0.23933264926119605
2.566269975312969,-0.47122372965506454,-0.32678960260430556,0.2930866127352537
-0.20062804927945654,-1.4109101222186662,0.2878728969651075,-0.2096609713803358
-0.21174703345985701,-1.4763291500395608,0.2757478928890447,-0.21202005960025214
1.6372450480839111,0.22740279741928537,-0.06336606802179731,0.4429082418571786
-2.170889507312252,-0.319511265436637,-0.28872010132107756,-0.3385051211968066
-0.08001414001069573,-0.37623229195269037,0.43369705846450135,-0.09006587563443194
-0.4399158739198823,-2.568959863685901,0.12275534338026078,-0.1476081527855892
0.6089078269513775,1.373527811599133,0.18606512398126662,0.3090614982166341
3.1388136211515354,-1.7986454360566242,-0.2657104796999644,0.1468621587693107
1.6929973323321068,-1.9040964980666735,0.1101010509386259,0.26633260444711965
-0.6417287141600179,-0.5481556402067489,0.29608373863994203,-0.3188232398163583
2.0580765253701188,-1.7104191242430908,0.0005586969061650016,0.31618732503453284
-2.069000373412143,0.5268970330352603,-0.1390512432473337,-0.41347090929003494
-2.950183667370807,-0.8076196577275767,-0.4169322994467237,0.0296193402867408
-1.8570056436454931,-0.32099711397409614,-0.170281656775146,-0.4109830571257357
-1.0027237658185375,0.23354173538026712,0.26917447739432177,-0.3572140220744723
0.06648085980873741,-1.8627412492429967,0.26580348288553207,-0.12627400011702317
0.7233777242766806,-2.16297634523172,0.24449551484858031,0.04986520159491406
2.5799118094455906,2.390261310664733,-0.215667541410896,0.014739276241745258
0.061914568024243,-0.41642625658388344,0.44009758801092347,-0.0335073635719106
0.00801511156956547,-0.5523321403640229,0.42831253714121786,-0.07527058362318424
-2.825906512481552,-2.917834914238404,-0.1564759027220178,-0.016091795075974677
-2.9222368988893814,-0.012715265849068125,-0.43962020969975824,-0.0960562117315256
0.32144752102881613,0.3403583989202441,0.4029662802055883,0.18696345776238657
-0.3884352289074684,0.36970809584401065,0.42762454839502473,-0.11643110956162278
2.131133274223581,1.3008152012177563,-0.30316280447836563,0.21117884866335881
-2.1320130477646098,-2.026441395682996,-0.23857062282490726,-0.12641324413672628
-2.984691073080094,-1.5568279624611845,-0.3218208069292809,0.10093800144750217
-0.32019886457720226,1.9523770936288063,0.27555034829551006,0.05529091126010903
-1.6494708750337954,2.809655849552845,0.03629746712990037,-0.16154048201390753
-2.8298563520022872,-2.2875020125668897,-0.22644214508356453,0.04585365477153598
1.411192655938728,-0.014768284598139392,0.07370152582510586,0.44391245833957327
-2.4404331558743237,-1.7958835692296395,-0.29797217124824804,-0.0602109519868102
0.6805914909298703,-2.7641418048260418,0.15957335926134608,0.05806633748232276
-1.3757049927547018,-1.0963948620377502,-0.05946363832256485,-0.3873972431761709
-2.051484819145429,-2.2387766782088203,-0.20017224308288808,-0.12917012867627067
-0.7555434644040657,1.3190484024931095,0.3451779220965714,-0.12558243125138635
1.894039672075408,0.2119030236589734,-0.1717881222635898,0.41349215305467196
-0.6779960521434929,-2.237854018797523,0.08745514300403481,-0.2217445890581613
1.575632175409484,-3.083526041105264,0.00797839928072384,0.15029314832820312
-2.3531389972889927,1.9362078427327525,-0.07433247832700896,-0.2735226723153999
1.7138733762581424,-2.034530549571361,0.09957745540896942,0.24965603268460224
-1.6528966677551313,0.6673788457794676,0.05826229117766781,-0.42402323740303494
1.1145939073123659,-1.0246498396791477,0.281556288510981,0.28279301472941903
0.4133176988603764,0.5371239915914923,0.36193655686160336,0.24254581019793042
2.6963957818382127,-1.1582824223765091,-0.2658561985050974,0.2791105650546243
-0.7079734995074989,-2.595335283235574,0.07986151493578852,-0.17093685676923062
-2.7258645112584743,-1.7407564355841527,-0.31094195215875575,0.024335764607964716
-3.02123518822227,-1.9599858317992098,-0.25798889251506035,0.10859213730183387
2.0537129078298655,-0.45226774715250206,-0.14390586548449694,0.41562285490400763
0.1554185951180287,0.9945263423880277,0.357664701336462,0.18334931574804536
1.7294093823779297,-1.4840501995421227,0.09812287371365638,0.33266990465541363
-1.6686531679706853,-3.0657550134503424,-0.026007607850233285,-0.1486011135892768
-0.9733675340345433,0.11898696890502825,0.26725841881377843,-0.36116005239611326
-2.952444446022422,0.6645064696351088,-0.39323438278545353,-0.16945982001139823
2.899641793140214,2.9083010870391277,-0.15788444698666543,0.00324603197408016
1.0547451649295443,0.5621616354170462,0.14112069826438967,0.4107729173885424
2.7219078424047156,-0.18112815135885096,-0.39769667130323805,0.20703877926778913
-1.4734295273224807,0.46119601736354543,0.10865910676828253,-0.42578172619029697
0.7003465243382498,2.688578950481979,0.08395034450221456,0.15662198254371404
1.121548378108324,2.063260739643143,-0.019573478468097316,0.26375173725739226
-1.1463690426320317,-1.1122574215868415,0.028310356277142207,-0.38927622732532835
2.1872348307437326,-1.6508795217950258,-0.044503329938339165,0.3214337685891844
2.809598333631767,-1.4914169991997803,-0.2461277437797203,0.24301805068603183
2.4181160209004045,0.02777821178108386,-0.33999356396733754,0.29473658643996725
1.5021021106541212,1.5334079261846414,-0.1285647164706044,0.31517500823205785
-1.3982306546806722,0.020226875272754352,0.0802532103002531,-0.4427651885282289
-1.37214687556562,-2.7156153354428647,-0.02851552669835724,-0.1724229830850798
2.9113787573565704,1.4047989719734089,-0.3499741657819427,-0.0699237336434354
-3.076973259834905,1.9224670169011846,-0.2387183423141303,-0.1565616410368404
1.3574820174915851,-1.322623921009713,0.2134189514935304,0.2984280487702364
1.2958828582293958,1.031232433595135,-0.02149819877634737,0.3978396631383179
0.7708811210403756,-0.4612366887230208,0.3580554002815107,0.25473826007216244
3.0794447006517363,2.4449090186458555,-0.19057476224827363,-0.08457872389513858
-1.1819963651876952,2.1691161546984326,0.19638779140456136,-0.1524430647162685
-1.0054864341495966,0.15979395811136055,0.26018523232588514,-0.3655913741562999
-2.645601756838466,1.203264831699384,-0.24463331255898932,-0.2915350774769153
-0.3594099080116817,2.4086572089737706,0.21177066387345583,0.02763980290310443
-1.5013763890901108,-0.026910819346977366,0.027183705715110106,-0.44914191461201197
-0.9840303717863663,-1.1733802034873015,0.08306957345374434,-0.3747436300897947
2.10217655673093,1.5938313506424713,-0.27954838289121914,0.17966561388248853
2.736229896900211,-1.7588755949205785,-0.19180514513339478,0.24265875631544526
-1.9745973445094827,-0.7003794530566125,-0.25183931883252153,-0.34335222273506005
-0.8010500080598901,2.2979320026247905,0.21986298585778322,-0.0658357360154189
2.693165250091571,1.410087150983018,-0.3561629360150256,0.007043336383208115
-2.7532386415278824,-0.6043732785412872,-0.42417384199152935,-0.08144818600183248
-2.5612743403970324,-1.7923131512600106,-0.3035592939340904,-0.024039296429838763
-2.118746702067982,-0.9049772904923241,-0.30524086227354463,-0.27371760176814053
0.5982398804409064,-1.3565136374552296,0.3568020786596145,0.06580629661649472
-2.1961474912669647,-2.0351910268292546,-0.24502120678427336,-0.1102508784587101
2.9410106425690357,1.5289057872689344,-0.3300007721780706,-0.0858401791837854
-0.33480249941538354,-1.5577908441503747,0.23590179043183856,-0.24087508321249385
0.009537626169046742,-0.28797427803277653,0.4442093007243685,-0.038366682614222776
-1.5917908628720085,-0.71716624659271,-0.10723718330859444,-0.4108900075007375
-0.18246211522628686,3.0289815023670457,0.15150285018664914,-0.010813916836815984
1.0173333576169439,-0.6842876114058023,0.2994485571636154,0.30425124810774157
1.578192496409076,-2.6390478928494794,0.07100002334383029,0.16907579315165353
1.5951002072447773,-2.577200804822526,0.07600107038560051,0.1751615599371037
0.4894042948393653,0.570222448577447,0.33816356592655034,0.27185600036689617
2.540667397055847,0.6243196083510489,-0.397402801463262,0.1661129309377897
1.9943323225772485,-0.5104523173398192,-0.11027493342780476,0.42292619180922586
1.6150809375126167,-0.42823871105666633,0.042907397747297016,0.43878448748915333
-2.792212856769067,-2.802724241505785,-0.1660215728626527,-0.007416770232761036
-3.0983771424279563,0.10396479096290712,-0.4480981840931043,-0.0349580442621116
-1.8067470429648886,0.02977900207356532,-0.10083736949509042,-0.4385110287767014
1.0274490426542044,-2.2019465725340797,0.2130022275574046,0.11842047634514982
-0.5579626330938399,-2.489150548471065,0.10516965185282878,-0.17298852438739987
-0.613199557643259,-2.365163796283487,0.09733712335526207,-0.19702192379532243
2.416430685458227,-2.5068134596258,-0.07512986307235273,0.1854380349678256
2.485394675448079,0.6893169222737545,-0.387613022608422,0.17806572452545144
2.5709240071628177,-1.907055738896101,-0.1343197952188182,0.25448368249951
-1.1694385349847836,-1.5618104155835955,-0.020346987202808323,-0.33599809707363393
1.2004390754545842,-2.05100670772181,0.2075180335100651,0.16691119278218675
-1.4348710400642246,2.8766640580189273,0.05994900594746391,-0.14847932076440912
-1.9439557510124568,2.2281272341449103,0.03461636808854909,-0.2372997204657448
-1.9815127103563412,-1.6933508781619686,-0.24895220445927113,-0.19879758646002538
-0.9920670767054944,-1.0834329284910211,0.09155595503113836,-0.3824451825095779
-0.44008925427931045,-1.822797030736873,0.17569194338508526,-0.2432931642195682
2.0794149689964696,-0.05104485215068344,-0.2123572813679776,0.39659445223648615
-2.388294696620354,-3.0183760440815948,-0.12285601939853406,-0.08993742005639524
1.4760826326283132,1.0767369556209676,-0.09637175584698059,0.3819565672072522
0.1976370546728381,0.14550694667566955,0.4354152144120751,0.10937329951936868
-1.3323787072172062,2.5047222571713084,0.1290485094629282,-0.15326450712276396
-0.04511588096280139,-2.1086829548096895,0.2171147929668255,-0.13875218849948798
-1.2570010477617701,1.9107747466287641,0.21167039234654422,-0.19412273888028353
0.6037007294384109,1.834445156366515,0.13257953675279147,0.26733539642674703
-0.41567089189656903,-2.342489674152622,0.1353457647511347,-0.17725696565368723
-2.108602248862296,-0.6373711924065151,-0.29208957920460726,-0.3154573479960029
-2.409079592475617,-2.072492078772764,-0.2573648351304381,-0.054600097557626126
0.2933976235043372,-1.5411365476774908,0.3348001286499162,-0.05547848787642
2.5284356581608147,-1.4875681557232883,-0.1695298295404601,0.3020621253206731
-0.980442771119062,0.353343684671497,0.28845640618312435,-0.3372429164267848
1.4639828502724548,-0.5566215319393728,0.12435717424517523,0.41647248567589973
0.9968986941747486,2.8131881756747354,0.045159431536502245,0.15896663680667295
2.7115394968304765,-2.3475856344421717,-0.1325085764632312,0.1784715174538359
2.0167832117775184,2.9762954618173003,-0.08785177060490762,0.12652593268031354
0.41849318413569714,-1.692447338127651,0.31798598962796576,-0.02152449878043522
0.9866517192836328,1.7145175077867165,0.02976012459395952,0.3142036168142452
2.503135993419999,-1.0117817938849725,-0.22900115437290475,0.32831396730062035
-0.6313420963309184,-2.242585732172974,0.0975121576509935,-0.21674062401400845
-1.088280959280132,2.2486840703376476,0.19904813768950536,-0.12820457021952472
-3.0736646117384376,-1.2009623895449728,-0.36289516530382837,0.11549265427463275
2.051780911403519,0.9981179418041686,-0.28816554215050544,0.27969675436367053
1.8911175145190429,0.41747798589115925,-0.19536058397211548,0.39573291421961165
-2.4852855601943977,-0.17746034185578452,-0.3708043386950256,-0.25217198458538337
0.4829091678812838,-0.02626702803096137,0.40032505724770745,0.20544780911574323
-0.2263096648673728,1.459193849594696,0.34207802731388964,0.07420248537637388
-2.395721408858366,-2.5900991692010558,-0.17984351317877217,-0.05915611207112276
3.0194992233652815,1.0567102641656465,-0.3868857571002447,-0.08411862748009283
-1.7926186079681563,2.486960779911426,0.04926893407104904,-0.19666743798449932
-2.719147841104513,-2.7784987031461834,-0.1675756910959963,-0.016916540077216297
0.5959436613108844,-2.2578416591110724,0.23463940392568122,0.019009032146016513
1.5008435961370807,1.361138601752062,-0.1232057446197464,0.34066347967813126
-2.9377444700718343,-0.39407102623993984,-0.4410827608437588,-0.032370139544939086
0.997252335639863,-0.6060218885606403,0.3014497866879603,0.3091938990663004
0.20289584051944454,-2.2810059078476144,0.22097148585010107,-0.0706559260964357
-2.4927594670803193,0.04253742036701347,-0.3545927461328407,-0.27691618266360135
-2.057593164822752,-2.3464850135882473,-0.1858565953728227,-0.1222236188426506
0.42709510616225366,-0.14689800539817588,0.417202005946334,0.16575033967621738
-1.279522850692293,1.656343773183635,0.22562755693306982,-0.23216873810656513
2.7540189461676636,-1.5188698347449971,-0.22834158478215222,0.25501255858996535
2.002703926701238,-0.12072406578775707,-0.1715090270315172,0.4152464404368271
3.0383423670005243,3.0914275098119193,-0.15016408940740236,0.007997929733197268
-1.5100326535935553,1.1727591975969363,0.15976695048599074,-0.34908364583854806
2.951360628031268,2.1448078499710856,-0.23842396193626478,-0.08236239497178624
-0.43207033895728175,-0.5350282673299542,0.35758379151197406,-0.24911184553464516
-0.9580676649056601,1.6830198165519343,0.28481023274694445,-0.14595959792332108
-2.8252372455125103,-2.887066013358883,-0.15889897345017004,-0.012275305594075248
-2.810058760676796,-2.3693189173522913,-0.21613333688768782,0.03629107092057271
1.2064423021771198,-1.8656624878342118,0.22547425601157817,0.18843115126117066
-0.26433992403038653,-0.6160542266548887,0.38510664730974997,-0.19403014591869847
-1.718315301121305,2.1723791395290286,0.09070545374752267,-0.2309484576824884
0.7160965541574584,-0.9659388909039679,0.3716548726405509,0.15984582775472295
-1.5528382401996161,0.9715136112749283,0.13074753460400465,-0.38232134611321733
0.4877746982674509,1.3151605016919037,0.2305044549030732,0.2865748632898416
-0.8846175323377636,0.5414997009460154,0.3313321850592974,-0.28256553781954563
2.032938596352621,-0.8969751680752758,-0.07057117340934277,0.40457088287219234
2.01499340539873,0.48414042452362915,-0.2490136453254737,0.36076167639717016
-0.14231164573079536,-0.9910745098201486,0.36050646607003445,-0.17842729121654838
-0.9373311803381945,-2.614598411861569,0.04003437511655408,-0.18195660871747374
-0.8635622668756704,3.096378715058015,0.10271338702701033,-0.10973576429466604
1.9208610158699235,-2.342481729594952,0.033976459597215555,0.2204191928437658
-1.0795801491580415,-2.6870143512728886,0.01986527816638599,-0.17676313686510936
-1.8280338683867718,2.378378841734083,0.051528635049612706,-0.21168174485667163
-2.6094801082294636,-1.2451095470700215,-0.3719818940992339,-0.05409093144892142
-0.20927329348709156,0.944343739212214,0.4047221704227367,0.03827118088818471
-0.11226733353698792,-1.074388686998153,0.3543257270725109,-0.17267763741616526
2.1419926002930865,-0.6820129309012728,-0.1456031439960123,0.4014563649046773
-1.7515089267003194,-1.4946882789926832,-0.20309927406448175,-0.2794526763655806
-0.7477538807128661,-0.9861835966751227,0.1956026523897356,-0.35200637014062824
1.9377704072667026,-0.5610859309716552,-0.07870351872342819,0.4272080948934617
2.0333871161143557,1.3849150067872893,-0.27817436787211836,0.22749102830994056
-0.7250099920214654,0.0724840461168137,0.34373072761735546,-0.29002217712719974
-0.2568313363017416,2.7870024552166397,0.1673349922799916,0.009899675373160347
-1.235991200330707,-2.8784503783631044,0.014133456521909407,-0.15936837908607793
2.7178224566330735,0.01927883967924604,-0.4113589391289166,0.18239270380715286
-2.396131887893839,0.5291999556877545,-0.2642065632790725,-0.34696383648414564
2.7253280016004595,2.640175529023023,-0.18323227175208878,0.0021748148557360486
1.1552669886550717,-2.8327205402489986,0.10513401567048077,0.1253232043236542
0.19837368587729998,0.4618115121487474,0.4125983145928301,0.15111202376429944
-2.9363897227223634,2.221922371105827,-0.18038954414451114,-0.15941201989969492
-0.1533336489831867,-1.6215159068716682,0.2660842047639796,-0.19270804508344047
-0.5796357512063066,2.3643145554497043,0.2191603381204143,-0.017733635279482796
-2.1286249829467545,-3.0219393842389555,-0.09516038922780809,-0.11869285048438663
0.9827505226171125,1.4605555103589305,0.0515291142331233,0.3460438406645235
2.9603284586407437,2.7213306275921036,-0.17141404079068148,-0.03080325888966707
0.39074382395159146,0.9877020379398269,0.30606278387822844,0.26149652632280074
1.349334631221276,-0.38309055838968087,0.15115581840834547,0.416086727913929
-2.711505775757203,-2.8595969103171264,-0.15912845238710677,-0.02707317044014962
-0.5173135221786143,2.6396529392119286,0.18214495192670754,-0.020606548116094497
-2.4104907292385587,-0.18663433715203182,-0.3516422103577955,-0.27800151718660693
0.7087171365540472,-2.959400735622122,0.13345343473109517,0.07861156862270773
2.755064653951571,1.1926809663659652,-0.3817090011361282,0.00484805894709997
1.0164794716946286,-0.11411990146768325,0.25087276034713457,0.3727967851693833
-2.659024868874016,-2.3603079820190564,-0.2204198608618445,0.0037726341644194195
-0.9131591654743771,-1.795283169588784,0.04722736056964108,-0.3003914554367665
0.31832740131482273,-2.736385757699606,0.17250748353645345,-0.005412118529719692
-0.6081636045124932,0.4668000771152725,0.39471331465671144,-0.19254236479325268
2.0963471444460744,0.7667338310790006,-0.29472672128223154,0.300753067487832
1.9771362333892428,0.036079924656369666,-0.18279410963184706,0.4111298342311843
0.7026550223994659,1.992411462957337,0.09364582484936698,0.25864906334752324
-0.7950871798824992,2.268285321804732,0.2246832558904301,-0.06489123441308278
-1.5372669015720624,0.7264895103909255,0.11339721847658643,-0.4085548272635751
-2.476364692985403,-3.061441327720731,-0.12580822425667013,-0.08343396522863146
-0.9117047431550054,1.2266641045199016,0.3263410324650594,-0.19069798646658834
-0.5455531641398452,-0.5152261154232676,0.32968093560376327,-0.2865777388923796
1.1047280196792517,0.41190981538370686,0.14293302937260538,0.41778266881188586
0.9937474842126184,0.9367010481905416,0.11087359944224243,0.3918257858997132
-2.7010902206821528,-0.9409911044135812,-0.40296348923582137,-0.05594004684778631
-0.6581051303468812,2.620707199341986,0.18006708546771638,-0.044852491451232046
-1.9994423459339157,-2.299803739296225,-0.18491537490913618,-0.13547927922192832
-2.1563093675641576,1.077640467516031,-0.09491282333889042,-0.382228048700129
2.056500058237356,-3.114200604861132,-0.06641773599992849,0.13461963760353368
-2.8782315797709557,2.6681615861594015,-0.14295368812654993,-0.10937741380858282
-0.5077889667003004,-2.434708336631242,0.11510963945060329,-0.17554131130236852
-2.0847379150637133,-2.545417452843506,-0.15980517781591203,-0.11175095359994969
2.383402037720251,-1.049243986417281,-0.1826590163131126,0.352102379718253
0.35839611492368295,-0.7944064538913955,0.4169047599389959,0.04188284811977473
-1.6877852387409191,-1.7951055878431594,-0.17636481256513506,-0.24774277915964638
0.01525109506008171,0.5348351692600324,0.42783702573553783,0.08298926656808481
1.454471694099106,-0.3586813004298288,0.1034202996833751,0.431366075907954
2.878440342596953,-2.926861094662625,-0.13984824236601706,0.07077741438848738
-1.756489558688528,-1.1331595126176337,-0.2006528289130505,-0.3322355468255727
2.4264516365436766,1.9505075214278955,-0.2758764943732746,0.05507683085287779
2.72881322898482,1.1919298965935088,-0.3815294237061716,0.01494577228496051
2.616447447011601,1.412905243226037,-0.3542480046732591,0.03405260412839471
0.8508334974159251,1.244805346505209,0.12264550921532753,0.35535950101126823
0.8156872285125938,-1.187691534706675,0.3453505381283529,0.16393652643375403
-0.60814552747062,-2.515385762741104,0.09623715773601729,-0.17411299556508417
1.5858626656544024,-1.429630846184448,0.14365336126150116,0.32330550651362344
0.1966261163051839,2.084668523261561,0.19638764698650818,0.17231401741924013
1.1148762820759046,3.0188870571594464,0.05005549744127169,0.14377464073536633
-0.44951224738207785,-0.03866034657111417,0.4026764566671899,-0.20070979451632362
1.454535181539879,-3.0806435260629073,0.026507250838623736,0.14820418258961082
2.0387146720111655,-2.26166514764128,0.01097858777562033,0.23458652801196694
-2.221506517664599,-1.117900715034684,-0.328800249330124,-0.20921708997464775
2.0918590972194684,0.4937663076388077,-0.27674919851694174,0.33935195385608136
0.2531905764751534,-2.6697653616032966,0.17816230314804138,-0.02432409738426805
2.1655997758813923,2.7856960650847586,-0.13260768958052696,0.10273800992111712
-0.4316441093464456,-0.847704281718094,0.31558465214930853,-0.26918372783486133
-0.7600110450048887,2.5923430960394285,0.1786638669666581,-0.06177973018612348
2.607903496139408,1.762570469426449,-0.3085746436969969,0.011296731820544137
-1.5634496021146196,1.6049597175759276,0.15207478440639843,-0.29376717454993484
2.1627498247880146,0.6705388956760996,-0.310322400333611,0.29447211979903537
-0.10040170402605364,0.7966062164882945,0.41358146333971246,0.06612658402358892
0.08856427753626894,0.8670998998539785,0.3853841921483205,0.14903914285991304
-1.2034292796041304,0.8087803276789147,0.24621756128707684,-0.3376554911075671
0.45893768173346317,0.3375844341029284,0.3738366876250965,0.24013809292744737
-1.0982304434168055,3.056229414137867,0.07991179103269279,-0.12822564603687436
-2.8948556470050946,1.4595246802455426,-0.2706566485675306,-0.22189811652701824
-1.4325750129167962,1.74010547842434,0.1842970861147629,-0.2517329067265403
-3.1015119417836416,2.340252887204489,-0.19116385572475464,-0.11549602042885479
3.0055917696546617,-1.7866880647870453,-0.24552857723769073,0.18148291443057413
2.9263760255993256,-2.6150355924831667,-0.15029047571491835,0.11001795433643563
-0.6587586944576276,-0.10747742463471388,0.34530466865425447,-0.2876549550017367
1.4348963965749135,0.08847161982988494,0.04775617920633437,0.44706526569962757
-0.9688288569243126,2.0683101231725463,0.23798831469375858,-0.11362113866609425
1.0750100107615737,-0.3532181886754544,0.2553104847858968,0.3629880810758246
1.9190735588377246,0.44518268906924563,-0.20930133320823643,0.38719611678304644
2.807052272541015,0.1700917231193233,-0.4313447102201574,0.1230567877033457
-0.6269847622182305,-2.901557483991995,0.10403040052880597,-0.11940691133564094
1.7800137240630516,0.7239165454659453,-0.18283176472999615,0.382755949882214
-1.4707149198170324,2.0611567532956956,0.15457854184068057,-0.21498959455237043
3.0808487268317686,-2.15198752404717,-0.20963472491945073,0.13835276480728395
-2.9796774892617086,0.5927037646083608,-0.40535600085110485,-0.1511142490815373
0.6504906758776814,0.5881723974627922,0.2876450913528159,0.32347542442508515
1.0022056403188753,-2.1099880997710714,0.22853050373328587,0.11859163048546958
1.1815250812885667,-2.365848141152949,0.17039290730161188,0.13861914424382984
-2.385175187375264,3.016255314792862,-0.09708122865273433,-0.11739350603720031
2.7553638922790187,-0.6677821516708806,-0.35201406255079837,0.2434210936682643
-2.003184536755694,-1.7126597891407322,-0.25165197888762286,-0.19090927789211135
0.7712823796428605,-2.0651287931148286,0.25611867075617933,0.06483250870316676
-1.7424775849832668,1.0530726242443036,0.06449195696618963,-0.3910014026529166
-1.2112949760373872,0.6876650841066594,0.2354437283565177,-0.35582575267215144
0.2919076267791407,0.9019645899689781,0.3425183300091823,0.22580407529835483
-0.520289095812823,-2.588634474586594,0.11038268729016495,-0.15403879084787483
-2.1348655117001893,2.472650712904417,-0.018865184587145534,-0.2038162426749816
-2.067567561436982,-0.6957597485804423,-0.282372859556063,-0.31913413093558346
-0.5143114643315698,-1.1726346033869801,0.24380617929587423,-0.29656998124443923
1.6165566288880306,-0.23649000163650902,0.014713011887314248,0.44696587853581055
2.500485621850938,-0.6907352804549487,-0.2759332193518488,0.32516281774959804
-2.6130029621542725,2.2844216841522673,-0.11708058332967103,-0.1996998841459103
-0.6716479574176821,2.6971262523089763,0.16896268067483564,-0.05192294251866389
-2.5117312004962797,-1.2349398625772408,-0.36580136223662074,-0.09138585580168891
-3.0373390230693924,2.286676118188927,-0.18868562621231516,-0.1335380117935824
1.0161084506849463,1.7688619911133827,0.017441191572062448,0.30738610639890757
0.643708828493212,2.7068444370968443,0.09322554671057931,0.148933363769771
-2.1173133528786634,-1.5974979028286262,-0.28193838664037263,-0.1749511070225493
-1.6725032960694197,0.483548601293164,0.025435001120094253,-0.43764668527529876
-2.9926324442243217,-1.4165781525829106,-0.34146104853010223,0.09863587721085534
2.104535361499936,2.036345740749274,-0.233761897476354,0.1321103032615042
2.9825689785485787,-3.108139777621058,-0.14739575654599588,0.028720124076759602
-2.2904752822840395,0.4072708118714843,-0.24384564832167296,-0.36834464230028696
-1.687190991483418,-1.0103146380771775,-0.170290101722966,-0.3624151814024952
2.3147853078884015,-1.1141111264121917,-0.1489090865920809,0.36057436602123716
2.6795510693623044,0.9104732850254527,-0.4037125046129877,0.06870003974567471
-0.5049960474478188,2.208441927631794,0.24271378390341763,0.0035410468190556488
-2.8235222796156405,0.6860948788142718,-0.36547109734833627,-0.22037741820212492
-2.8940864629082084,2.219051270325936,-0.17375517211440217,-0.16723479160124727
0.4646407119527045,-1.4790799678967526,0.3474092147209575,0.007052806157765962
-0.672959878129447,0.12253376732207943,0.3624393159715475,-0.2654485517267108
-2.961564141618847,-0.31078809097599924,-0.4438710474164619,-0.03415919619068959
0.5230902081658075,-3.068425592128356,0.13576740257035955,0.065635423336817
-3.0705767217597875,0.356961223051282,-0.43571490166202737,-0.08354156454299067
1.805611265138939,1.0148872602273586,-0.2121325029974896,0.3391079681039128
-1.2162184443424018,0.5775152353640634,0.22458878931189474,-0.3707611571215303
-2.8886441605857947,1.4845903884178737,-0.26555797738402587,-0.2229975092394173
0.5551333767380329,0.448239476997494,0.33556820713256047,0.2846102790884577
-0.6428677839297063,-2.7221884330610244,0.09384358856375266,-0.14660670743760051
2.9769757957412564,-2.4099438475739077,-0.16941952641844232,0.12973194461387366
0.277708386840251,0.6061676481405192,0.3836297075528341,0.19822617274747062
-1.4122138753379205,-1.4138474348009022,-0.09521916253815826,-0.3427838838456299
1.3159431970205642,-2.64116754905013,0.11209766236886165,0.144810335248977
-1.4357580921966664,-0.4423190080298429,-0.004981725871883377,-0.44024279107397263
2.539935509097929,0.3413189501270453,-0.39226508333197796,0.20841392407849607
-0.7871450742204633,-1.0760206897973137,0.1685278472683979,-0.3561368322928592
0.31333342092561534,1.3850257990322081,0.26631083490926283,0.24125067145295284
-2.8238324707029308,0.903337372426015,-0.33637350631000035,-0.23465329200520635
-0.46419395221116044,-1.0504332172190098,0.27667576162084007,-0.2840740970233724
2.088301709040163,1.601411328841972,-0.27643993506162945,0.18255421802958627
1.920448083015943,0.934278506494012,-0.24664149543150862,0.3242897830046421
-1.7321575804736178,0.863594784100056,0.048690078974621125,-0.4106130590195013
-1.7210959563554153,0.3356961445816933,-0.017269877034528827,-0.44404736261063815
1.9936880755882402,-3.070029258402146,-0.05193693181944381,0.1415376845726248
2.704273029841212,1.2346910479772326,-0.3765555157126164,0.01972551865374457
-2.5424223141681477,-0.7788523968072458,-0.39532622234937753,-0.1423797454334183
-0.31379082297769934,2.78099882768388,0.1681873918251566,0.001062549268744828
-1.0213048861568685,1.9979572415391607,0.24064602517353828,-0.13154286775526802
2.329104256871277,0.5510006024800487,-0.3512091597387692,0.25657791118211376
-2.616790136888871,-1.55708653068753,-0.3365557849276206,-0.021541741542569465
-1.8150492333446913,-1.861598521330633,-0.20158552245315733,-0.21461221387857876
1.586305349251517,-1.002891642707508,0.12053552780591703,0.38259534767182857
-2.8193038953223306,-0.14722795261503085,-0.43226128224431704,-0.12114669369637655
-0.04690158621966711,-1.2813581909504503,0.3356949525730746,-0.15967510374802832
-0.3637522290894406,0.09380478609365328,0.42493826448951166,-0.146737150846538
-1.0404880790641564,-2.102539625763307,0.0017399371044203304,-0.25858010239467144
-0.6624216793581006,3.0015581265966134,0.13231014797723156,-0.07664867093825549
0.1881222558883726,-2.463482675549848,0.19755187329505552,-0.058179711162744334
-2.1276916383055218,2.713985071798678,-0.03361638033626156,-0.17167846710839724
0.45236344460895994,2.598587284617964,0.12044074655424966,0.14470542078886015
1.9190879237953107,0.15934460675126516,-0.17530467841722483,0.413071547788846
1.6346393315597068,1.4131529154342521,-0.16848048807633628,0.3134382557023541
-2.1746110336415354,-0.4018203945477632,-0.29701137127752186,-0.32728549757650005
-2.20383057820582,0.8170313470399524,-0.15003404270816306,-0.38933888899390606
-1.4566034064127786,-1.0016909276065058,-0.08214070916302812,-0.39274926350330386
-0.8728932382498984,-1.2493547253492765,0.11419510466060685,-0.35762214247691204
-0.5751905458485198,0.49153224304408916,0.40120200121127586,-0.1757325186593736
1.1290709125483396,-0.01175160368685324,0.19396403588908112,0.4060440103543248
-2.785458995000827,0.499741746029573,-0.3795092068008911,-0.21786769634091077
-2.923737627836389,-1.3404511010996107,-0.3579106280906985,0.07034351650188306
-0.6791459627721435,-0.8359285963627707,0.24178677486526656,-0.3382058072132401
1.2388160135506379,-2.6144462200638987,0.12686418121937243,0.1364673145492869
-1.9262025488363776,-2.81313051941642,-0.10035024459150486,-0.1313060092739202
0.8890988775293502,-1.5490745404283863,0.30753467523567146,0.14098663258440508
-1.5090443148914727,-2.6750858779398783,-0.05709070494711933,-0.16987528463583548
2.4258505662032253,-2.4895569290391477,-0.07668623699593577,0.18730378245902482
2.4861932440147143,1.9661871589703228,-0.2764046943944393,0.037884617747948934
-1.2736820596368663,-2.89734201165878,0.010532709229413934,-0.15830467070285437
-1.6964992779448835,0.9986670275328482,0.07732388306051798,-0.39401666283904324
-0.557293579518646,-1.4290618108749242,0.19405166451879058,-0.2959009833252495
-1.6302881316732676,2.334490361971338,0.09648222823155868,-0.2023553604207199
1.0831196313655802,-0.09429625703698719,0.22302338309308078,0.39033413469883904
2.0487248351439344,-1.221599134121238,-0.03643313433968308,0.37678315684082436
1.087569933729764,0.11082870155814062,0.19396904197233203,0.40536877191782716
2.03795396453424,-0.7416796403651396,-0.09444205940420869,0.4122388185146716
-0.6472173329423367,0.40401550476948156,0.3849152110945274,-0.2170123678122037
-2.1594241599690567,-2.4219614181325477,-0.18616044497927778,-0.10079629711312998
1.4950898965180137,3.1226834250796154,0.00851905684802212,0.14981159949257167
-0.8766645392715495,-0.46774621546186435,0.22558402858766508,-0.376755427089625
1.076126332628208,-0.953595014670706,0.2912977330467502,0.2823713678501971
-1.4410866138527987,1.320787430365205,0.18771980619886952,-0.3154812299966451
-2.631211805664944,-0.8551452494069482,-0.40294082268809855,-0.09585663553941558
3.0949826999928547,2.0940242166171776,-0.23085768579549987,-0.11930481838070645
-2.1601496340009563,-0.2873255128065413,-0.2820398437459589,-0.3453461982063134
3.068839612989393,1.3795261962970438,-0.3383513613638197,-0.12299551897605206
2.9988382597131658,-2.4664441828329435,-0.16770921812851478,0.11882063556126474
1.8461135934583597,2.1747309812128437,-0.17721481152016105,0.17316239532882832
1.0016840129806557,1.4810597911621715,0.04306072304908229,0.34454495708505406
0.4888761149325993,-1.811336901874175,0.30172700437558075,-0.004508245881716777
2.3002838508537513,-2.228733731816316,-0.05033009173919012,0.23437818055859447
-1.3229905040331382,-1.154269215303628,-0.04451601440643939,-0.3833159916486412
-0.20306493086087984,2.9912397113360365,0.15310663325864154,-0.008585700513176989
0.7501493013482259,-1.527872277850252,0.3263530889511017,0.09927557378190044
-0.5580066971544246,-0.27566087613147383,0.35531839410529725,-0.26990912615645835
-0.45561604623152085,-2.952970012444411,0.12471176472017043,-0.09242979518954639
-1.0663528835540013,-0.6457384762119962,0.1238722803994724,-0.41113824949721106
0.4035804068457294,0.4481168730770926,0.374704304569914,0.23067400848726638
2.2027247234959955,2.8470659076314897,-0.12755510324976027,0.10052427083514501
-1.8753525099207946,0.10515567166771023,-0.11967320714968682,-0.4332218653966595
2.7296232860490033,2.0050104632530115,-0.27156377081033145,-0.02983847875600118
1.1880727677999374,0.2961117113509273,0.1250100490777293,0.42773302133470104
2.0311855001159067,-2.8853328564186236,-0.03475979022999039,0.15566222887350795
0.35305653433313333,-1.1623372872774211,0.3849989536658135,-0.004838432245894669
1.7562552314989794,0.47469155756903714,-0.1473046328226996,0.4133405157011264
-3.0398025550559815,2.831165386242219,-0.15170004254433236,-0.06155334571715443
2.000443207068371,2.2564825997510685,-0.19094668842477427,0.13802526181525362
-2.8893927639376664,-1.7067920137692871,-0.30790117289734675,0.07412792508580004
2.4498979974359214,-1.7586018036475888,-0.11548681515252732,0.28698342903988816
3.0910931051295485,-1.8775856224180099,-0.2471572137030052,0.15567069414400203
-1.293912295921074,2.6546388575474795,0.11328712759410833,-0.14187111074026845
-1.8201221909076717,2.2158667915082777,0.0643812496814544,-0.2328993937460579
1.667327188856592,1.7271435427188226,-0.17414375912308194,0.26107462348797944
-1.5517812659902452,-0.6739651542826297,-0.08566377516461984,-0.41890751497353806
2.296896194805143,0.027524776885110125,-0.30183044591633357,0.3337128877791422
-2.4954135895936727,-0.22411025703582776,-0.3763536194555951,-0.24208935063108086
-2.35019281433609,-1.5494453873056304,-0.31978223719427046,-0.11027583296426163
3.0105980109204378,0.031592145685753525,-0.4466892848453527,0.05407193056113627
1.0922620114263797,-2.949977192201667,0.09569383008240057,0.12243317980923613
2.179556711780304,-2.3134036514967042,-0.022896912189180774,0.22609010898156542
-1.1037710751280314,2.429014070557214,0.17153359251256298,-0.12237302487377946
1.1088801019438241,1.5813506143262197,-0.0012787820727491184,0.3339887669871504
0.5921388646671337,-0.48463207891933013,0.3980586459051113,0.18353607808861205
0.6481113191903098,0.10775890431486435,0.34831885156703124,0.2839928589324241
1.1468852678507648,-0.8168210896532475,0.2653017727612661,0.32206171717536286
0.473495649365955,1.5128645236085898,0.20643803607799824,0.27403336232631914
-0.4457142789236208,1.785600709039814,0.3050203951821213,0.01668803753451975
-1.4079192343405378,1.6542696386824725,0.19411869995047903,-0.2594495203176319
1.6875462721765695,1.3987107186857184,-0.18471587545465923,0.306253852945086
-1.7198810459739522,-1.8566539974607406,-0.18059406778723294,-0.23346850912071687
1.2085977502021388,-1.0180646457582272,0.25358481842943353,0.3089433749841119
-1.6755192906368037,-0.18946671985496533,-0.0748541626807929,-0.44191208089985107
0.7874726824041454,-1.0631589901335645,0.35602729719895976,0.17174054058818958
1.5524385377485075,1.6018365198442357,-0.14448090952618692,0.2980471405530295
-1.7673727603361178,-1.0722034291546625,-0.20180465120892196,-0.3388391981185349
-2.7649577863541754,-2.273054836919389,-0.2309873136046906,0.03177972251921135
-2.318660355982483,-0.6343475483095888,-0.35136288220005063,-0.24806328636172723
0.6659985873629028,3.015391312761677,0.10721812564127656,0.10825907737700728
2.1956365252442502,-1.722337878680584,-0.04197987241511794,0.3116907002966851
-2.8588692875335884,0.7047136379450634,-0.3707143954104584,-0.20888411952629826
1.4712157504680725,-0.4211427484322159,0.10445098230850082,0.428632717124242
-0.9970243522899946,-2.6953321336867613,0.03502239520585079,-0.17345711440666894
-0.13491023064285113,-0.07617353106614155,0.4439446857207625,-0.07177836681770322
2.6946040224333094,1.2702359393989022,-0.3725023615610548,0.019671993283663106
-1.0557541726312305,0.08306355788262021,0.23223316621155937,-0.3850421470769038
-0.21779446737321662,2.3380113524449486,0.21458394343899906,0.06310107074109537
-3.0556235061987445,-1.3261478358265664,-0.34758617025454835,0.11611731588303859
-2.6288927749707316,-2.5996731276963057,-0.18739317653395823,-0.01670266403560222
-1.5168137676115272,2.743022636789453,0.06685816557262941,-0.158380754688593
-2.966591863290791,-0.7653149070051324,-0.42003280176468133,0.03126062642487556
0.8254555183522982,0.48007023828042295,0.24279224614128986,0.365210280461981
-0.4624527631283195,1.8347097517517552,0.29807390714682613,0.013209985976663896
0.3025052303918905,-1.103869805809166,0.39073701990612186,-0.018372135296710834
-2.0442520212257134,1.3582018502108273,-0.020726238004423525,-0.3620222696070089
-1.28219687430981,-2.2907309260992568,-0.050878289688024506,-0.22488042258829938
1.0293395333510542,-1.3113400610748778,0.2986905837726862,0.21534597761653823
2.9235832365051717,-2.2323489108242,-0.17733001590081782,0.16050927604086482
-2.824814722456993,1.95551927169271,-0.18826847905262806,-0.2080330946411897
2.4528570289510894,-1.7426462501580837,-0.1178813961099725,0.28846749923857024
0.4830588344769011,1.3659868250506202,0.22447257016071498,0.2835777203125468
0.4016184826802198,2.785325976270144,0.12628308885550663,0.11047212679620189
0.0017500883249317312,0.17449793596948782,0.4476758127119829,0.026825570878393615
-2.70557675263147,0.2515108326706197,-0.3878551360307104,-0.22189360323885837
-2.5768797393055904,-0.24483331240104134,-0.39581367541837964,-0.20771983821523363
0.6340488312751931,-1.0939644928642083,0.376104153664082,0.11114256607517183
-0.999286767188952,-0.15296395199630197,0.2232355048314276,-0.38937777555803443
2.6217725850761164,0.645958776205894,-0.40918082939022893,0.13014652322788542
-0.5869089632145044,3.0535751056757947,0.13268400093790395,-0.07241097901125294
-2.2413286974781,2.7505558471122127,-0.05545272456875516,-0.16192189798958298
1.3491182198347325,2.275474146498964,-0.06688076678763542,0.2229932852429492
-1.298398746180779,2.4449792645156876,0.14245334980182703,-0.15223431634760842
0.16003466094789598,-0.2020095391532597,0.4460344058192106,0.04151134441029099
1.2430200511644953,0.9892518832202226,0.004439262071403535,0.4023911736556425
2.5149335824961447,2.482277428908409,-0.20084938723932472,0.03197582254973158
1.8358914220651394,-0.6726101805511449,-0.01915094291440822,0.4272365521253464
1.108109270416402,2.901339219347081,0.03693668695531968,0.15401522004705911
1.1286685723070766,-0.5291317774666431,0.25219863740166015,0.35579201333907146
2.801827171491693,0.6351211180092031,-0.4263546571314546,0.05631778129797739
-1.2828750306898964,1.3182418918099934,0.23509410970163655,-0.2823469411373669
-3.134605159676109,2.8311531160912073,-0.1568460787181177,-0.04691867649287334
-1.432851761758533,-1.60462327456758,-0.10793544932493772,-0.31273965858174985
-1.772540738557946,1.546486546110776,0.08607015506564696,-0.3275356365058789
1.0168366873817778,0.13078818502082834,0.21941577630474451,0.39190313090368883
0.8401347590462493,-1.4541983735040191,0.3228057433692992,0.13699089976794565
0.5872351865990089,1.737972031674059,0.14701379286630495,0.2755197199623179
-3.0395320898781475,0.3281222634957284,-0.4347723298598889,-0.09312058868844897
1.4374549103294392,1.011428344746605,-0.07554379281055179,0.3931306276496067
-1.1087911194352018,-1.1127454038285376,0.0428568705429639,-0.38789349014849483
1.03707736498846,-0.11765923073832951,0.24356402343518085,0.3775636616254941
0.35549275066804054,0.7373585055432885,0.3502358533649538,0.23760700062858386
-0.9881507386251043,-0.5974629746513869,0.16284795897424886,-0.40048649729241115
-2.296025029426188,-1.8951812258708192,-0.2736779099708143,-0.09441968743543183
-2.5483412230893663,2.9005727585146692,-0.10794741835312599,-0.11596896763184142
2.082991119671391,0.07205267910526736,-0.22976324404085183,0.38662039684563076
2.6288692889668974,1.4697650336416883,-0.34781467336336114,0.024541971913161736
0.9411460546205754,-0.5589069664809654,0.3158334073711769,0.29841988473841724
-2.491696942837278,-0.9102339717506442,-0.38378951697507585,-0.14291989945691816
-0.6155811513512983,-0.5833039158530697,0.2994409061282008,-0.312975103477708
1.4384674183381714,-0.5705343136085994,0.1365436572488273,0.41182636713512666
1.758166467054063,0.2775918553559733,-0.12314103823578537,0.4288250443793933
-2.398803142975412,0.2731292483719079,-0.30000131258287893,-0.3303983177282904
-3.141399641391833,-0.017883102226268655,-0.4499765245776153,0.002595471449279901
1.332896369785499,-2.2947085901798783,0.15650384909823462,0.16851607042321592
-0.9010328000368397,-0.024658495823173254,0.2764325398565749,-0.3550460398752704
-1.5426392898144443,-2.0790815110799956,-0.12459436599390053,-0.23059715938336067
-3.0605554609084544,-2.349058134426697,-0.2027016133756231,0.09070952084447287
0.2532086404519083,2.718393214412197,0.14259613298617405,0.10052946364970133
2.206345141433835,0.6594203805979597,-0.32241581754920756,0.282275243657528
2.8753844359603296,1.0021055898496058,-0.4006169092204893,-0.021765352036212438
0.4130877077146664,-0.6170485676334434,0.4216564977388436,0.09004931700982355
0.09086320197761166,2.569702730996677,0.16578438301655923,0.09662491138664916
-2.6071676220019904,0.8666428255390413,-0.28350569786738106,-0.30064849867560006
0.30707686857316663,1.6912441693260511,0.22377343170062125,0.2271812882188709
-0.7541136875987937,-0.8258463634170301,0.21728905167517415,-0.3553865790492532
0.6731508227282488,2.8903398906907762,0.09771134713578941,0.12561185283605564
-0.6991529760982944,2.013517669842539,0.2676608474520531,-0.04797570778642679
-1.6317487317983153,2.223923782311778,0.10618488908159711,-0.21571783664923772
-2.5449082315825926,-2.0596641625197414,-0.2643021308749133,-0.019441860074866424
-1.1629017095889949,-1.4390806071070985,-0.009683076740853155,-0.3524576647159011
-2.534355250778182,-1.3469477991182763,-0.3571678176389289,-0.0700691728680608
-2.0301163312876676,-1.4394198025056177,-0.27500761932407064,-0.2205917334579497
3.0620233912443435,2.2330953421853623,-0.21650502653828368,-0.101398936831888
-0.3512077099679338,-2.941254576812737,0.13339125987810316,-0.08066492246901552
0.20025621501817836,-2.6634423209492635,0.1772186406500807,-0.03445685056465926
2.347514450251725,-1.420534763029985,-0.12024489244227198,0.33393693073026487
3.113751234258232,-1.885753715970131,-0.2494650799682393,0.14962398795272933
0.519710212813953,-1.6847757343127483,0.31959249081916485,0.011166460117937343
1.9633309212630028,1.8720322690905613,-0.23008550596014804,0.18126664066785364
-1.0873616131633517,0.3966360872348016,0.25506450394573604,-0.36118557042924115
-1.220546712398033,-3.1053345193411066,0.0463962700541989,-0.14285145780719444
-0.6113305506902251,-0.4440781600794894,0.31959634171627477,-0.302702522155207
1.0838950982128415,-0.5787760741835974,0.2716343780694331,0.33772283517757606
1.1447441450178655,-2.425653410793218,0.16686033953390914,0.1294398930134718
-1.1608848695567644,1.1067314981210084,0.2693385462757649,-0.2832658700174857
-2.3046100154840206,1.2698140846483232,-0.12430678351469698,-0.3517514502978081
0.8318702133496636,1.3879130284037418,0.1113914082473819,0.3412621467318152
-2.3352974817541954,1.4355252882511724,-0.11438485645492553,-0.33399611327089634
0.49318297443019965,-3.1412607321849624,0.13214813881318882,0.07097094029207998
1.2153070730868087,2.8520685253528715,0.014233351395938176,0.16137913676871884
1.260479206596929,1.9742319085448718,-0.05774195359942287,0.271723442407246
1.5926122414761767,2.538291860379279,-0.08893406191067559,0.17458141584728715
2.3427448392248627,-3.0433029303582515,-0.09458745182728028,0.11826919805757292
-0.00025766108431746204,2.7260152110715863,0.1627830956310756,0.06051580267168763
1.4466983246422096,1.9464587317858815,-0.10814471272767964,0.2603550021933367
0.7487843798670264,2.1188103643377874,0.0753505582059753,0.24481199479240817
-1.9688993261201115,-2.555450728559511,-0.1443410292726038,-0.12918351200900957
-2.9801798543996663,1.500286602978635,-0.28248367414726855,-0.19759451428656946
-1.353766399819963,2.8897417868858595,0.0698211389500802,-0.1430533187319138
-0.35792977934394754,1.121846032234564,0.38930710119753664,-0.001337570653132919
0.7357983494175224,0.4433503807912813,0.2796453125688072,0.3399959657523033
2.1988593235281444,2.799973843675672,-0.13389208728215596,0.09886195889895888
-1.9085444497846857,-0.3585366383035691,-0.1956147357108784,-0.39813552280099057
-2.352740058380198,0.6238798769394616,-0.23500894852181953,-0.36099364725134653
2.912130396143061,-0.14867088665899386,-0.4315399750273601,0.12361409377578758
-2.4627286655952596,2.7196530183192342,-0.08840954571166551,-0.15025672606841114
-0.1351445922756649,-2.6635382162759846,0.155997516053831,-0.09085441784433687
0.5376127635815733,0.0070352877742645425,0.3859765342635626,0.23134365718502536
0.25996315353867994,1.174656832854339,0.3102832132292164,0.225724831344134
-2.6010366685754374,1.8341028732842526,-0.14922054137284207,-0.258473441892266
-2.783281985408458,0.5216215458429194,-0.37652768700790856,-0.22081216040538382
-2.47882073201567,2.569305961708941,-0.08710055545843781,-0.17103701640154834
0.5377632777839301,2.777114164959789,0.10990339591950249,0.12780204502856682
0.2786271464324961,-2.7374630554506645,0.17205472682645592,-0.012129330157156296
-1.6729559433760024,-0.6134239915015072,-0.12900330042939576,-0.4116424463195542
0.865660463753497,-2.9941952729906287,0.11505087569290248,0.10118891572436042
2.011043426221728,-1.0718067520344814,-0.039288262239812535,0.39246006557416563
-2.8803443439938654,0.23164984545478173,-0.42196527397949724,-0.14846316838201443
-0.011749911222536547,2.58110067164397,0.17387593172017102,0.07770282920453538
1.1894723998197358,2.177465027054196,-0.03456268075987069,0.24493546029482494
-1.556270060599368,-2.340488244294959,-0.104865975535233,-0.1971569539372659
-1.2078110234745187,-2.5570655698963862,-0.015274919477541699,-0.19289659024555678
0.7140080024015956,0.5608832312869132,0.27046383103522953,0.33994120363946445
2.500301188973885,0.20180317264942182,-0.3761425749358377,0.24329071249569684
1.9473125639833277,-1.467892570795515,0.022784497961284594,0.3481750541665385
0.5223225712291231,2.5098377517762227,0.11089610182673437,0.16605041702181061
1.4465257144059942,2.685222344710928,-0.04509868855499437,0.1722698161585866
-0.8493454690511903,-0.6119103797084433,0.21454065391687557,-0.3743554452374449
0.8857125349689259,2.4523432922102915,0.042706903970901294,0.2030295439526738
-0.21248732973952578,-0.7291706024488351,0.38152006516538417,-0.18454780415403732
-1.9481887116971894,1.4879640382451909,0.023843626383255087,-0.3455110207444172
1.267558958321354,-0.15115950522746235,0.1554214990241452,0.42109132044155095
0.35477777976534197,-2.3713799657161654,0.21663934455603767,-0.031124924799460607
-0.8883067990214877,2.6887898856520858,0.15506718056444369,-0.08674081007861281
2.5845203553692038,-0.28841961003975225,-0.3541464800967597,0.27085565188172783
-3.0100597120420964,1.4733255264777538,-0.29230026891233807,-0.18925919004335034
-1.1575314292571626,-0.8345715375740141,0.059137473625120375,-0.41162766027107933
-2.7841962908214466,-3.022960594732954,-0.1477199662280281,-0.036212975903196054
1.6746405172457353,-2.509941780931756,0.06954585244930421,0.18715910874162323
1.2698785861592539,-0.023753710922397975,0.136768662880203,0.42868280033445805
-1.0596452613244094,1.1935812575841762,0.2954110490273666,-0.24162421484282512
1.1037225661640058,-1.0383885678329063,0.28476259637286694,0.27766004606904315
-0.6538456913899608,1.2282902144281893,0.36404930630467636,-0.10096774147282957
1.6100900571745012,1.248064217001823,-0.15580001741740301,0.34171720246369164
-0.2878725371215132,1.2813670965285642,0.3695197638433492,0.04051685951618686
-0.5511627252298732,-0.04698657694328556,0.379531738811025,-0.2415705472177126
2.731488617587516,2.6068065625957377,-0.18724901535749203,-0.001953463911611164
-1.5652727792781056,-0.06788027949057485,-0.007690393506744274,-0.4497038909071242
-2.3847996966345093,-0.3124930054773425,-0.3535492718919711,-0.2704518833389901
0.5312000470550471,-1.8888460210487894,0.29039093608731364,0.0053651147720291115
2.9488359152828485,-1.2085387290334075,-0.3197475183459172,0.20531995426937755
-0.7675588574228467,-2.8755971922118855,0.08435757460864679,-0.13619464897445221
-2.75180417185246,0.8390269948390325,-0.32779992065418306,-0.25531166569967906
-1.0096747833816768,-1.579996519038135,0.031913026603573286,-0.33264628828849263
0.03726968326791802,-1.2305288275052508,0.3550865020267077,-0.12825798242334416
-2.124200397423925,1.7015778234921308,-0.02087341166218834,-0.3167451502527076
0.9933855335250543,-1.0856013233518258,0.31311956869599,0.2375508652302641
3.1274516476865086,-1.6198309834335645,-0.29049995826481617,0.1539429226050712
-0.3032298154301798,-2.0793714881680407,0.1774835312717118,-0.19280976447351622
-0.9127673979055007,1.7269862741445232,0.2864330535169968,-0.12828131362517375
-0.6238941200098349,-2.3266241991376115,0.09621278563002617,-0.20374709425088222
-2.4181078773191858,-0.2905736941072834,-0.3610132614845359,-0.2615274272757598
2.4081790611110545,0.04354320351327701,-0.33856736980975066,0.2962884221568859
-0.535166189776894,1.1774055461005473,0.37816862827898706,-0.0631466819687234
-0.7082757618786082,0.837444817884407,0.3765957899441331,-0.17583603704501088
1.0033635765762545,1.9523155668860763,0.013825500290417875,0.2807117276844575
-0.3642147579130284,-2.8604111014692357,0.13083792089924384,-0.09442402740041103
0.931378353245722,-1.2790006472062172,0.32004635482248034,0.1896334684497196
-2.755514226259335,-1.381458074460626,-0.35954552684807606,0.012877322824258575
1.9711819037947507,-2.22414137777363,0.028294363128792743,0.238732681025982
2.7677679644863913,-1.3246320978031412,-0.2601841402638765,0.25833296179267473
0.9347204885335509,-1.1952797830932334,0.3231498958387792,0.2026867690405137
2.8561219653501206,0.13750412963826264,-0.43621969873319877,0.10659681900547595
-2.1901153609082398,1.0285855767089425,-0.1144537579541201,-0.3818941207754436
-0.14189826643716952,-0.747067505905449,0.3915171005202393,-0.158889823276513
0.6396705748979756,1.3789721327515414,0.17573393763983403,0.31428661807992414
0.5135665021349185,-1.029403537443525,0.39178138491817427,0.07339656287156222
-0.6191339018233397,-1.3176865173716308,0.1906285550246748,-0.3141626715655894
-1.017345660073211,0.25879218739214727,0.266562536136509,-0.3583955836440047
-2.344733818503589,-2.9925783669766726,-0.12193173166926578,-0.09289801799481401
-0.6802022440183615,-2.6402628042999066,0.08562691867235428,-0.16199707030032123
-2.1195646100651535,-0.5154125584783689,-0.28764979155704795,-0.3287333992923079
1.472562975043111,2.7829026405797572,-0.03675574570263279,0.16394157676380433
-1.8294691880056175,1.3917995604793987,0.059121932812228994,-0.3535935778733743
-2.773615987915523,-2.587877086931748,-0.18924618962051035,0.011575365388516043
0.3290261477269878,2.175980249516418,0.16328777661209498,0.18610454346271127
0.5983460574291835,1.4595887887318186,0.17766563358271628,0.30153438290413653
2.3367986821858535,0.6970975801775325,-0.35710887161881444,0.23232959692984326
0.48368973606577237,2.0124600240926327,0.1457605003987364,0.22974748490938704
-0.9708724295627791,-0.6024955957646654,0.16898814407590512,-0.3976130789901846
1.9038798019070189,-1.7498605053400271,0.05013679411074112,0.3065232625667094
0.25307974986465975,0.07554518179065983,0.4324168202285624,0.1235273141785978
-2.6434599340460734,0.3068818011217709,-0.36750799120909133,-0.2514619093964011
0.41375127302973436,0.2408116974901784,0.3936828352434689,0.21193595574697888
2.563656129650176,0.4088706905102657,-0.3991388679765321,0.18912826144755854
-0.6514869880096077,2.819296149539638,0.15422872255053793,-0.05785805941348948
-1.2797227289547606,2.5273837889155386,0.13372541599793725,-0.14514422206853095
-2.2401474692251364,2.360699763764184,-0.03723182511237466,-0.21722825292439674
-2.1900323753274122,1.8938576776380138,-0.03065497559869515,-0.2880761709152211
-0.4224092218069764,2.7861409683596943,0.16676872821558925,-0.017724165216493976
0.6011740653652486,-2.5227325681538484,0.1958595844490067,0.02881666085946538
-2.635071124295822,-1.4757740726823907,-0.3472185912644956,-0.021872103105656515
2.7618909000605827,-0.03106440962100976,-0.4161548390814578,0.17108982585624438
1.6030517964992326,2.177340435623905,-0.1300967729481015,0.21040912747973356
0.5442741306102343,0.03245712274076107,0.3823884402066011,0.23713219739456404
2.063641031553458,1.558448229901189,-0.2749550106470279,0.19496420850763502
-2.6377644013575403,-2.2684818186427353,-0.23382543619301593,0.002355781239921223
-0.14552562312502282,-1.5556298925662941,0.27733040234619627,-0.1922310450649412
0.8173992232622536,1.456292154896163,0.10827174719778722,0.33325680739043007
2.0649871108843065,-2.106538349353654,0.0075747073821015865,0.25787495499055685
1.7810917747342199,-0.9339582073756065,0.0366954345502736,0.40579861350896845
-1.4007152147192887,-1.4773888741279209,-0.09404440119204907,-0.3347388564880125
2.7701318036012372,-0.9433467969061593,-0.3175197246856439,0.25400512572787337
-2.360304689702466,1.308938604298862,-0.13854430356966896,-0.34147366105911003
2.357034040749533,-0.830340649745918,-0.20569675914659125,0.3618080075222765
2.959004856875226,0.34722969663613545,-0.44298469870543794,0.029887624985817558
-2.0285042393622943,-2.5137021519626495,-0.15797227906183364,-0.12128723427456994
1.3952822318284221,1.916482688561624,-0.09544903391142115,0.2699882506854704
-2.8884712739117657,-0.8175138756246447,-0.4171776951390743,0.005107266139305663
-0.594245915480216,0.933267645652573,0.39003334850258964,-0.11808053072878452
0.10231098627123458,1.416164633552686,0.3062757643466927,0.18043451429618024
0.5067088985295913,-1.8242542282878336,0.29988681238860615,0.0003752462509871435
2.7390745130476493,2.4169842134984165,-0.21163471963266178,-0.017956432858880322
1.0822829875584699,0.7302585100347501,0.10488447954119168,0.41054771293644243
-0.11763410181958944,-0.4478331421183994,0.4245774759288128,-0.11558045505599207
1.9457456378661417,-1.9959469071492315,0.03994341847982637,0.27163082810282313
2.830781201022914,2.7790587543726124,-0.168364734655779,-0.0017913071434717681
-3.002946952403183,1.6026407925285104,-0.27167140687585467,-0.18928583975899643
3.031770568240743,-1.8345357774917856,-0.24345263667810654,0.17253546725473648
-2.600408462948928,-1.0196932757663104,-0.39028213504949516,-0.08547696212416332
1.9753503922729934,1.9457407484307208,-0.22477258135874273,0.1703449839318047
-1.3801974552669332,1.2294790184578535,0.20513360577223966,-0.3170895565514049
-2.31108337008264,1.6699719628705578,-0.08213522658954135,-0.31119547265017183
-0.3778981608597478,-0.36944437065405733,0.3888573171544228,-0.21264411165085606
0.9045058648570761,1.3601604727864123,0.089494660666339,0.35115247762312857
-0.7480016181953402,-0.7131809727741114,0.23632402888954387,-0.35315232594541435
-2.7987480819876835,-1.814188597931816,-0.2974339331694638,0.048408562476624714
0.624932771338985,0.8336343959153867,0.2600997928388806,0.3245691627842061
2.5283743520195214,2.9908837033352205,-0.1370213058118151,0.06888629820412781
-0.7337794967845728,-1.1900291937229512,0.17093569938612693,-0.3416547027854169
-1.782333723718432,-0.24523528474339873,-0.1291470753867746,-0.42793487059087787
-0.3607971763341906,1.0932828581352068,0.3922118819345303,-0.005598082911107
-2.8377207781127214,0.26079166198766623,-0.41297083908457227,-0.17003481985713084
2.013682881939939,2.157820480076171,-0.20579909962472953,0.1424675668488999
2.050459788495284,1.6445779275506816,-0.26605200895064696,0.18730191543711783
0.5529232188460358,-2.775300518832178,0.16433125036940643,0.0382842292838142
-0.9229817698894389,3.131672973776176,0.09170770843313421,-0.11871867662577752
1.8835944308226091,1.5858913887062318,-0.23432509238975457,0.23713550366307362
0.3436087106436343,2.286471970173098,0.15166271137654908,0.1744905507732593
2.0478930922165857,0.9500032431166492,-0.2862146391772942,0.2879798967844155
0.8259799540572041,2.238605481710014,0.05379558367844628,0.23210338475156253
1.7869722905721055,-2.435469596740594,0.05519999558017387,0.2024190310637917
0.6192895508174705,-0.9566913944530704,0.3858300042814129,0.12448155660876056
-0.5394675786774603,2.3651225421704245,0.21957839691876962,-0.008948935284207565
2.877358698571628,-1.8745555930414606,-0.20889663744639342,0.20479829633026347
0.25832578040071175,-2.6499830493888976,0.18028577309344335,-0.02560004904300385
0.6602969188324876,1.8103046901839575,0.11946216678116511,0.2772697891785566
-1.75622795720433,2.1079216839001225,0.08550735411731045,-0.24318377532086652
0.7894871939649795,-2.119618626078841,0.24701511065439727,0.06732071593039543
0.44992413111289853,2.226421472678468,0.136087416698351,0.19776570601145466
-1.9802187474064326,1.173496669150456,-0.015643533263199685,-0.3835087443130614
-2.767195879003041,0.12618322011518224,-0.41081417175393625,-0.18170351466678902
0.6557089442991066,2.075023158977224,0.10026814167768458,0.24282615643788252
1.6568273923987755,-0.5073719302227961,0.03557016803363606,0.4357716881547966
0.14703514994502154,-1.922692678165304,0.26624824808785535,-0.10291160789448048
-1.716738226110854,-1.3518105011992072,-0.19322733587156127,-0.307757659440892
1.0462884372801788,0.032446483866562126,0.22110269263748686,0.3918752717643333
-2.6382735291353954,0.19685717618638776,-0.3775052272526187,-0.2413535873640661
-0.3654696113614295,1.920020958851354,0.2826234489381568,0.04276382891417678
-2.1151290375392824,1.8306231524591023,-0.011384138423360113,-0.298744395635728
-1.982602254194045,0.511241156723572,-0.10518876147281969,-0.42417889888558
-1.8705422845076338,1.7642272235512797,0.060569830878013764,-0.30254069430294844
-0.711840554588413,-1.9366444781319825,0.09501834590195213,-0.26697337686375805
-2.820206433176496,-2.827027952546312,-0.16396344418094494,-0.0056732113414940805
-0.6421827502516728,2.3476105446436915,0.2201033275063826,-0.031040807894866934
0.07356005969567025,-2.6668697684881675,0.1711755914185725,-0.05613527280513413
-0.10496510324551478,-1.5916035363711056,0.2795327184058567,-0.18024690177625421
-0.736489218115453,1.2272251544936825,0.35454732453681514,-0.13081608259937766
2.1309209848099453,-0.5689553878349005,-0.15806295102298967,0.4041508177478774
-2.2284781150322748,2.3644504066595458,-0.0347696507834096,-0.21709037880586546
0.035793696825895616,-1.269330385931431,0.3494431952842955,-0.1308139337289133
-2.7517749341317685,-3.0670027826204396,-0.14338044482624468,-0.04682196261426304
-2.6945083375417216,-1.2525175502978587,-0.3744332807613637,-0.02153185270947673
0.46411282139346755,0.4905600018954579,0.35494708434220756,0.2567076012051507
0.4148059972582958,-0.779502176850857,0.41469318194698757,0.0674038954954733
2.3752546135257777,0.21911198660427322,-0.34423219290559015,0.28609853957892256
0.3636310285798485,2.3662357669756613,0.14291873459680213,0.1667297845844444
2.888952183780864,2.591720032171426,-0.18624147515409736,-0.03287726334931533
-2.835633897588017,-1.4704283184642426,-0.34535325872433936,0.04742455968690695
-2.5257922085847526,-0.23787842208733245,-0.3843084176586955,-0.22863212480631429
-2.864718679622563,0.3087809545008957,-0.4135769292393522,-0.16491679850441776
-1.9774638698135831,2.8218567903915597,-0.019037470683471933,-0.16339801739421955
0.25930775469442313,3.1329050136789363,0.1446564903269389,0.039722741142264976
0.9146569914788971,-1.6624852864651443,0.29299383767123366,0.13569879184523137
-2.8551726589412567,1.4261565926655404,-0.2665825727034152,-0.23325086514939886
2.802117742507675,-0.7663534377086894,-0.35013802066855726,0.23397299352988132
2.149888467195243,-3.090647350046619,-0.07580304413212866,0.1298871330022033
-1.2779214637742784,-3.083457340566182,0.03503477323334638,-0.14637147602235645
-2.6566090977733694,-0.2477710818882657,-0.41120430499198435,-0.17510725496264562
-2.0741606912600696,-0.07329390321813634,-0.22649644536638514,-0.38853278961318277
-2.3439773782560227,-2.9997830676920367,-0.12098676921633467,-0.09362496617375334
-2.3669778228850795,1.1744995985853324,-0.1590034430423392,-0.34922533092132124
0.1166265295009814,-1.2943148821089734,0.35542122460303327,-0.103649750290081
-1.5968876151075821,0.37631945557209256,0.0436403214589445,-0.4407920600453032
-0.8913344487764108,-1.250862354426735,0.10739076396705141,-0.35954495322464275
3.0756527185064195,-2.0914567820774357,-0.2163180841232581,0.14469174065511667
1.1580805807515668,-0.5832446017559585,0.24622178039184484,0.35636504686093595
2.8210287303974084,-1.6821760606889544,-0.22192185299248096,0.2307536088336854
-2.2458834015635833,0.21866098685401258,-0.25360101812500774,-0.3688407710782227
-0.7405395200284706,-1.892316153445671,0.09042733948960718,-0.27546705423515494
0.34389006221913165,0.05281630894601541,0.4207858643351502,0.15910297056355505
-2.659307526922893,-2.1527542812999805,-0.25085503413323645,0.010114057050023412
-3.1152821693119654,1.0742657825403823,-0.367858540688658,-0.1416125253237554
1.0708705019517337,1.5955375278215618,0.010426892103677032,0.3319108298821741
0.8910783042380874,-2.447965222953268,0.19065846625256397,0.08333950812400676
-0.5605304382464458,-0.20230341161361265,0.3625240895486739,-0.2631365747852375
-0.06506818931780156,-2.6962926253402615,0.16007835112767207,-0.07517704920965079
-0.5312872962989754,0.6168984992524691,0.40809731518301817,-0.13916708363089933
-2.9907645085222003,-1.4802914536831113,-0.3324436786355608,0.10057595939493125
-1.0343907049590153,0.173569581327786,0.25108716919755497,-0.37162204666551696
-2.0289520283153184,0.10971075761190319,-0.18390392181201862,-0.41004664410848923
-2.523175234757008,2.6662969930426863,-0.09597275890742829,-0.15252887472155763
2.8696591197022485,0.3083989828728253,-0.43887628963640063,0.07510972098700287
0.6242955645103385,0.5214948282843639,0.3052614526390017,0.31201319991825116
1.436689805509701,-0.6179316352042843,0.1425807683889862,0.406851066317836
-1.1601038154829686,2.8216503644723137,0.10617944821715534,-0.1256706148584612
-0.6713763859931667,1.7416104335481668,0.3068776985726608,-0.05502234407199866
-1.6529552962195941,-1.3483383269676545,-0.1731461047830974,-0.31996393694414893
-2.532339374479026,2.1627326119395924,-0.1061522472794505,-0.22586389234082496
-2.016703699696531,-0.4247661963969036,-0.24409747707878032,-0.3673126482931176
1.8693358780864413,2.0650765672029614,-0.19351332239161806,0.17987984724405592
1.1155531944820698,2.0287655665653306,-0.018095233496915053,0.2690373306302249
0.29486282407440134,-1.954886271157162,0.273686289132692,-0.06222070597670848
-0.1565149448034986,1.263807001378769,0.36339576364930415,0.08741068138023309
2.6542328843170946,-1.3154290192079494,-0.23058414343537328,0.2864699403906734
-2.6845854983883894,-1.2723910804982348,-0.37205148768824503,-0.023180982921708573
-1.3785257466706764,-1.2795827711228018,-0.07548065848942764,-0.3642018820423346
-0.9428682736083212,1.4172870988349144,0.3096745461079815,-0.17425070456670133
1.7745337136636499,-1.6975530445916889,0.08885652087219731,0.3053308681928597
3.094560624972833,-3.1359011228808336,-0.14979641890410864,0.007905098864104695
-1.6294152113963012,1.3523730353656456,0.12670470079461585,-0.34051149318229423
2.3518423422196646,-2.0660071863116327,-0.06729282209811066,0.25534707546851254
2.0773640705641876,-2.485110402532677,-0.007851144442724584,0.20284325920042295
-1.7300285935778432,-1.6492348544548998,-0.19335141943452744,-0.2608888612091428
-0.6325120530039241,-0.7546072735419291,0.26936039153194286,-0.3248286241916324
-0.5675421005009338,-0.15138500921638176,0.365844349185383,-0.2600549869742734
3.0047490780756707,-2.861550828643795,-0.14873076016663428,0.06233146780195678
-2.0050153166581204,2.9566994495147636,-0.039163744652420784,-0.15000057008541307
1.8796649685712215,1.357564202670126,-0.2405088502322307,0.27147980774363606
-1.041797902130842,-1.1109044509762849,0.06895808742443714,-0.38430637768227566
1.450601164444242,-1.1391587291757523,0.1787556719595594,0.34380037581034256
-0.5025856825455421,-0.3233166977530151,0.3645860734120276,-0.25478189492852676
0.492348912287917,0.7932196154921796,0.3065738980793986,0.285748770189154
2.089861407157694,-2.2219035522311716,-0.00012630969566568284,0.2407361853808872
1.9111286088567185,-1.954511623653669,0.04971876543307699,0.2762877293643851
2.302304763026613,2.2583940897519907,-0.2230642373165832,0.07497272294158458
-2.767005950930886,-1.5314954809175492,-0.33952342536274643,0.02756826606042599
1.2066892130950384,-0.7527570284489853,0.2416439928847243,0.34610806414717865
-2.262026024980999,2.3327698388591447,-0.04162072518410004,-0.22053608200614416
-0.5289275365640576,1.0250880445832067,0.39091714797691735,-0.07997443520034646
0.30529001557076185,-0.9945535940213732,0.40188513165607054,-0.005224419209321998
-0.6111058404074292,1.154218286632502,0.37411985137788706,-0.094611592482829
0.12322379325462585,-3.0179193639072435,0.15227395051165135,0.00021420910918392572
3.1197668080715983,1.4805864991281243,-0.3166987639701478,-0.14251235107466562
-2.2919972147928913,-0.08158062345737926,-0.3059797908924491,-0.32951030441659546
1.1024228461136643,1.9677814662886801,-0.014187279983386841,0.27839027913752046
-0.6534451999667783,2.856572615177668,0.14954421612665564,-0.06137984813143152
-2.3058674393843535,2.6753083581495796,-0.0613125663912141,-0.16837079998829782
-2.1442201542470887,2.5714881077808123,-0.026238231194585376,-0.18985664417519413
2.822866180073393,0.07646608831282276,-0.43051030626995146,0.12999187111552574
2.3851065467227235,-0.878753013535424,-0.2085159682879687,0.35559970251101714
2.5575200650852397,-0.21968953392254242,-0.35436760357613395,0.273423600852143
3.0883915150758323,1.193151777910634,-0.36222144907855547,-0.12033911864600083
-1.832708455828888,2.412729189626666,0.04778931012933445,-0.20756280021326645
-0.9083014314702722,-1.84105935579202,0.045917032816785386,-0.29387579460321955
1.0632345225191049,2.6275851088095967,0.017875115377619516,0.18387544734060896
-0.10177164356120816,1.9803358026266604,0.25300790389255245,0.11247300529254638
-0.512773684789325,3.0087410788224487,0.14160757487343065,-0.05692413036845262
-0.8933982690208233,2.3891923549124794,0.19927010083593777,-0.08418355284099818
0.5892410887251156,-1.3826945367385175,0.3546169938220952,0.05980211702387696
0.47496752015069177,-2.47585202822405,0.20424962944584968,0.0008535209621530759
-2.12712316286832,-2.4363611991901575,-0.18067439857646708,-0.1064200310168627
-0.17756383768265138,-1.3117825771906888,0.3074870580084522,-0.2024923908791775
0.33597307863052395,0.7174374968587065,0.3574184453958706,0.22927367701774953
0.44162586072370447,1.9121010016098552,0.16541342178031565,0.23455039593632446
-1.8214502261501573,2.508563662713507,0.041550787387330576,-0.19547888875481728
1.5222360521495109,0.7775654463825115,-0.08535684011744131,0.4115219725993584
-2.9832620712558233,-3.106210072071089,-0.14905313241347173,-0.018425378120783206
-0.9121183523217242,-1.9709298208874808,0.03860710695967812,-0.27559168118540844
1.7606279961649705,-2.5149944347975155,0.052697758139299236,0.1918867346169537
0.4014510628080892,-0.8587576469558607,0.4107352336251912,0.050996376128467316
-1.5006606948502756,0.00848854334964555,0.032804923095630115,-0.44879905809681764
1.2249265750450657,-2.868920138771931,0.09073473167747596,0.13263594314262211
0.4234297901584001,-0.952040956194848,0.4030317629252622,0.04761674187258856
1.861353494282219,-2.0157735546387476,0.0622693094565927,0.26435425810444857
1.4767067966850451,0.9240691077622154,-0.08250240877335528,0.399906677952367
0.6918284779421451,-0.2244833241216453,0.36493937288948386,0.2589615544273859
-0.07428185678379995,-0.029420091987891528,0.4483668768619873,-0.03779149587857672
-2.304784678416665,-0.45432589501658427,-0.3401120704557389,-0.27873628330777245
-1.49958887533145,2.8652563447134867,0.05189818476411533,-0.15238453436081284
-0.5083130031104539,-1.792372070490617,0.16205203647984168,-0.2577985590601506
0.6239158211319502,0.10470463260605412,0.35539314842930764,0.2751414597773185
0.08612899448174849,1.4829408611522705,0.29914692769366863,0.17580654051769307
-1.3308758743243634,0.35716398140232997,0.1556226708963783,-0.4154538177040168
-3.100975895705132,2.695617725608977,-0.16190839399307283,-0.07133386683840769
-0.023629665696368818,-0.766747434845648,0.4054528583832935,-0.1136810363860477
-1.3469516389068628,-0.22823164346110536,0.06593596538931827,-0.4425139207817144
1.4740874279668041,-2.5853905432750914,0.09549155788494738,0.16415659584672831
-2.9911338314804663,0.6848616130571132,-0.3972517391129571,-0.15619426741767375
0.5329888576367474,-1.3307034480833468,0.3631393266557838,0.045068672244730754
2.7738644425964214,-2.1343412518974993,-0.1595868736386514,0.19737087390199437
-2.0457469090388596,0.27979836528731594,-0.16627572965207887,-0.4139473208979274
-0.17813150316691795,0.20301137213975684,0.4452065242081116,-0.04942569060807537
-2.567171337851258,-2.6648770722192565,-0.17736437782004977,-0.03280646888675878
0.7896827444987644,1.24542442505241,0.14405018640295708,0.3471585394346153
0.31749991306929637,0.7776836097348694,0.3536881668436899,0.2270095670567762
-0.5820395772042151,-1.9539620398339923,0.12727808290916676,-0.2503058636259767
0.1343157872350731,-0.19204642502563063,0.4470480637238604,0.031518901349940974
2.4917520672922473,1.3843297116530433,-0.3501800654150627,0.08098663457091208
-1.9082391774258287,0.18495021247489918,-0.12210791910824816,-0.43134063427872227
-2.9998156451790736,-0.6566615009631569,-0.42754238027736824,0.03147439340389988
2.2724074896641904,-1.1162803898366853,-0.13320165888776717,0.36642842184100377
0.4845409189922516,0.6936251209006601,0.3228596459870851,0.27832653040344113
2.4545794674833195,2.7590013214776574,-0.1598724707886952,0.058717650118974174
0.6091248033508885,1.0791046582720254,0.228470211195405,0.320611863764187
1.9487996032936081,-2.6719502900902343,0.001739039552647731,0.17955850789028005
-0.4418752900702918,-0.2470235969684329,0.38697736082629614,-0.22364375120737115
1.5699162491233514,2.455620440798797,-0.09485193288769356,0.184013010059123
2.5952160760182466,-2.5480677277158623,-0.10649054304492472,0.16294805670326812
0.453161945969613,3.071696691539569,0.13060294006558004,0.07525043259261358
-2.0056860518200006,2.821586216056957,-0.023611161653678533,-0.16282354766017437
-1.4526874282271374,-2.6497795863407254,-0.05057017691484313,-0.17495606672274566
-1.8934719666771076,2.723216206984561,0.006128097545575112,-0.1738532951886922
-1.5905442048262584,-0.8599632979134753,-0.12150720168089674,-0.395547563930296
-1.2163276043345308,2.165871573821173,0.1914357453939765,-0.15937678378395986
0.3464157988568064,-0.5128126133010107,0.4301069017978766,0.07701411136216593
0.5528677134019446,-0.37161828686234477,0.40284951653082524,0.18457776277206528
-0.46181570820392404,0.8434742168204683,0.4077807097865181,-0.07780327971123124
0.7252101479134834,1.7245924879474295,0.10899220959814271,0.29467532294445176
-2.629042279554191,-2.929289156809684,-0.14915954321128885,-0.047666535829239756
-2.590002892362764,0.5853163823717775,-0.31856830152838067,-0.29331313929403136
-2.061956312929956,-1.9683146487115393,-0.23606049845784055,-0.14810002664646496
0.11358427007766192,-0.9679277259258545,0.39657393832530735,-0.07911892902182979
-1.797024432577933,-0.9552410430444582,-0.20606570060327256,-0.3492907166316531
-1.3616642518120978,-0.19439961573158282,0.06449307812977761,-0.4434471640601439
-0.6263529230722482,-1.0421516598957141,0.2284183065125267,-0.32514272406734845
1.9595126481890652,-2.4670228515781902,0.017393344630362045,0.2047184842706586
-3.0544942848959837,-2.226580303383579,-0.21808405107262263,0.10029494419482646
0.9385748085145664,-2.931495594010621,0.11582660250196455,0.10518192437392246
1.0610825385622915,-0.18693050993752447,0.24262535352522563,0.3769152100951295
1.8765096110410724,2.8553790791819296,-0.08736726771393705,0.13611827166215856
2.719066908342543,-2.4147837879592347,-0.1305075417462976,0.16796100970856473
-3.0150628169534133,2.803962505552912,-0.15093158948946753,-0.06928813297291916
-2.175341134625521,1.4662536406258626,-0.05667283188962956,-0.3444994960329361
2.426385800867143,0.8639304583507155,-0.3748314348078059,0.17450568634181532
-0.2606355605872288,0.912807057709041,0.4090830821272158,0.013728640887927995
0.40583495352807963,2.0528903598528574,0.15926694265628627,0.21308880946266967
1.024330131103853,-2.4697953326728657,0.17465188526565714,0.10748643137788705
1.1251086583735272,0.02987229597258967,0.18991393613396015,0.40791242186911403
2.712704958634073,1.2383601440952985,-0.37631072773011204,0.016169350054396528
3.122425277892458,0.5455089448490078,-0.429642506125121,-0.06960615615605974
1.3832901237872477,2.0909125695904365,-0.08585618622469471,0.24576497754499957
-1.3369285720016353,-2.6874961134049107,-0.025722361708968036,-0.17595217328030527
2.386054714461971,1.198209969445033,-0.3539123850061604,0.1414507807459206
-2.8323285265413376,0.2138025355899269,-0.4157110395718389,-0.16623819310294002
-1.6896688340382309,-0.759254683973495,-0.15100946391990866,-0.39367191470504037
2.4968481012510315,-1.0035818848161355,-0.22815812530465154,0.3298476941437859
-1.5318938942403513,0.759213822874635,0.11907414645770105,-0.404481536948513
-1.7552011577608162,2.4566963931400227,0.059573265007058986,-0.19810957887983457
-2.2737258411811183,-0.02402736493504154,-0.2936264950218064,-0.3409655459559978
2.2563657192825426,2.040295813428971,-0.250512485629186,0.09499418787258088
0.00036605329344396864,-0.6147695839992733,0.4225675958450884,-0.08636086992427372
1.0988864037554409,-2.4982292694311594,0.16196868739117953,0.11940983149381562
-1.639494261729015,-2.7551407139656154,-0.06745824223639355,-0.15680143668112398
1.6213157819561097,-2.819049285935561,0.03952100218011824,0.15993493756536817
1.6336630198910784,-0.7530388671191273,0.07665290696732484,0.4150778233196267
-1.1774813364326033,-1.02266537251174,0.026682756859586765,-0.39835460628649705
-0.5611975679457579,1.369338704715779,0.3576120503748771,-0.05120950262823107
-1.824069783381944,1.5256924910253131,0.0681999198611603,-0.3345246477186736
2.99432121971694,-2.8220677438018704,-0.14897239209533497,0.06973233205183432
0.9148479728608958,-1.7522342171299252,0.28338434665578455,0.1263065628634585
2.730319726636526,-1.4183546263515052,-0.23659117097559038,0.26493639780368566
-1.2353650634485323,0.29915491921176773,0.18767957528136314,-0.4040780949264124
1.7711728427694968,-2.233576722073875,0.07453590855804523,0.22708238822329813
1.670439125043301,-2.3000151518299936,0.09139818467529656,0.21019161029376393
1.2042079758457795,2.7884078281609908,0.008647648828032442,0.1672733956235331
2.9256959678465195,1.9113632375347311,-0.27438328006715357,-0.08456879421802706
-0.6688115482044674,-2.006504427100585,0.10138048537008706,-0.2534507380744403
-2.3202714866167904,-0.5870517765857999,-0.35027902379530484,-0.254433815113027
1.07887858151485,-0.9071537329448276,0.28948885646842204,0.29006092098177144
1.4407959691506642,1.8284325224971676,-0.1098894905993,0.2783751187607754
0.4716194923048982,0.06416964675878889,0.39623000593988705,0.21287683647596278
-1.8421175061922,-2.3382890645856667,-0.15648777289613744,-0.1597548163315222
0.02799750722654304,1.5016314197558476,0.30605579452208104,0.15827106624374124
-1.1800466877263736,-0.6478719402107709,0.07611972006973514,-0.42245600519171556
-0.45574124450178344,-1.4895908839662395,0.21450442729010918,-0.271640038931275
0.9124352220767369,-0.7822652288430234,0.332277370750093,0.2567692062576583
1.5407296683788747,-0.014095926582740947,0.015640873232443005,0.4497181583514219
-1.682481887754153,-0.9857342821731034,-0.16694116216793098,-0.3665150039898447
-0.594858302945589,-1.621653857519334,0.15820282784674888,-0.28791780142456735
-1.4504006254778135,-0.6377305613273676,-0.0381533113707108,-0.42819940903356696
-1.8935534158315281,-3.021125702470167,-0.065017752159009,-0.13756800280580672
1.780574416920321,1.7121544628304433,-0.2033202325645955,0.24182840612565315
2.5714105166101673,-2.06751420998856,-0.12118461482243015,0.23436179756121508
-0.8153552242514763,-2.8657318303083765,0.07698767556499056,-0.14133541653821302
1.5788320456291425,0.9657173689939009,-0.1264609173490647,0.38432026742430514
2.4943949691539764,1.7211914597305515,-0.31082553828036225,0.04901929456101789
2.174762554062685,1.9718465885890817,-0.2507845919563972,0.12030126769760571
-1.992942256764416,-0.04078300813850477,-0.18990128347348156,-0.4078757978720005
2.86696644571008,-1.851226292983534,-0.20970933348817652,0.20883677706866388
-0.774864777522688,1.4905454561524527,0.32755171369278757,-0.11146615285897231
-1.0100807157044565,1.2548342720277548,0.3050672709015161,-0.21771484642926747
-2.7493250553303237,-1.5942279954844043,-0.3312928542966108,0.025226721538693958
-0.0868734933801818,2.53468568443939,0.18354354553624228,0.06988796533973181
-2.456639905512187,-2.4858074416748517,-0.19812952943189907,-0.04374296235224043
-1.5799709024895447,3.0328196549485975,0.014898809502177767,-0.1510295374112264
-1.1501834292826338,2.263503752877215,0.1887487611583552,-0.13927613117476093
1.9404130182332393,1.1806020085130715,-0.25834565412250904,0.2828261924177612
2.3592647711801895,2.7567468515665308,-0.15386947029361775,0.0735330960950592
-1.2411407317991705,1.3968222664334489,0.24530106913034994,-0.26058815271848246
2.2537667651168283,-1.9449160482010626,-0.04642746256504332,0.27830504019715646
2.244548176951862,-0.36344370312010676,-0.23297952939807318,0.37728182075212124
1.662850962989351,-2.6923259016903573,0.04971293270205872,0.17017550502376325
-2.2198800685745703,-0.693302863035635,-0.32744117673897544,-0.2729557167435821
1.1958337152672502,1.5180365437830492,-0.02661560719560098,0.3413763133310074
2.796168663913969,-0.7134974689640368,-0.3557514931580985,0.2323528518794853
1.1469356541553282,-1.0662931432414169,0.2728972860749227,0.28553564298252104
-1.057982539662261,0.5991376746322854,0.28167401644531254,-0.327847140716531
0.003639958769592333,2.338630027871555,0.19541914683485745,0.1086245888045243
0.9156174512714488,-2.842618637315362,0.1304823504273087,0.09729763389036739
0.06641583681381658,-0.7196104819322873,0.418460541234563,-0.07124887171489394
-2.3879060925527944,-2.147336749618936,-0.24518446401452373,-0.0576468695899304
-1.1808364333331827,1.2274469578935605,0.2638824848975026,-0.27048824476924854
1.9000102961240133,-2.4773056488808662,0.028701476998497302,0.202025087894082
2.2708565569769092,1.035517687220593,-0.34124725670656225,0.20483548275844315
-2.2789111053560456,-1.3434652109965224,-0.32811579573826727,-0.1585056928043103
2.842429795834356,-1.8917614521650845,-0.19950416626468,0.21048671829636983
-1.0755392124550829,2.7416839800761794,0.12829676156146003,-0.11463529595843655
1.0198472983462459,-3.0251993051578827,0.09389770614095767,0.11954984887486703
1.582264057053374,-0.3909569310360905,0.05212666530791272,0.4393083709361827
1.960015998106745,-3.005706252315367,-0.03864425156131904,0.14777101927868294
2.8007279797056404,-0.1030879190864824,-0.4181989418884404,0.16471747935282058
-1.175461147085818,0.006580868768954584,0.17421262466004558,-0.41490723368431703
2.2525624877673733,-1.1205277394512447,-0.12532680713789365,0.36873005634601697
-2.31417943677144,-2.3111957148738274,-0.21607032065529885,-0.07142244134449105
1.2883100101716796,-0.776680006691036,0.2144154267070198,0.36154948440704926
1.5203909147469519,1.0823599731558584,-0.11363031821779489,0.37659030775714175
1.11666805786047,1.7743451956839635,-0.013711605517474829,0.30678792977357106
-1.5562524107205056,0.19321173311209705,0.035302670832324315,-0.44674271797305926
2.34389922026996,0.564446147223248,-0.3554459884348745,0.24939486847561623
-2.0806236375480047,-1.8810828181596884,-0.24872865734276542,-0.15216511979636826
-2.8045953195524684,-1.3362429255468116,-0.36426607406515643,0.0269630258048123
1.3663728338387129,-2.124372535211939,0.16983269841670368,0.19063292701222584
-0.15409062571877596,-1.5752237732926269,0.27276719855642373,-0.19416381359229726
2.1934475497698394,-1.7285873402978071,-0.0408746304491609,0.31094522069129754
-0.7326373700778812,0.12220032889589838,0.3459335451609221,-0.2866336280332117
-2.0842670987652125,0.39388506930968026,-0.16525615114482212,-0.4102421928131115
2.113928640441972,2.795687096973129,-0.12565343216840952,0.10973614734675763
0.30730827890046397,-1.9127860372058996,0.28074420358188973,-0.05916156350118053
-1.952840430662516,0.890174740470945,-0.03886365630990861,-0.4094196832293261
1.3847135018558427,1.99339877746894,-0.09032067564724444,0.25967286166971565
0.06982905006653528,0.37850828012466664,0.43444424193834175,0.08595186261650611
0.6554177973604625,-1.5393574509179053,0.3329544706295228,0.06686070015808393
-0.24568298686671008,-1.491940905931507,0.2660832107286599,-0.22088313669791151
2.0653394574632298,-2.894958447272146,-0.041115340729841424,0.15340456616344372
2.070703612973942,-1.22242997717754,-0.04461137995022178,0.37580908948194025
1.3156287687746282,1.53689024199611,-0.06805399028128686,0.33304596887558846
-2.479336267775851,-2.84302977967595,-0.15065473858859846,-0.061520171811446756
2.1290816063967055,-1.7637197566216445,-0.018820602930588765,0.3080425027756053
1.0745062466213673,1.2957970046378282,0.0352980745513663,0.36836559495347854
1.2379393449975264,1.775952146580046,-0.05075523379747121,0.3026369639298911
-0.8609042040058741,-0.28074270940031454,0.2579402118228954,-0.36392765770677926
2.3830837345592997,1.2445377732583625,-0.35038795575125353,0.13628422002976986
1.4160515272512075,-0.7040172876089188,0.15979353423816373,0.3944215356010983
-2.4341658885650634,-2.136828102030786,-0.24914965339489337,-0.04646099580397786
-0.5794476992184201,-0.6399456058256732,0.30266187339372064,-0.30510216658090145
2.427699413250693,0.5024526329475663,-0.37340495551463526,0.22791468881844296
-2.845047030937484,2.8152017973716745,-0.1369722880465855,-0.09214162765293893
2.899166125023397,-2.709617681571608,-0.1439140847499633,0.10027998789116102
1.125711616862036,0.046458461806563545,0.18738320155152888,0.40901152276512226
0.8254596124452176,-1.0749287358954014,0.3488223299184767,0.18342444063342098
-1.4416187085030125,0.052223915357095585,0.0657068400306073,-0.4450392217372024
-1.5783877420368682,-2.990950474900512,-0.023661909000652855,-0.15152350423447006
2.7775337096087114,-1.174796344154139,-0.28512811819244394,0.2567445113881375
-1.2674915516095575,2.00979084477643,0.20014016121031292,-0.18490878133973093
1.7310508323949687,0.3389259095992503,-0.11967675554757726,0.4278522907561728
-0.6715355471630553,-0.31049935505521287,0.3181598687276236,-0.3114010253738292
-2.266633522070395,-1.3475857181565738,-0.3258648181474815,-0.16197121623556837
-3.0742664525482586,-1.2689362534724087,-0.3534488322393178,0.11971058899586769
0.27807704966911917,-0.7344953548939968,0.42312104877505163,0.01624174111350407
2.9894064821739157,2.108452954369148,-0.2401333384151974,-0.09351342788777012
-0.8222415442996032,2.935587156337969,0.1267260502846027,-0.09134268373907059
-0.8972870288075101,-0.38543960657386167,0.22973514449396756,-0.3783103956035059
-0.9796012559945257,-0.670083876632475,0.15538504680436324,-0.3986160422656527
0.12908073670697418,2.1774427428230485,0.1968352324101672,0.14981821516277846
-0.37281353266826667,-0.45926741541097993,0.3803926774583824,-0.22017126226927136
2.3870740006337945,0.3268398158743717,-0.35507003492201605,0.26769538493690254
0.03468815744103271,-1.6905433797673661,0.28707607302427673,-0.1390533405020991
0.04874393492189233,1.529971555068057,0.2984558128177439,0.1646126869938521
-2.2721782827105836,0.20098853136036077,-0.26554782957989786,-0.360794434462424
3.033141990642756,1.9417213454809668,-0.2593168532935908,-0.11239117775234309
-1.5709666584895563,1.7638957645605506,0.14716592582331092,-0.2712398243593603
-2.6806326228526856,-1.790677852621998,-0.304500276363757,0.012219714923654729
1.0250781144824943,1.3548781229701135,0.04715348412237723,0.35994241912858566
0.5992045757687121,1.8852974473945263,0.128969444859883,0.2608181230198028
-0.5331555800831129,-0.9669367235973811,0.26895902726884535,-0.30210126970620255
-0.4888806128653891,-2.0570576115169192,0.1406905092472108,-0.2250489662919183
1.791109440325938,-3.125054332325914,-0.030364083876894495,0.1469364840770947
-1.9118938688863518,-0.3084814455213234,-0.19108415984597615,-0.4021672023424571
2.012210948170029,-0.927192493015776,-0.05813121856595088,0.4038912692075547
0.9346056805105469,0.345008661111482,0.22130339306087227,0.38499524065478175
-0.5091279268259306,-1.9600956234899383,0.14459872745235117,-0.23965096884524328
-0.26371397960223764,2.259845284596696,0.2277346665095969,0.05843470752422106
-1.529030692269441,-1.5220688699063485,-0.1368601960962561,-0.31329382789790017
1.5840810709310178,-1.7188934857925946,0.14465367812252863,0.2798128631837578
0.08089439168618195,-0.12117715693259035,0.44889726364373905,0.018201077166477335
-1.1256041048421515,-0.007219230728274351,0.19280510993738553,-0.406600349623638
0.6035006761021009,-1.7901723042959379,0.3032183441743893,0.031189451361624876
3.114791425391596,-1.4334413298263544,-0.31644156644787974,0.15712367898439172
-0.406759093282242,-2.07530318837816,0.15698034573074943,-0.21060234830580177
2.643282028229021,1.3726257826439534,-0.3597457247215944,0.028317035797402912
-0.9737879142462282,1.697019432806015,0.2811019150653535,-0.14883472410159637
-2.7976969136165555,-0.23669703126321373,-0.43157345854791185,-0.11719621075599182
-1.8583016517482707,1.345148435392324,0.04561187723496521,-0.36132529041510775
-0.5108534808458369,1.4824257880650142,0.3462985408471243,-0.022810554230659752
-1.7615856973009596,-2.272781889742082,-0.15097819291666,-0.177734155370988
-3.1401661303926818,2.929082916170361,-0.1533290146169439,-0.03185583596455225
2.6075315644321977,2.0171032131315494,-0.27137032607695927,0.0032871192474339117
2.16065806408774,-1.8567851746429678,-0.02374611731169657,0.29418796260046676
1.522366988922541,-1.9718832362795222,0.14962173462408748,0.23446877520572418
-2.087182451896383,-2.352040390000804,-0.1885894420427629,-0.11644451768741662
-2.3853260000276184,-2.27213450259778,-0.22645600987681372,-0.05608940436024634
-2.7168194850093585,1.559246569460357,-0.2131051446087066,-0.26100891247434166
1.4076169072773803,-0.19066792685700618,0.10071326467235783,0.43672170407766164
2.694279878195762,1.777727837058145,-0.3061947519333458,-0.015923812599982545
-0.4364563094144973,1.5472651340022718,0.33846714931377003,0.007589515651409695
-2.393009733816721,0.6573010644401958,-0.24442110073132187,-0.35214527666492945
0.07786638913848254,1.170975924204078,0.34655409990132824,0.16562915887326093
-0.9498171379702991,-3.0262602358681314,0.07381561147109443,-0.13285015167276015
-0.7864981961491875,-1.1826359240774527,0.15371553215825526,-0.3506213103995245
0.7623427950060684,0.8659622917261975,0.2083444465193416,0.3569373325764239
1.3742464356631103,-3.082876579148747,0.03797637567731575,0.1456464599869304
-2.4466497462287644,-2.9343924055676336,-0.13743761594397252,-0.07440387902201243
-2.9179726383074103,2.2109774012309797,-0.17848276032090232,-0.16396110488006055
3.1059688947285213,1.1562623071393805,-0.36507580228673603,-0.12437190205789929
-1.6793173111194337,-1.47422544547788,-0.18248172115158626,-0.2964427395895953
-2.8033654904071983,1.181005355329618,-0.2907344647873204,-0.24934519783589998
-1.94857077561842,1.8375594465225005,0.038420856598045616,-0.29546387043984235
-2.8968132858137627,-1.2139473216257106,-0.37595509688805007,0.050959578284602305
-0.6797721973382909,-2.9151631327776144,0.09846656297689879,-0.12288881209196338
1.9000464489294489,2.7192314374920157,-0.11094654810807637,0.1345352771153665
-0.9974905407155004,-0.9727637652760621,0.10438581423810003,-0.3902245307488529
-0.3507059977986686,-2.472548003036751,0.13927561127628152,-0.15001664274071377
1.1032442358140004,-0.0511647860170501,0.20957566733472677,0.3980706755943919
0.05588309038409678,1.6868329091677774,0.2738705784663558,0.16454492901007053
2.2710302237526303,-1.7489415030089344,-0.06330205263133687,0.30421119842701116
2.2998699753510587,-1.4483367301607544,-0.10102914565019401,0.3365812671022598
-3.0793219172958457,-1.616569414704648,-0.3018930762415571,0.13131043749328347
1.7470164676107895,3.0892729014881324,-0.034055309849434764,0.14650388668946768
-0.2467180660273547,-1.901268414231657,0.2090650329558654,-0.1989666991420711
3.0714757066728913,0.47450751763656474,-0.43716419710561666,-0.038000931686564085
-0.10535597449136791,2.6720165481220297,0.1724521716532816,0.05001831586853363
3.0592574501890653,-2.2186142903418364,-0.19893614697196343,0.13643350029078335
1.5995064699859771,2.958464177866164,-0.03168266661362639,0.15166119341775294
-1.5795620952943905,2.8115823844519445,0.047220245088330455,-0.1585141540322506
0.24124276972527703,2.4163370586373336,0.15854233249365401,0.14147309813975373
3.092179419111261,-1.7934942712095594,-0.2593189943248544,0.15929878322578078
2.246431061493875,0.8422927582813471,-0.33740823508666373,0.24201967619258602
-2.5298184171150773,1.6392294696785044,-0.15124595832933763,-0.28891258762418326
1.2966734981698798,3.053803537322742,0.028101340509468102,0.14851566847653003
-0.9702520771850942,-2.007956345622943,0.021525104280251534,-0.2719071998023322
-3.09772180833231,1.671490023188876,-0.2781021195284764,-0.1615923420532827
-0.6064469572727678,-1.0128421206485028,0.23923241656035685,-0.32080915028938684
-1.6665871202120133,-2.0380990255810394,-0.15553448585474106,-0.21855397634470275
2.0035147154452995,-0.4940032477706233,-0.11661507883607689,0.42206715333182965
-1.0220819284281353,1.846225485933898,0.2583551093054794,-0.14586378028900127
2.057892061603807,-0.22085519691117783,-0.17988435852792353,0.4098238148812307
-3.137835693088415,0.2357645918756215,-0.44571562157897393,-0.036712765232961124
-1.2075078928771725,3.1111783308811116,0.05759087978695799,-0.13865393522297284
-1.6263069224484472,-0.633914966651838,-0.11205873408965203,-0.41527963554535163
-1.6740456422867873,0.725084326426531,0.056459358682464725,-0.420323989047514
-2.7131634861331966,-0.8466956524675502,-0.4099550026855115,-0.06370618854365331
-1.9658561871298288,-0.6736476517062369,-0.24694591424618711,-0.3490806982045768
0.3490282413254726,1.2292471075337321,0.2807898021035483,0.2525912454712424
-1.3109170416515958,2.751325014404671,0.09659204920301194,-0.14119958011062578
-0.5190238899658692,0.26614913536090157,0.40572071176498004,-0.18633809206211133
-0.773668208229731,1.686406490019018,0.30634291801867664,-0.09095199054096463
2.3618803016557823,-2.5810913139269944,-0.06692434276020098,0.17830353154245138
2.5465687155974646,-1.8148475753046325,-0.1368366958960682,0.2683812530128461
-0.04425265220994934,0.013393494905789005,0.4496348874477578,-0.0178996020557135
-1.0671616374888742,-3.015855285714137,0.05648804439729503,-0.14149066706955848
-2.4705440394057057,-1.5528579661816773,-0.3303143527169611,-0.0707587044919992
2.8488143099664978,0.10933552855420103,-0.43471693600244654,0.11394638927587611
-2.7631755982959296,-3.0475886725280037,-0.14520480220545082,-0.042578472879515425
-1.2714008028948478,-1.4793993149054026,-0.050208316084066715,-0.34379268272092967
-1.2687874778315882,0.08815823877847251,0.146283063358571,-0.42514910025250535
-1.1284520001121523,0.459610280146999,0.24609886018042054,-0.364136843859237
-2.109347973777676,2.675076782311929,-0.02723823228151409,-0.1771310469987354
1.7791557423397215,0.9132334844710792,-0.19717551809406222,0.35864869695549473
-2.3719158871241763,-0.5357307527720021,-0.36135457607140076,-0.2435436207745449
0.8476435386318371,2.7039761930899315,0.06095899819289938,0.1651218045056677
-2.3634451182392304,1.789972575487675,-0.08766123419270427,-0.2919712302780208
-2.698404171833184,-1.8848995391493364,-0.2903257513572935,0.020105385112862834
2.5725214418849296,-2.3194858512062067,-0.10749700353525532,0.19920656595021957
-1.9469783825839206,1.104657086529949,-0.010351781662629692,-0.3909507788885002
2.018474251058705,0.3762570261007072,-0.23993573742299923,0.37233724559169057
0.28042403358698165,1.820072994060257,0.21249018817913018,0.21247269368233906
-2.6524057135158325,1.500456381934688,-0.20380845624345142,-0.2780062754146144
2.861665384625181,0.7867272698229577,-0.4194679911161415,0.010078429206364134
-1.5898898777024097,3.056029314452755,0.009942174117291543,-0.15076604741945773
2.2597183497150253,0.21105049870184756,-0.30820810237974994,0.3248242456633107
-2.0809281055393187,-2.430928226180755,-0.17636637560701232,-0.11480995792558629
2.2238887166544856,2.0626036391872837,-0.2442642142231924,0.1016622563622622
-3.0584735707118225,-1.559151307735458,-0.3131576289563681,0.12441996405254684
0.07401879162922809,1.7423407828672044,0.2627131508319972,0.16768544917330092
1.692957656150094,2.8720885893950516,-0.05857884089259313,0.14938957140251868
2.731900807138201,1.236502681859604,-0.376756939947017,0.009131708675481687
2.571092849879099,0.6033752963258809,-0.40240829542484924,0.15708539431794483
2.0082622841509545,-0.24890099895977835,-0.1552110488094776,0.4190895684263315
2.439078184566119,-0.8519379377761935,-0.23141745056312968,0.34382161236173137
-1.889858450637341,-0.923598388918963,-0.23609956351061218,-0.3332008376362116
-1.3560100622426803,0.8568549808148251,0.19563968130306092,-0.36490917380363935
-1.3259498635684401,1.5787955564324632,0.21795288063332235,-0.25352833931143226
-0.7724929343056135,1.1216558280652293,0.3558008201919054,-0.15806013343366232
-0.6702859964155503,-1.894945220974385,0.10932554093522986,-0.2681095585134874
0.2799493612268735,-0.037779661377133955,0.4339438212524618,0.1188635310316134
-2.1370384734904198,1.8324286165254149,-0.01784474609858666,-0.29816501755434777
1.2016382279472424,-0.15265577894690585,0.18301712855771077,0.4098269087852218
-2.0887410358567875,0.23011085313478263,-0.19111001985656695,-0.4044807298752453
-1.1918669581373005,1.7035980341136465,0.2417625191440766,-0.2052652714411478
0.02101807547518364,1.0132598028826392,0.3766057472222301,0.13522897897935432
1.8625909806163792,-0.5696026611329539,-0.045164189940579455,0.43156757899618126
1.5046295678071324,2.4844513372475614,-0.07944466659150083,0.1869004847588994
0.9144193298884309,-2.1201536363321694,0.23662629127363521,0.0975472666476821
-2.162840391461011,3.1134216692485372,-0.08023598114725294,-0.12687748879830724
0.29559462434298345,-2.394819878787491,0.21136214982584484,-0.042147414262749275
-2.5921500783164997,-3.04765921480488,-0.13583346692708162,-0.06667859092273817
-0.7705498856704645,2.450561029220246,0.19890865547923617,-0.05985267249964288
-0.5433916661960394,-1.602504368882726,0.17520022276909114,-0.2809833381513379
-2.891450002206563,1.4432453242378616,-0.2723204137437414,-0.22313690953478849
-1.4200746526580073,1.9541672340801286,0.17415513634326152,-0.2202398615638424
2.862930037953012,2.2555780176104223,-0.22917019301878197,-0.05527810238382043
2.850257736373065,3.0887776786192713,-0.14615399736020437,0.035559862924715864
-0.9278564829883731,-1.2940866677391252,0.08895042173114193,-0.3594093748312148
-2.870786682307844,1.3209978769296882,-0.2859157852012517,-0.23021933901150213
-2.0163059622127433,-2.4165139595890865,-0.17066656767157,-0.12654118515772686
-0.6772155766737757,-0.5855344913122975,0.2792757747690064,-0.33092681293729936
2.8134828191335775,2.186370630736069,-0.24146769665583798,-0.047168593076176296
-2.254412772185436,-0.8315290205248478,-0.3392480701502787,-0.24093141398630355
1.6557188771451443,0.5723691565333033,-0.11709241508104093,0.41766634890007087
-2.458720119043761,0.02370924616808967,-0.3468168178483636,-0.2866928674846049
3.023830539233713,0.9170405158435662,-0.40250584119107535,-0.07228093909303909
-0.7438254734099647,2.971283079248427,0.12919372592058792,-0.08432716120901013
1.7293496108388968,-2.791396012388265,0.025695939601347514,0.16523390896414955
-0.9890293957001446,0.46471392006294554,0.2947003404295091,-0.3257409900401792
0.8021672131483424,2.2809770918687304,0.058801266035193395,0.22442155644815295
-1.9351200112090439,-0.11697587200180726,-0.17633495791285694,-0.4132685972434287
-2.224115530603731,-2.6481917926675433,-0.15846199067498157,-0.09013516055130263
2.7524381653367502,0.380379969611222,-0.4275632805195151,0.1151380382605758
2.6241552401126853,-1.0551108618676066,-0.26046409601534776,0.2983961639235353
2.434539152134028,-2.1680647044863006,-0.08337797047379872,0.23437872395520196
0.7881216111155829,2.193048525561296,0.06347953576322093,0.2366692743285357
1.9369062953846523,0.13571374266805014,-0.1795495563708413,0.4116241103776375
-2.7078207859355583,2.722355988207635,-0.12223191692708812,-0.12390869465217305
-1.0380510645775467,1.9227584054764577,0.24739741461898182,-0.14236535741831574
-1.1705377892993043,1.2124775393387957,0.26676503606630664,-0.2699989667657778
0.8522846938803044,-3.1100164846836837,0.10235389087526325,0.10985692852434553
-0.9050440013427052,-0.4534985967735583,0.21689483040486046,-0.38256949283820196
-2.2084970251496907,-1.9007497503442143,-0.26368983956842124,-0.11750643250896671
0.606120510864963,2.5811193989223122,0.09671553146692571,0.16406029163535277
1.975332431161485,-2.0446491262024202,0.03156207882909967,0.26539634462645817
-0.7406399276707698,-1.344224340033137,0.14765255297329286,-0.3330408143676195
-2.31052380628349,0.10578853164980062,-0.2910744352603073,-0.3424507818952305
-1.905764262138224,-1.486830232255419,-0.24392127767316363,-0.24607007566524713
-1.6494410398490738,-1.8229739968136334,-0.1654354310165891,-0.2503495902532224
-1.2572805036279995,0.6226594234370273,0.21331595497483175,-0.37430740831775355
0.8972078889429147,-2.5828319828409345,0.1699520647322789,0.08546429642662823
0.6342591852735202,-2.776113846642912,0.16057485915742908,0.051574873923673964
1.2320061052318279,-0.8027064842099412,0.2360925213730382,0.34538233826983605
-0.863925510557948,1.3864756583805988,0.3248196451893982,-0.15325562219175032
2.0357372858529663,0.3443610183210133,-0.24308186544759097,0.37165498687128345
-1.8592720596392742,-0.48458144016733673,-0.19009639602263267,-0.3949704557461883
-0.19452272031519824,0.41312926225997115,0.4407721009306614,-0.025459052713205275
1.890853753550524,-0.8453932547293785,-0.019160785023717222,0.41453854131644974
-2.009622485194857,2.740388246567271,-0.01576361287947893,-0.17145929779167302
-2.451302351532706,-2.7966150497269178,-0.15477402551511124,-0.06202845013039349
2.410757468377544,1.089450793430398,-0.36384269669293523,0.14760079106059643
-0.986902035145163,2.4585014905997973,0.18023830098990776,-0.10103404075825492
1.1552900672577051,1.909363937001892,-0.028460302763202425,0.28600304004872307
-2.982322675721105,-1.9852287276815523,-0.25834261142092796,0.09756410693166526
1.1940998169294526,-1.2822325656695466,0.2597730083526382,0.2657626645155154
-1.155469537297671,1.3637524194380957,0.26780480121218564,-0.2434783241698409
-2.791362541319531,-2.6121051143173992,-0.1861828245355226,0.012649654561734863
0.6899739298999443,1.959484850260143,0.09917979362480567,0.26183126294969067
-1.6285776545260555,1.375432897980394,0.12789468675655516,-0.3370667957288517
-0.7112110736187631,1.442661124906241,0.33890256402022656,-0.09563309625639446
-2.6352884777905747,-2.5117575487529145,-0.1991979238068598,-0.009432345984585283
-2.2169386765532524,1.3682298556727632,-0.08149037428447463,-0.35208788344215936
-1.2693464656483162,1.1298306023466944,0.23761401596403814,-0.30733166133245887
-2.577617078490436,2.0792473321471228,-0.12178654804474362,-0.2320642282822737
2.581297550080527,-2.8802375524010593,-0.11078211529957396,0.11525475286825664
-3.1035979607043394,-2.9963840410338625,-0.15229371259403732,0.015931364591864963
-0.10140923569285265,-0.7979199241591517,0.3917790438747496,-0.14780711360204668
-2.3672060355041147,-2.2067282946283298,-0.23515693563438025,-0.06121875073981162
-1.2083879192555538,0.3668404916365744,0.20630463099376617,-0.3923649688490012
2.6770111662335276,2.622280485914745,-0.18513504803673037,0.009515617478160918
-2.125635812207712,-0.6818529638964788,-0.29974774377680247,-0.30418391301797026
2.926910786863611,2.167387142185281,-0.23720938046179263,-0.07528224872761007
-1.8485484477896819,-3.1400791943582607,-0.04134755760593163,-0.14418905143995
1.517804623431334,-2.0827839217624406,0.1425800243354078,0.2192691307408015
0.2932819049821185,-2.9504359162428466,0.154449596677078,0.01687191340610182
2.4157510921590593,-1.0797831103851063,-0.18948091955698423,0.3450126791519811
0.33924962966406547,2.5647308702238423,0.13711597130563147,0.13514125673234867
0.2171419780305177,-2.532424495092774,0.19131604650127026,-0.045683543303229726
-1.9134938175043608,0.6685923457769065,-0.05278518411916055,-0.42466018929136135
-2.097142768324975,-0.3047600026632522,-0.26151494217075494,-0.3605033211230513
2.616878514888697,2.7549770296021716,-0.16773585191741192,0.03174180982873215
-1.0817244994430397,-2.3717821773524834,-0.001820171973648338,-0.21879866040312126
-0.8037308961446765,-1.8093823786013183,0.07867142605857694,-0.2916182429636839
1.6325201930948978,-2.955974990464898,0.018218685189798012,0.15399369908099436
-1.012701927103389,-0.4150970688386395,0.1802477847032462,-0.40294873398489944
2.8403921226498374,-1.3959170611940557,-0.2675964687975902,0.23780488225280783
1.4949442623432807,2.3241875288582072,-0.09413385564554547,0.2051057399745459
0.6121659854269486,0.659362575607612,0.2897446716797689,0.31572533162339994
2.393234876310599,0.7168532485342047,-0.36976775132271394,0.208855771213907
-2.829909539099026,0.200500821786461,-0.41629707365640256,-0.16551064194049672
-1.5264201230025283,-2.5644799642517873,-0.07402845193532001,-0.17775279300866537
-0.21968319110831613,-0.3454577985862417,0.4194669268195537,-0.14570636509024001
-1.7154444293372504,3.1384836688365034,-0.021160260162403934,-0.148501442248511
1.532501489201766,2.1063077547799125,-0.1203513962260824,0.22823290076110106
2.6339617413684495,2.4721761481195994,-0.20462160733940546,0.007310890364954137
-0.47896646241808405,2.0308911113107557,0.2690720981890945,0.01171463433145764
-0.9919101274595858,-2.4941625993973395,0.0229399088867229,-0.20046565492196733
2.900008778684737,-1.7124931255061946,-0.23519331260552406,0.21088865732691847
-0.3465023837846948,-3.1219787396530627,0.14011298206281078,-0.05371837167464987
-0.06881092938717837,-1.2345822963754018,0.33892419726953127,-0.16529603993795625
-0.9321113424195562,-2.459192218915369,0.03349446148873897,-0.2037955390662739
2.573268948207703,-0.17094445305860217,-0.3636855871811744,0.26252809851300335
0.4332600794059922,1.1129248337051605,0.27597190633348356,0.2759041378950299
1.647291514095583,2.353086167244202,-0.12092984371624257,0.18556530431853094
1.9591393914221724,1.5658776299960806,-0.2527049675752436,0.2215465646081598
-0.993691776141858,2.7557145713361093,0.13517043984992272,-0.1041479950168053
-0.4166108032305056,-2.8029397073054407,0.12479527843564656,-0.1097172061392143
2.189512732916241,-3.0650644906567144,-0.07791100844587896,0.12920252069210925
-0.8591919651859885,1.0137172663437592,0.3441275910091581,-0.2041078759099513
1.846848911768543,-1.3235378410843752,0.04815743686694608,0.3636042744227951
2.770836481778704,-1.5487987938389036,-0.22835637429020547,0.2496657457975766
0.7741536057530167,-1.0625677658567017,0.35830832584866157,0.1670685061592615
1.5181890223313665,-1.4464140267055177,0.16538870482924115,0.31034197419217985
1.9169829482768446,0.07185706004106907,-0.1626899489415842,0.41928477888749927
2.167948052341788,-0.3760583970132143,-0.201581291499389,0.3944308969038253
-0.6593993256157198,0.07809089139933345,0.3624698438889294,-0.2661603525470946
-2.819494840099961,1.0851916261294638,-0.30898892554807683,-0.24296653119812567
-0.616529570850993,-0.7091799276613191,0.28116308174007115,-0.3189795870046721
1.0917425900103126,-1.5625798861569093,0.27196020784335584,0.19818455208940922
-0.31195772656925724,-2.0973238826677236,0.17397566989269794,-0.19236523537342853
1.5642816115151907,-0.9457820005028781,0.12416679860978276,0.3869656397029809
-0.8986058978310112,1.5193148924476327,0.3088303656822379,-0.14749606078447475
0.8466224076133715,1.6129245194932418,0.08231235553047442,0.3192714522341161
-1.9702824747640144,1.0486974733033572,-0.025999745587298978,-0.3958624196550677
1.5668343803872444,-1.6711502610355902,0.15037318540792832,0.2843786265378575
0.28711623984334045,0.5534622057188452,0.38777414908157964,0.19671067127026642
-1.8594182857552062,0.44415624298914835,-0.06215324298564043,-0.43578044187228215
-1.3074606572668195,-0.09885839286304732,0.10265130468919036,-0.43763373214718654
1.5620545849982603,0.31402723291482415,-0.04246233253236037,0.443052714764968
-0.10931966045461339,-0.05158097648020821,0.4462716756025005,-0.056761705638021215
-1.7842270814231993,0.4112744775782051,-0.03406087884176851,-0.4402668984656164
2.93595147780297,1.354063847685187,-0.3551680773360334,-0.07555931248746056
1.3516703637201877,-2.452778393261473,0.1331042246926679,0.1590699335703529
2.872262863214048,1.5684448581963988,-0.32943754487517846,-0.06467252898601016
-0.45801250795941373,-2.287794791658894,0.13067581078768625,-0.19047984259390485
-0.15644917351955945,-2.722956592930942,0.1514622117168279,-0.085622519241376
2.5004263672491884,2.991296889513393,-0.13499871477382752,0.07273191697019392
0.15738964658434318,2.871363967668767,0.14724587471983294,0.06391215665515243
1.3023718137738598,-2.7618586424025424,0.0962257778397018,0.14018525589884856
-1.5571437348406816,-0.35654914275752425,-0.0463368135692545,-0.4412397539019631
-0.33472746910914086,-1.9713811937280799,0.18272713878326102,-0.20979672330791083
-2.3659342705568784,-0.09208072700022996,-0.33048578072951185,-0.3047915181531814
-1.8473819185953435,2.0745648019800713,0.06422393293616402,-0.25481297400550323
-3.1356650006416444,2.8312772823066457,-0.15689013378977226,-0.046734649864025216
-2.8948830579852833,0.8435342996165724,-0.3602567366271372,-0.2062753065149679
2.998862705139782,-0.9179377652369158,-0.3701928317825528,0.17357600614424615
-1.6188394771658075,0.6492136759141602,0.07043382319156191,-0.4233549631264977
1.0261114504606184,-1.1812306312283374,0.30364354686946604,0.23341250671348804
2.1306262451667424,2.574997878610845,-0.16032734706447802,0.10420706536481328
0.3183090531301511,2.327294747559109,0.15300501134008257,0.16527353827408925
-2.1793573807869167,0.36588087776851674,-0.20755200043127525,-0.39174605859577216
1.4332978473967533,-1.1008208806840458,0.18290521023285652,0.3461263923905564
0.6298981869617353,-1.2981709546886382,0.3601602085004473,0.08377406324666267
1.4529903052640476,-2.9316212002635584,0.04906536671911628,0.14855730182021662
1.6948680173969635,1.9843609308630876,-0.16596431653815313,0.2208778149224167
2.987091437117635,-0.311751466822765,-0.4304153929414112,0.11359750156840454
0.4622117202117617,-1.0987222149849791,0.3891467433422551,0.04461971701319996
-0.9949982340037185,-0.18151899300774677,0.22097271628998374,-0.39011846129438
0.9328303225524976,2.002689858464617,0.03184250913729558,0.2716851960580086
-2.7115669948635746,-2.3586184946560707,-0.2201548449558484,0.015432380047727512
2.49692099159076,2.2472188503458446,-0.23502730698935043,0.0303564118267389
-2.3914996371933954,2.4976216722268827,-0.07033148772171582,-0.18862360112341323
-1.081695351521561,2.8067486083417537,0.11790285345388901,-0.11660778590584664
1.9838867363598691,-0.6441019398196275,-0.08608816472296091,0.42078066736155684
0.6114317057342298,-1.7772592573452544,0.30474660934089653,0.0343449052199532
